<?xml version="1.0" encoding="UTF-8"?>
<gpx xmlns="http://www.topografix.com/GPX/1/1" xmlns:gpxtpx="http://www.garmin.com/xmlschemas/TrackPointExtension/v1" xmlns:xsi="http://www.w3.org/2001/XMLSchema-instance" xsi:schemaLocation="http://www.topografix.com/GPX/1/1 http://www.topografix.com/GPX/1/1/gpx.xsd" version="1.1" creator="gpx.py -- https://github.com/tkrajina/gpxpy">
  <trk>
    <name>gpx from keep</name>
    <type>Run</type>
    <trkseg>
      <trkpt lat="31.115381754306924" lon="121.26507944353251">
        <ele>0.0</ele>
        <time>2025-07-05T11:46:03Z</time>
      </trkpt>
      <trkpt lat="31.115365768245205" lon="121.26507245154646">
        <ele>0.0</ele>
        <time>2025-07-05T11:46:04Z</time>
      </trkpt>
      <trkpt lat="31.11534878346728" lon="121.26506446059432">
        <ele>0.0</ele>
        <time>2025-07-05T11:46:05Z</time>
      </trkpt>
      <trkpt lat="31.11533379169764" lon="121.26506446186065">
        <ele>0.0</ele>
        <time>2025-07-05T11:46:06Z</time>
      </trkpt>
      <trkpt lat="31.115287805884197" lon="121.26507945146818">
        <ele>0.0</ele>
        <time>2025-07-05T11:46:09Z</time>
      </trkpt>
      <trkpt lat="31.115247821934766" lon="121.26508744722754">
        <ele>0.0</ele>
        <time>2025-07-05T11:46:11Z</time>
      </trkpt>
      <trkpt lat="31.11522682829528" lon="121.26509444233298">
        <ele>0.0</ele>
        <time>2025-07-05T11:46:12Z</time>
      </trkpt>
      <trkpt lat="31.115205833916328" lon="121.26510243648355">
        <ele>0.0</ele>
        <time>2025-07-05T11:46:13Z</time>
      </trkpt>
      <trkpt lat="31.115173845571963" lon="121.26511043156015">
        <ele>0.0</ele>
        <time>2025-07-05T11:46:14Z</time>
      </trkpt>
      <trkpt lat="31.115136860708486" lon="121.26511742800987">
        <ele>0.0</ele>
        <time>2025-07-05T11:46:15Z</time>
      </trkpt>
      <trkpt lat="31.115100880465814" lon="121.26511743104906">
        <ele>0.0</ele>
        <time>2025-07-05T11:46:16Z</time>
      </trkpt>
      <trkpt lat="31.115077876093377" lon="121.26514041104846">
        <ele>0.0</ele>
        <time>2025-07-05T11:46:17Z</time>
      </trkpt>
      <trkpt lat="31.115031889506533" lon="121.26515639965515">
        <ele>0.0</ele>
        <time>2025-07-05T11:46:19Z</time>
      </trkpt>
      <trkpt lat="31.11501689773954" lon="121.26515640092148">
        <ele>0.0</ele>
        <time>2025-07-05T11:46:20Z</time>
      </trkpt>
      <trkpt lat="31.115007902679405" lon="121.26515640168127">
        <ele>0.0</ele>
        <time>2025-07-05T11:46:21Z</time>
      </trkpt>
      <trkpt lat="31.114997908168196" lon="121.26515640252549">
        <ele>0.0</ele>
        <time>2025-07-05T11:46:22Z</time>
      </trkpt>
      <trkpt lat="31.114984910123525" lon="121.26516339693617">
        <ele>0.0</ele>
        <time>2025-07-05T11:46:23Z</time>
      </trkpt>
      <trkpt lat="31.114976914514653" lon="121.26516339761156">
        <ele>0.0</ele>
        <time>2025-07-05T11:46:24Z</time>
      </trkpt>
      <trkpt lat="31.114968912983503" lon="121.26517139064248">
        <ele>0.0</ele>
        <time>2025-07-05T11:46:25Z</time>
      </trkpt>
      <trkpt lat="31.114963915727998" lon="121.26517139106458">
        <ele>0.0</ele>
        <time>2025-07-05T11:46:26Z</time>
      </trkpt>
      <trkpt lat="31.114951917130977" lon="121.26517838538663">
        <ele>0.0</ele>
        <time>2025-07-05T11:46:28Z</time>
      </trkpt>
      <trkpt lat="31.11494491504681" lon="121.26518637832832">
        <ele>0.0</ele>
        <time>2025-07-05T11:46:29Z</time>
      </trkpt>
      <trkpt lat="31.114938918340286" lon="121.26518637883485">
        <ele>0.0</ele>
        <time>2025-07-05T11:46:30Z</time>
      </trkpt>
      <trkpt lat="31.114909923140736" lon="121.26520136693378">
        <ele>0.0</ele>
        <time>2025-07-05T11:46:33Z</time>
      </trkpt>
      <trkpt lat="31.114900922148134" lon="121.26520936003693">
        <ele>0.0</ele>
        <time>2025-07-05T11:46:34Z</time>
      </trkpt>
      <trkpt lat="31.11489092763752" lon="121.26520936088114">
        <ele>0.0</ele>
        <time>2025-07-05T11:46:35Z</time>
      </trkpt>
      <trkpt lat="31.114879933675915" lon="121.2652093618098">
        <ele>0.0</ele>
        <time>2025-07-05T11:46:36Z</time>
      </trkpt>
      <trkpt lat="31.11486793432808" lon="121.26521735516363">
        <ele>0.0</ele>
        <time>2025-07-05T11:46:37Z</time>
      </trkpt>
      <trkpt lat="31.114856940366607" lon="121.26521735609226">
        <ele>0.0</ele>
        <time>2025-07-05T11:46:38Z</time>
      </trkpt>
      <trkpt lat="31.11484494175899" lon="121.26522435040141">
        <ele>0.0</ele>
        <time>2025-07-05T11:46:39Z</time>
      </trkpt>
      <trkpt lat="31.11483594669971" lon="121.26522435116121">
        <ele>0.0</ele>
        <time>2025-07-05T11:46:40Z</time>
      </trkpt>
      <trkpt lat="31.114823953287416" lon="121.26522435217427">
        <ele>0.0</ele>
        <time>2025-07-05T11:46:41Z</time>
      </trkpt>
      <trkpt lat="31.114812953386753" lon="121.26523234543889">
        <ele>0.0</ele>
        <time>2025-07-05T11:46:42Z</time>
      </trkpt>
      <trkpt lat="31.11480195942562" lon="121.26523234636754">
        <ele>0.0</ele>
        <time>2025-07-05T11:46:43Z</time>
      </trkpt>
      <trkpt lat="31.11478996601355" lon="121.2652323473806">
        <ele>0.0</ele>
        <time>2025-07-05T11:46:44Z</time>
      </trkpt>
      <trkpt lat="31.11478096501284" lon="121.2652403404738">
        <ele>0.0</ele>
        <time>2025-07-05T11:46:45Z</time>
      </trkpt>
      <trkpt lat="31.114768971600913" lon="121.26524034148686">
        <ele>0.0</ele>
        <time>2025-07-05T11:46:46Z</time>
      </trkpt>
      <trkpt lat="31.11475797243921" lon="121.26524733570513">
        <ele>0.0</ele>
        <time>2025-07-05T11:46:47Z</time>
      </trkpt>
      <trkpt lat="31.11474797792939" lon="121.26524733654934">
        <ele>0.0</ele>
        <time>2025-07-05T11:46:48Z</time>
      </trkpt>
      <trkpt lat="31.11473698396865" lon="121.26524733747799">
        <ele>0.0</ele>
        <time>2025-07-05T11:46:49Z</time>
      </trkpt>
      <trkpt lat="31.114724984611094" lon="121.26525533081966">
        <ele>0.0</ele>
        <time>2025-07-05T11:46:50Z</time>
      </trkpt>
      <trkpt lat="31.11471598955242" lon="121.26525533157945">
        <ele>0.0</ele>
        <time>2025-07-05T11:46:51Z</time>
      </trkpt>
      <trkpt lat="31.11470598983831" lon="121.26526232570909">
        <ele>0.0</ele>
        <time>2025-07-05T11:46:52Z</time>
      </trkpt>
      <trkpt lat="31.114694995877826" lon="121.26526232663772">
        <ele>0.0</ele>
        <time>2025-07-05T11:46:53Z</time>
      </trkpt>
      <trkpt lat="31.11468299651634" lon="121.26527031997458">
        <ele>0.0</ele>
        <time>2025-07-05T11:46:54Z</time>
      </trkpt>
      <trkpt lat="31.11467399550549" lon="121.26527831305559">
        <ele>0.0</ele>
        <time>2025-07-05T11:46:55Z</time>
      </trkpt>
      <trkpt lat="31.11466400099614" lon="121.26527831389981">
        <ele>0.0</ele>
        <time>2025-07-05T11:46:56Z</time>
      </trkpt>
      <trkpt lat="31.114653007035912" lon="121.26527831482846">
        <ele>0.0</ele>
        <time>2025-07-05T11:46:57Z</time>
      </trkpt>
      <trkpt lat="31.114643007316502" lon="121.26528530895163">
        <ele>0.0</ele>
        <time>2025-07-05T11:46:58Z</time>
      </trkpt>
      <trkpt lat="31.114630014454576" lon="121.26528531004912">
        <ele>0.0</ele>
        <time>2025-07-05T11:46:59Z</time>
      </trkpt>
      <trkpt lat="31.11461802104365" lon="121.26528531106219">
        <ele>0.0</ele>
        <time>2025-07-05T11:47:00Z</time>
      </trkpt>
      <trkpt lat="31.114611024887314" lon="121.26528531165314">
        <ele>0.0</ele>
        <time>2025-07-05T11:47:01Z</time>
      </trkpt>
      <trkpt lat="31.11460103037831" lon="121.26528531249737">
        <ele>0.0</ele>
        <time>2025-07-05T11:47:02Z</time>
      </trkpt>
      <trkpt lat="31.114588031560096" lon="121.26529330591127">
        <ele>0.0</ele>
        <time>2025-07-05T11:47:03Z</time>
      </trkpt>
      <trkpt lat="31.114573039796802" lon="121.2652933071776">
        <ele>0.0</ele>
        <time>2025-07-05T11:47:04Z</time>
      </trkpt>
      <trkpt lat="31.11455904748451" lon="121.26529330835952">
        <ele>0.0</ele>
        <time>2025-07-05T11:47:05Z</time>
      </trkpt>
      <trkpt lat="31.114548059481518" lon="121.26528531697173">
        <ele>0.0</ele>
        <time>2025-07-05T11:47:06Z</time>
      </trkpt>
      <trkpt lat="31.114534067169416" lon="121.26528531815363">
        <ele>0.0</ele>
        <time>2025-07-05T11:47:07Z</time>
      </trkpt>
      <trkpt lat="31.114523073209984" lon="121.26528531908228">
        <ele>0.0</ele>
        <time>2025-07-05T11:47:08Z</time>
      </trkpt>
      <trkpt lat="31.114512079250616" lon="121.26528532001092">
        <ele>0.0</ele>
        <time>2025-07-05T11:47:09Z</time>
      </trkpt>
      <trkpt lat="31.114500091050655" lon="121.26527832774501">
        <ele>0.0</ele>
        <time>2025-07-05T11:47:10Z</time>
      </trkpt>
      <trkpt lat="31.1144910959931" lon="121.26527832850479">
        <ele>0.0</ele>
        <time>2025-07-05T11:47:11Z</time>
      </trkpt>
      <trkpt lat="31.11448110148476" lon="121.26527832934902">
        <ele>0.0</ele>
        <time>2025-07-05T11:47:12Z</time>
      </trkpt>
      <trkpt lat="31.114468108624003" lon="121.26527833044649">
        <ele>0.0</ele>
        <time>2025-07-05T11:47:13Z</time>
      </trkpt>
      <trkpt lat="31.11445611000398" lon="121.26528532473853">
        <ele>0.0</ele>
        <time>2025-07-05T11:47:14Z</time>
      </trkpt>
      <trkpt lat="31.114445116045022" lon="121.26528532566716">
        <ele>0.0</ele>
        <time>2025-07-05T11:47:15Z</time>
      </trkpt>
      <trkpt lat="31.11443312263533" lon="121.26528532668023">
        <ele>0.0</ele>
        <time>2025-07-05T11:47:16Z</time>
      </trkpt>
      <trkpt lat="31.114420129774917" lon="121.2652853277777">
        <ele>0.0</ele>
        <time>2025-07-05T11:47:17Z</time>
      </trkpt>
      <trkpt lat="31.114410129310382" lon="121.26529332093835">
        <ele>0.0</ele>
        <time>2025-07-05T11:47:18Z</time>
      </trkpt>
      <trkpt lat="31.1143911337866" lon="121.26530131485622">
        <ele>0.0</ele>
        <time>2025-07-05T11:47:19Z</time>
      </trkpt>
      <trkpt lat="31.11437614202494" lon="121.26530131612255">
        <ele>0.0</ele>
        <time>2025-07-05T11:47:20Z</time>
      </trkpt>
      <trkpt lat="31.114361145047585" lon="121.26530831066138">
        <ele>0.0</ele>
        <time>2025-07-05T11:47:21Z</time>
      </trkpt>
      <trkpt lat="31.11434514787237" lon="121.26531630432119">
        <ele>0.0</ele>
        <time>2025-07-05T11:47:22Z</time>
      </trkpt>
      <trkpt lat="31.114334153914093" lon="121.26531630524983">
        <ele>0.0</ele>
        <time>2025-07-05T11:47:23Z</time>
      </trkpt>
      <trkpt lat="31.114317152064658" lon="121.26533129225756">
        <ele>0.0</ele>
        <time>2025-07-05T11:47:24Z</time>
      </trkpt>
      <trkpt lat="31.114302154334112" lon="121.26533928582558">
        <ele>0.0</ele>
        <time>2025-07-05T11:47:25Z</time>
      </trkpt>
      <trkpt lat="31.11428615789731" lon="121.26534628043818">
        <ele>0.0</ele>
        <time>2025-07-05T11:47:26Z</time>
      </trkpt>
      <trkpt lat="31.114279161742264" lon="121.26534628102914">
        <ele>0.0</ele>
        <time>2025-07-05T11:47:27Z</time>
      </trkpt>
      <trkpt lat="31.114271160162815" lon="121.26535427400138">
        <ele>0.0</ele>
        <time>2025-07-05T11:47:28Z</time>
      </trkpt>
      <trkpt lat="31.11425416352478" lon="121.26536226773086">
        <ele>0.0</ele>
        <time>2025-07-05T11:47:30Z</time>
      </trkpt>
      <trkpt lat="31.114244169017756" lon="121.26536226857509">
        <ele>0.0</ele>
        <time>2025-07-05T11:47:31Z</time>
      </trkpt>
      <trkpt lat="31.114227178355936" lon="121.26536227001026">
        <ele>0.0</ele>
        <time>2025-07-05T11:47:32Z</time>
      </trkpt>
      <trkpt lat="31.114200187956687" lon="121.26536926554506">
        <ele>0.0</ele>
        <time>2025-07-05T11:47:33Z</time>
      </trkpt>
      <trkpt lat="31.11416818833632" lon="121.26539224607198">
        <ele>0.0</ele>
        <time>2025-07-05T11:47:34Z</time>
      </trkpt>
      <trkpt lat="31.114136194688793" lon="121.2654072343004">
        <ele>0.0</ele>
        <time>2025-07-05T11:47:35Z</time>
      </trkpt>
      <trkpt lat="31.114099203031586" lon="121.2654232219761">
        <ele>0.0</ele>
        <time>2025-07-05T11:47:36Z</time>
      </trkpt>
      <trkpt lat="31.114063222809634" lon="121.2654232250153">
        <ele>0.0</ele>
        <time>2025-07-05T11:47:37Z</time>
      </trkpt>
      <trkpt lat="31.11403623239786" lon="121.26543022053302">
        <ele>0.0</ele>
        <time>2025-07-05T11:47:38Z</time>
      </trkpt>
      <trkpt lat="31.114012239586703" lon="121.2654382148291">
        <ele>0.0</ele>
        <time>2025-07-05T11:47:39Z</time>
      </trkpt>
      <trkpt lat="31.1139812453683" lon="121.26545320294548">
        <ele>0.0</ele>
        <time>2025-07-05T11:47:40Z</time>
      </trkpt>
      <trkpt lat="31.11395825200196" lon="121.26546119714979">
        <ele>0.0</ele>
        <time>2025-07-05T11:47:41Z</time>
      </trkpt>
      <trkpt lat="31.113930256123968" lon="121.26547618499909">
        <ele>0.0</ele>
        <time>2025-07-05T11:47:42Z</time>
      </trkpt>
      <trkpt lat="31.11389926714774" lon="121.26548417987141">
        <ele>0.0</ele>
        <time>2025-07-05T11:47:43Z</time>
      </trkpt>
      <trkpt lat="31.11386927837197" lon="121.26549117562533">
        <ele>0.0</ele>
        <time>2025-07-05T11:47:44Z</time>
      </trkpt>
      <trkpt lat="31.11384028829353" lon="121.265499170324">
        <ele>0.0</ele>
        <time>2025-07-05T11:47:45Z</time>
      </trkpt>
      <trkpt lat="31.11381329184785" lon="121.26551415806608">
        <ele>0.0</ele>
        <time>2025-07-05T11:47:46Z</time>
      </trkpt>
      <trkpt lat="31.113786294641685" lon="121.26553014482909">
        <ele>0.0</ele>
        <time>2025-07-05T11:47:47Z</time>
      </trkpt>
      <trkpt lat="31.113765300910394" lon="121.26553713981032">
        <ele>0.0</ele>
        <time>2025-07-05T11:47:48Z</time>
      </trkpt>
      <trkpt lat="31.113754300928367" lon="121.26554513297468">
        <ele>0.0</ele>
        <time>2025-07-05T11:47:49Z</time>
      </trkpt>
      <trkpt lat="31.113735306094608" lon="121.26555212778287">
        <ele>0.0</ele>
        <time>2025-07-05T11:47:50Z</time>
      </trkpt>
      <trkpt lat="31.113712312703647" lon="121.2655601219555">
        <ele>0.0</ele>
        <time>2025-07-05T11:47:51Z</time>
      </trkpt>
      <trkpt lat="31.11368732644367" lon="121.26556012406606">
        <ele>0.0</ele>
        <time>2025-07-05T11:47:52Z</time>
      </trkpt>
      <trkpt lat="31.113664333051076" lon="121.26556811823613">
        <ele>0.0</ele>
        <time>2025-07-05T11:47:53Z</time>
      </trkpt>
      <trkpt lat="31.113641345692493" lon="121.26556812017785">
        <ele>0.0</ele>
        <time>2025-07-05T11:47:54Z</time>
      </trkpt>
      <trkpt lat="31.11361735888385" lon="121.26556812220397">
        <ele>0.0</ele>
        <time>2025-07-05T11:47:55Z</time>
      </trkpt>
      <trkpt lat="31.113592367343838" lon="121.26557511751227">
        <ele>0.0</ele>
        <time>2025-07-05T11:47:56Z</time>
      </trkpt>
      <trkpt lat="31.113569367908088" lon="121.26559110389856">
        <ele>0.0</ele>
        <time>2025-07-05T11:47:57Z</time>
      </trkpt>
      <trkpt lat="31.1135443763631" lon="121.26559809920042">
        <ele>0.0</ele>
        <time>2025-07-05T11:47:58Z</time>
      </trkpt>
      <trkpt lat="31.113521376915074" lon="121.26561408557201">
        <ele>0.0</ele>
        <time>2025-07-05T11:47:59Z</time>
      </trkpt>
      <trkpt lat="31.113498384265686" lon="121.26562108069858">
        <ele>0.0</ele>
        <time>2025-07-05T11:48:00Z</time>
      </trkpt>
      <trkpt lat="31.113474397458933" lon="121.2656210827247">
        <ele>0.0</ele>
        <time>2025-07-05T11:48:01Z</time>
      </trkpt>
      <trkpt lat="31.113451398755664" lon="121.26563607005595">
        <ele>0.0</ele>
        <time>2025-07-05T11:48:02Z</time>
      </trkpt>
      <trkpt lat="31.113426412499283" lon="121.2656360721665">
        <ele>0.0</ele>
        <time>2025-07-05T11:48:03Z</time>
      </trkpt>
      <trkpt lat="31.11340341303147" lon="121.26565205851381">
        <ele>0.0</ele>
        <time>2025-07-05T11:48:04Z</time>
      </trkpt>
      <trkpt lat="31.113378421473826" lon="121.2656590537986">
        <ele>0.0</ele>
        <time>2025-07-05T11:48:05Z</time>
      </trkpt>
      <trkpt lat="31.11335343521845" lon="121.26565905590917">
        <ele>0.0</ele>
        <time>2025-07-05T11:48:06Z</time>
      </trkpt>
      <trkpt lat="31.1133274373881" lon="121.26567504249502">
        <ele>0.0</ele>
        <time>2025-07-05T11:48:07Z</time>
      </trkpt>
      <trkpt lat="31.11330244582587" lon="121.26568203777339">
        <ele>0.0</ele>
        <time>2025-07-05T11:48:08Z</time>
      </trkpt>
      <trkpt lat="31.113277453503656" lon="121.26569003207332">
        <ele>0.0</ele>
        <time>2025-07-05T11:48:09Z</time>
      </trkpt>
      <trkpt lat="31.113252467249673" lon="121.26569003418388">
        <ele>0.0</ele>
        <time>2025-07-05T11:48:10Z</time>
      </trkpt>
      <trkpt lat="31.113225476025633" lon="121.26569802865009">
        <ele>0.0</ele>
        <time>2025-07-05T11:48:11Z</time>
      </trkpt>
      <trkpt lat="31.113201489222487" lon="121.26569803067623">
        <ele>0.0</ele>
        <time>2025-07-05T11:48:12Z</time>
      </trkpt>
      <trkpt lat="31.113174510139444" lon="121.26569004076882">
        <ele>0.0</ele>
        <time>2025-07-05T11:48:13Z</time>
      </trkpt>
      <trkpt lat="31.113147524986683" lon="121.26569004304821">
        <ele>0.0</ele>
        <time>2025-07-05T11:48:14Z</time>
      </trkpt>
      <trkpt lat="31.113121533214287" lon="121.26569803743001">
        <ele>0.0</ele>
        <time>2025-07-05T11:48:15Z</time>
      </trkpt>
      <trkpt lat="31.113096541649252" lon="121.26570503270194">
        <ele>0.0</ele>
        <time>2025-07-05T11:48:16Z</time>
      </trkpt>
      <trkpt lat="31.11307355429786" lon="121.26570503464366">
        <ele>0.0</ele>
        <time>2025-07-05T11:48:17Z</time>
      </trkpt>
      <trkpt lat="31.11304656307228" lon="121.26571302910509">
        <ele>0.0</ele>
        <time>2025-07-05T11:48:18Z</time>
      </trkpt>
      <trkpt lat="31.113021576821467" lon="121.26571303121563">
        <ele>0.0</ele>
        <time>2025-07-05T11:48:19Z</time>
      </trkpt>
      <trkpt lat="31.11299758470415" lon="121.26572002639895">
        <ele>0.0</ele>
        <time>2025-07-05T11:48:20Z</time>
      </trkpt>
      <trkpt lat="31.1129725923755" lon="121.26572802068675">
        <ele>0.0</ele>
        <time>2025-07-05T11:48:21Z</time>
      </trkpt>
      <trkpt lat="31.112949605025673" lon="121.26572802262845">
        <ele>0.0</ele>
        <time>2025-07-05T11:48:22Z</time>
      </trkpt>
      <trkpt lat="31.112924612695444" lon="121.26573601691369">
        <ele>0.0</ele>
        <time>2025-07-05T11:48:23Z</time>
      </trkpt>
      <trkpt lat="31.11290162002373" lon="121.26574301200617">
        <ele>0.0</ele>
        <time>2025-07-05T11:48:24Z</time>
      </trkpt>
      <trkpt lat="31.11287662768996" lon="121.26575100628664">
        <ele>0.0</ele>
        <time>2025-07-05T11:48:25Z</time>
      </trkpt>
      <trkpt lat="31.112853634254165" lon="121.26575900039569">
        <ele>0.0</ele>
        <time>2025-07-05T11:48:26Z</time>
      </trkpt>
      <trkpt lat="31.11283164102764" lon="121.26576599539732">
        <ele>0.0</ele>
        <time>2025-07-05T11:48:27Z</time>
      </trkpt>
      <trkpt lat="31.112808642256425" lon="121.26578098264173">
        <ele>0.0</ele>
        <time>2025-07-05T11:48:28Z</time>
      </trkpt>
      <trkpt lat="31.112785648813098" lon="121.26578897674122">
        <ele>0.0</ele>
        <time>2025-07-05T11:48:29Z</time>
      </trkpt>
      <trkpt lat="31.11276465426759" lon="121.2657969706693">
        <ele>0.0</ele>
        <time>2025-07-05T11:48:30Z</time>
      </trkpt>
      <trkpt lat="31.112739668020648" lon="121.26579697277985">
        <ele>0.0</ele>
        <time>2025-07-05T11:48:31Z</time>
      </trkpt>
      <trkpt lat="31.112714676436628" lon="121.26580396802413">
        <ele>0.0</ele>
        <time>2025-07-05T11:48:32Z</time>
      </trkpt>
      <trkpt lat="31.112689684088366" lon="121.26581196228513">
        <ele>0.0</ele>
        <time>2025-07-05T11:48:33Z</time>
      </trkpt>
      <trkpt lat="31.112666685294826" lon="121.26582694950201">
        <ele>0.0</ele>
        <time>2025-07-05T11:48:34Z</time>
      </trkpt>
      <trkpt lat="31.112645690740063" lon="121.26583494341799">
        <ele>0.0</ele>
        <time>2025-07-05T11:48:35Z</time>
      </trkpt>
      <trkpt lat="31.112626695082927" lon="121.26584293716255">
        <ele>0.0</ele>
        <time>2025-07-05T11:48:36Z</time>
      </trkpt>
      <trkpt lat="31.112603702388792" lon="121.26584993222514">
        <ele>0.0</ele>
        <time>2025-07-05T11:48:37Z</time>
      </trkpt>
      <trkpt lat="31.11258270782833" lon="121.26585792613376">
        <ele>0.0</ele>
        <time>2025-07-05T11:48:38Z</time>
      </trkpt>
      <trkpt lat="31.112561719382974" lon="121.26585792790662">
        <ele>0.0</ele>
        <time>2025-07-05T11:48:39Z</time>
      </trkpt>
      <trkpt lat="31.112539726135754" lon="121.26586492288061">
        <ele>0.0</ele>
        <time>2025-07-05T11:48:40Z</time>
      </trkpt>
      <trkpt lat="31.112518737690888" lon="121.26586492465347">
        <ele>0.0</ele>
        <time>2025-07-05T11:48:41Z</time>
      </trkpt>
      <trkpt lat="31.112497749246263" lon="121.26586492642633">
        <ele>0.0</ele>
        <time>2025-07-05T11:48:42Z</time>
      </trkpt>
      <trkpt lat="31.112474755783374" lon="121.26587292049904">
        <ele>0.0</ele>
        <time>2025-07-05T11:48:43Z</time>
      </trkpt>
      <trkpt lat="31.112453767339254" lon="121.2658729222719">
        <ele>0.0</ele>
        <time>2025-07-05T11:48:44Z</time>
      </trkpt>
      <trkpt lat="31.11243077387468" lon="121.26588091634201">
        <ele>0.0</ele>
        <time>2025-07-05T11:48:45Z</time>
      </trkpt>
      <trkpt lat="31.11240978007311" lon="121.26588791122516">
        <ele>0.0</ele>
        <time>2025-07-05T11:48:46Z</time>
      </trkpt>
      <trkpt lat="31.112390784403615" lon="121.26589590495283">
        <ele>0.0</ele>
        <time>2025-07-05T11:48:47Z</time>
      </trkpt>
      <trkpt lat="31.11236779706113" lon="121.26589590689454">
        <ele>0.0</ele>
        <time>2025-07-05T11:48:48Z</time>
      </trkpt>
      <trkpt lat="31.112344815844406" lon="121.26588791671259">
        <ele>0.0</ele>
        <time>2025-07-05T11:48:49Z</time>
      </trkpt>
      <trkpt lat="31.11232382740178" lon="121.26588791848543">
        <ele>0.0</ele>
        <time>2025-07-05T11:48:50Z</time>
      </trkpt>
      <trkpt lat="31.112298835035396" lon="121.26589591271964">
        <ele>0.0</ele>
        <time>2025-07-05T11:48:51Z</time>
      </trkpt>
      <trkpt lat="31.112275847694065" lon="121.26589591466134">
        <ele>0.0</ele>
        <time>2025-07-05T11:48:52Z</time>
      </trkpt>
      <trkpt lat="31.112250867579295" lon="121.26588792464821">
        <ele>0.0</ele>
        <time>2025-07-05T11:48:53Z</time>
      </trkpt>
      <trkpt lat="31.11222688614693" lon="121.26588093356403">
        <ele>0.0</ele>
        <time>2025-07-05T11:48:54Z</time>
      </trkpt>
      <trkpt lat="31.112203911046844" lon="121.26586495124626">
        <ele>0.0</ele>
        <time>2025-07-05T11:48:55Z</time>
      </trkpt>
      <trkpt lat="31.112184938320837" lon="121.26584297447681">
        <ele>0.0</ele>
        <time>2025-07-05T11:48:56Z</time>
      </trkpt>
      <trkpt lat="31.112165960998254" lon="121.26582699179707">
        <ele>0.0</ele>
        <time>2025-07-05T11:48:57Z</time>
      </trkpt>
      <trkpt lat="31.112149992692114" lon="121.26579702258826">
        <ele>0.0</ele>
        <time>2025-07-05T11:48:58Z</time>
      </trkpt>
      <trkpt lat="31.112141021262737" lon="121.2657660537321">
        <ele>0.0</ele>
        <time>2025-07-05T11:48:59Z</time>
      </trkpt>
      <trkpt lat="31.112135047388215" lon="121.26573608360597">
        <ele>0.0</ele>
        <time>2025-07-05T11:49:00Z</time>
      </trkpt>
      <trkpt lat="31.112133072039555" lon="121.26570511408333">
        <ele>0.0</ele>
        <time>2025-07-05T11:49:01Z</time>
      </trkpt>
      <trkpt lat="31.112127092793497" lon="121.265682137052">
        <ele>0.0</ele>
        <time>2025-07-05T11:49:02Z</time>
      </trkpt>
      <trkpt lat="31.112123117729944" lon="121.26565216665632">
        <ele>0.0</ele>
        <time>2025-07-05T11:49:03Z</time>
      </trkpt>
      <trkpt lat="31.112121142290185" lon="121.26562119702959">
        <ele>0.0</ele>
        <time>2025-07-05T11:49:04Z</time>
      </trkpt>
      <trkpt lat="31.112120165511183" lon="121.26559122630749">
        <ele>0.0</ele>
        <time>2025-07-05T11:49:05Z</time>
      </trkpt>
      <trkpt lat="31.112114186173404" lon="121.2655682491713">
        <ele>0.0</ele>
        <time>2025-07-05T11:49:06Z</time>
      </trkpt>
      <trkpt lat="31.112114209541545" lon="121.26553727927157">
        <ele>0.0</ele>
        <time>2025-07-05T11:49:07Z</time>
      </trkpt>
      <trkpt lat="31.11211822992194" lon="121.26550730802657">
        <ele>0.0</ele>
        <time>2025-07-05T11:49:08Z</time>
      </trkpt>
      <trkpt lat="31.112116248314607" lon="121.26548433047537">
        <ele>0.0</ele>
        <time>2025-07-05T11:49:09Z</time>
      </trkpt>
      <trkpt lat="31.11211027489434" lon="121.26545336097792">
        <ele>0.0</ele>
        <time>2025-07-05T11:49:10Z</time>
      </trkpt>
      <trkpt lat="31.112106299590202" lon="121.26542339030735">
        <ele>0.0</ele>
        <time>2025-07-05T11:49:11Z</time>
      </trkpt>
      <trkpt lat="31.112106316814206" lon="121.26540041250996">
        <ele>0.0</ele>
        <time>2025-07-05T11:49:12Z</time>
      </trkpt>
      <trkpt lat="31.112098344403638" lon="121.265369443077">
        <ele>0.0</ele>
        <time>2025-07-05T11:49:13Z</time>
      </trkpt>
      <trkpt lat="31.112093364336484" lon="121.26534646565192">
        <ele>0.0</ele>
        <time>2025-07-05T11:49:14Z</time>
      </trkpt>
      <trkpt lat="31.112087390020772" lon="121.26531649502155">
        <ele>0.0</ele>
        <time>2025-07-05T11:49:15Z</time>
      </trkpt>
      <trkpt lat="31.112081410461364" lon="121.265293517632">
        <ele>0.0</ele>
        <time>2025-07-05T11:49:16Z</time>
      </trkpt>
      <trkpt lat="31.112077435732544" lon="121.26526254772838">
        <ele>0.0</ele>
        <time>2025-07-05T11:49:17Z</time>
      </trkpt>
      <trkpt lat="31.11207545912645" lon="121.26523257665929">
        <ele>0.0</ele>
        <time>2025-07-05T11:49:18Z</time>
      </trkpt>
      <trkpt lat="31.11207247784777" lon="121.26520959893901">
        <ele>0.0</ele>
        <time>2025-07-05T11:49:19Z</time>
      </trkpt>
      <trkpt lat="31.112068503027526" lon="121.26517862893091">
        <ele>0.0</ele>
        <time>2025-07-05T11:49:20Z</time>
      </trkpt>
      <trkpt lat="31.11206652115473" lon="121.26515565107636">
        <ele>0.0</ele>
        <time>2025-07-05T11:49:21Z</time>
      </trkpt>
      <trkpt lat="31.112062545536887" lon="121.26512568004725">
        <ele>0.0</ele>
        <time>2025-07-05T11:49:22Z</time>
      </trkpt>
      <trkpt lat="31.11206056362126" lon="121.26510270214374">
        <ele>0.0</ele>
        <time>2025-07-05T11:49:23Z</time>
      </trkpt>
      <trkpt lat="31.11205658868447" lon="121.26507173200244">
        <ele>0.0</ele>
        <time>2025-07-05T11:49:24Z</time>
      </trkpt>
      <trkpt lat="31.11205160837669" lon="121.26504875430228">
        <ele>0.0</ele>
        <time>2025-07-05T11:49:25Z</time>
      </trkpt>
      <trkpt lat="31.112045627865516" lon="121.26502677571543">
        <ele>0.0</ele>
        <time>2025-07-05T11:49:26Z</time>
      </trkpt>
      <trkpt lat="31.112037655047946" lon="121.26499580581711">
        <ele>0.0</ele>
        <time>2025-07-05T11:49:27Z</time>
      </trkpt>
      <trkpt lat="31.1120286768808" lon="121.26497282838432">
        <ele>0.0</ele>
        <time>2025-07-05T11:49:28Z</time>
      </trkpt>
      <trkpt lat="31.112022697043514" lon="121.264949850677">
        <ele>0.0</ele>
        <time>2025-07-05T11:49:29Z</time>
      </trkpt>
      <trkpt lat="31.112016717187625" lon="121.26492687294842">
        <ele>0.0</ele>
        <time>2025-07-05T11:49:30Z</time>
      </trkpt>
      <trkpt lat="31.112014740227174" lon="121.26489690147436">
        <ele>0.0</ele>
        <time>2025-07-05T11:49:31Z</time>
      </trkpt>
      <trkpt lat="31.112018754823136" lon="121.26487392285264">
        <ele>0.0</ele>
        <time>2025-07-05T11:49:32Z</time>
      </trkpt>
      <trkpt lat="31.112018777434514" lon="121.26484295208824">
        <ele>0.0</ele>
        <time>2025-07-05T11:49:33Z</time>
      </trkpt>
      <trkpt lat="31.112016795289872" lon="121.264819973923">
        <ele>0.0</ele>
        <time>2025-07-05T11:49:34Z</time>
      </trkpt>
      <trkpt lat="31.112018805105503" lon="121.26480498787267">
        <ele>0.0</ele>
        <time>2025-07-05T11:49:35Z</time>
      </trkpt>
      <trkpt lat="31.112014818216352" lon="121.26479000231973">
        <ele>0.0</ele>
        <time>2025-07-05T11:49:36Z</time>
      </trkpt>
      <trkpt lat="31.11201083712981" lon="121.2647670242742">
        <ele>0.0</ele>
        <time>2025-07-05T11:49:37Z</time>
      </trkpt>
      <trkpt lat="31.112006861826412" lon="121.26473605371388">
        <ele>0.0</ele>
        <time>2025-07-05T11:49:38Z</time>
      </trkpt>
      <trkpt lat="31.112001881246634" lon="121.26471307570273">
        <ele>0.0</ele>
        <time>2025-07-05T11:49:39Z</time>
      </trkpt>
      <trkpt lat="31.111993901576344" lon="121.26469109698718">
        <ele>0.0</ele>
        <time>2025-07-05T11:49:40Z</time>
      </trkpt>
      <trkpt lat="31.111989920409556" lon="121.26466811884991">
        <ele>0.0</ele>
        <time>2025-07-05T11:49:41Z</time>
      </trkpt>
      <trkpt lat="31.11198594499797" lon="121.2646371481659">
        <ele>0.0</ele>
        <time>2025-07-05T11:49:42Z</time>
      </trkpt>
      <trkpt lat="31.111984962135754" lon="121.26461416972533">
        <ele>0.0</ele>
        <time>2025-07-05T11:49:43Z</time>
      </trkpt>
      <trkpt lat="31.111983984293772" lon="121.26458419778858">
        <ele>0.0</ele>
        <time>2025-07-05T11:49:44Z</time>
      </trkpt>
      <trkpt lat="31.11198400083799" lon="121.26456121921444">
        <ele>0.0</ele>
        <time>2025-07-05T11:49:45Z</time>
      </trkpt>
      <trkpt lat="31.111981019015154" lon="121.26453824087218">
        <ele>0.0</ele>
        <time>2025-07-05T11:49:46Z</time>
      </trkpt>
      <trkpt lat="31.11197904236024" lon="121.26450726985681">
        <ele>0.0</ele>
        <time>2025-07-05T11:49:47Z</time>
      </trkpt>
      <trkpt lat="31.11197905884191" lon="121.2644842912112">
        <ele>0.0</ele>
        <time>2025-07-05T11:49:48Z</time>
      </trkpt>
      <trkpt lat="31.11198107921057" lon="121.26445431886384">
        <ele>0.0</ele>
        <time>2025-07-05T11:49:49Z</time>
      </trkpt>
      <trkpt lat="31.111977097851348" lon="121.26443134050665">
        <ele>0.0</ele>
        <time>2025-07-05T11:49:50Z</time>
      </trkpt>
      <trkpt lat="31.11197111757454" lon="121.26440836229688">
        <ele>0.0</ele>
        <time>2025-07-05T11:49:51Z</time>
      </trkpt>
      <trkpt lat="31.111965142267007" lon="121.26437839053268">
        <ele>0.0</ele>
        <time>2025-07-05T11:49:52Z</time>
      </trkpt>
      <trkpt lat="31.11196315974492" lon="121.26435541193605">
        <ele>0.0</ele>
        <time>2025-07-05T11:49:53Z</time>
      </trkpt>
      <trkpt lat="31.111960177754682" lon="121.26433243340246">
        <ele>0.0</ele>
        <time>2025-07-05T11:49:54Z</time>
      </trkpt>
      <trkpt lat="31.11195420307629" lon="121.26430146246672">
        <ele>0.0</ele>
        <time>2025-07-05T11:49:55Z</time>
      </trkpt>
      <trkpt lat="31.11194822269381" lon="121.2642784841361">
        <ele>0.0</ele>
        <time>2025-07-05T11:49:56Z</time>
      </trkpt>
      <trkpt lat="31.111940248349537" lon="121.26424851238306">
        <ele>0.0</ele>
        <time>2025-07-05T11:49:57Z</time>
      </trkpt>
      <trkpt lat="31.11193826572169" lon="121.26422553366554">
        <ele>0.0</ele>
        <time>2025-07-05T11:49:58Z</time>
      </trkpt>
      <trkpt lat="31.111935289274275" lon="121.26419456234242">
        <ele>0.0</ele>
        <time>2025-07-05T11:49:59Z</time>
      </trkpt>
      <trkpt lat="31.111931307703603" lon="121.26417158374346">
        <ele>0.0</ele>
        <time>2025-07-05T11:50:00Z</time>
      </trkpt>
      <trkpt lat="31.111927326114213" lon="121.26414860512307">
        <ele>0.0</ele>
        <time>2025-07-05T11:50:01Z</time>
      </trkpt>
      <trkpt lat="31.111923349429627" lon="121.2641186328746">
        <ele>0.0</ele>
        <time>2025-07-05T11:50:02Z</time>
      </trkpt>
      <trkpt lat="31.111919367797064" lon="121.26409565420485">
        <ele>0.0</ele>
        <time>2025-07-05T11:50:03Z</time>
      </trkpt>
      <trkpt lat="31.111916385595187" lon="121.26407267542928">
        <ele>0.0</ele>
        <time>2025-07-05T11:50:04Z</time>
      </trkpt>
      <trkpt lat="31.111912408829834" lon="121.26404270308846">
        <ele>0.0</ele>
        <time>2025-07-05T11:50:05Z</time>
      </trkpt>
      <trkpt lat="31.111908432732047" lon="121.26401173162007">
        <ele>0.0</ele>
        <time>2025-07-05T11:50:06Z</time>
      </trkpt>
      <trkpt lat="31.111904451012283" lon="121.26398875285064">
        <ele>0.0</ele>
        <time>2025-07-05T11:50:07Z</time>
      </trkpt>
      <trkpt lat="31.1119004741576" lon="121.26395878040768">
        <ele>0.0</ele>
        <time>2025-07-05T11:50:08Z</time>
      </trkpt>
      <trkpt lat="31.111894493495797" lon="121.26393580175763">
        <ele>0.0</ele>
        <time>2025-07-05T11:50:09Z</time>
      </trkpt>
      <trkpt lat="31.111889517830996" lon="121.26390483023916">
        <ele>0.0</ele>
        <time>2025-07-05T11:50:10Z</time>
      </trkpt>
      <trkpt lat="31.111883537125156" lon="121.26388185153871">
        <ele>0.0</ele>
        <time>2025-07-05T11:50:11Z</time>
      </trkpt>
      <trkpt lat="31.11187555750176" lon="121.26385887298562">
        <ele>0.0</ele>
        <time>2025-07-05T11:50:12Z</time>
      </trkpt>
      <trkpt lat="31.111866578410222" lon="121.26383589449546">
        <ele>0.0</ele>
        <time>2025-07-05T11:50:13Z</time>
      </trkpt>
      <trkpt lat="31.111854595411568" lon="121.26382090902945">
        <ele>0.0</ele>
        <time>2025-07-05T11:50:14Z</time>
      </trkpt>
      <trkpt lat="31.1118456162891" lon="121.26379793050381">
        <ele>0.0</ele>
        <time>2025-07-05T11:50:15Z</time>
      </trkpt>
      <trkpt lat="31.11184563219231" lon="121.2637749511971">
        <ele>0.0</ele>
        <time>2025-07-05T11:50:16Z</time>
      </trkpt>
      <trkpt lat="31.1118476469755" lon="121.26375197170015">
        <ele>0.0</ele>
        <time>2025-07-05T11:50:17Z</time>
      </trkpt>
      <trkpt lat="31.11184966656483" lon="121.26372199846234">
        <ele>0.0</ele>
        <time>2025-07-05T11:50:18Z</time>
      </trkpt>
      <trkpt lat="31.11184768350717" lon="121.26369901925347">
        <ele>0.0</ele>
        <time>2025-07-05T11:50:19Z</time>
      </trkpt>
      <trkpt lat="31.111843707030943" lon="121.26366804735235">
        <ele>0.0</ele>
        <time>2025-07-05T11:50:20Z</time>
      </trkpt>
      <trkpt lat="31.111839724343945" lon="121.26364606736784">
        <ele>0.0</ele>
        <time>2025-07-05T11:50:21Z</time>
      </trkpt>
      <trkpt lat="31.11183774670808" lon="121.26361509523117">
        <ele>0.0</ele>
        <time>2025-07-05T11:50:22Z</time>
      </trkpt>
      <trkpt lat="31.11183576356293" lon="121.2635921159223">
        <ele>0.0</ele>
        <time>2025-07-05T11:50:23Z</time>
      </trkpt>
      <trkpt lat="31.111835784082835" lon="121.26356214265823">
        <ele>0.0</ele>
        <time>2025-07-05T11:50:24Z</time>
      </trkpt>
      <trkpt lat="31.111833800894324" lon="121.26353916329978">
        <ele>0.0</ele>
        <time>2025-07-05T11:50:25Z</time>
      </trkpt>
      <trkpt lat="31.11182682044012" lon="121.26351618434178">
        <ele>0.0</ele>
        <time>2025-07-05T11:50:26Z</time>
      </trkpt>
      <trkpt lat="31.111814837952352" lon="121.2635001995688">
        <ele>0.0</ele>
        <time>2025-07-05T11:50:27Z</time>
      </trkpt>
      <trkpt lat="31.11180186008967" lon="121.2634782201935">
        <ele>0.0</ele>
        <time>2025-07-05T11:50:28Z</time>
      </trkpt>
      <trkpt lat="31.11179187647913" lon="121.26346223522697">
        <ele>0.0</ele>
        <time>2025-07-05T11:50:29Z</time>
      </trkpt>
      <trkpt lat="31.111782897063343" lon="121.26343925636569">
        <ele>0.0</ele>
        <time>2025-07-05T11:50:30Z</time>
      </trkpt>
      <trkpt lat="31.111774911650837" lon="121.26342427032">
        <ele>0.0</ele>
        <time>2025-07-05T11:50:31Z</time>
      </trkpt>
      <trkpt lat="31.111768930552028" lon="121.26340129116997">
        <ele>0.0</ele>
        <time>2025-07-05T11:50:32Z</time>
      </trkpt>
      <trkpt lat="31.111762944017954" lon="121.26338630493228">
        <ele>0.0</ele>
        <time>2025-07-05T11:50:33Z</time>
      </trkpt>
      <trkpt lat="31.11176196013473" lon="121.26336332532469">
        <ele>0.0</ele>
        <time>2025-07-05T11:50:34Z</time>
      </trkpt>
      <trkpt lat="31.111759971377708" lon="121.26334833872623">
        <ele>0.0</ele>
        <time>2025-07-05T11:50:35Z</time>
      </trkpt>
      <trkpt lat="31.111759986912677" lon="121.26332535899866">
        <ele>0.0</ele>
        <time>2025-07-05T11:50:36Z</time>
      </trkpt>
      <trkpt lat="31.11175799813535" lon="121.26331037237696">
        <ele>0.0</ele>
        <time>2025-07-05T11:50:37Z</time>
      </trkpt>
      <trkpt lat="31.111756010023935" lon="121.26329438662582">
        <ele>0.0</ele>
        <time>2025-07-05T11:50:38Z</time>
      </trkpt>
      <trkpt lat="31.111750028818637" lon="121.26327140735398">
        <ele>0.0</ele>
        <time>2025-07-05T11:50:39Z</time>
      </trkpt>
      <trkpt lat="31.111748034630796" lon="121.26326441367294">
        <ele>0.0</ele>
        <time>2025-07-05T11:50:40Z</time>
      </trkpt>
      <trkpt lat="31.11190437789068" lon="121.26261596202949">
        <ele>0.0</ele>
        <time>2025-07-05T11:50:46Z</time>
      </trkpt>
      <trkpt lat="31.111914392506897" lon="121.2625849875762">
        <ele>0.0</ele>
        <time>2025-07-05T11:50:47Z</time>
      </trkpt>
      <trkpt lat="31.11192740478957" lon="121.26255501198098">
        <ele>0.0</ele>
        <time>2025-07-05T11:50:48Z</time>
      </trkpt>
      <trkpt lat="31.111944410312194" lon="121.26253203007282">
        <ele>0.0</ele>
        <time>2025-07-05T11:50:49Z</time>
      </trkpt>
      <trkpt lat="31.11196241009777" lon="121.26251704127684">
        <ele>0.0</ele>
        <time>2025-07-05T11:50:50Z</time>
      </trkpt>
      <trkpt lat="31.111977416690483" lon="121.26249405950166">
        <ele>0.0</ele>
        <time>2025-07-05T11:50:51Z</time>
      </trkpt>
      <trkpt lat="31.11199242326435" lon="121.26247107770482">
        <ele>0.0</ele>
        <time>2025-07-05T11:50:52Z</time>
      </trkpt>
      <trkpt lat="31.112002432572023" lon="121.2624480963082">
        <ele>0.0</ele>
        <time>2025-07-05T11:50:53Z</time>
      </trkpt>
      <trkpt lat="31.11201144755261" lon="121.2624171217259">
        <ele>0.0</ele>
        <time>2025-07-05T11:50:54Z</time>
      </trkpt>
      <trkpt lat="31.112024474398968" lon="121.26236416529215">
        <ele>0.0</ele>
        <time>2025-07-05T11:50:56Z</time>
      </trkpt>
      <trkpt lat="31.112036506803697" lon="121.26230321554176">
        <ele>0.0</ele>
        <time>2025-07-05T11:50:58Z</time>
      </trkpt>
      <trkpt lat="31.112043522724157" lon="121.26227224094386">
        <ele>0.0</ele>
        <time>2025-07-05T11:50:59Z</time>
      </trkpt>
      <trkpt lat="31.112057553826517" lon="121.26221129079437">
        <ele>0.0</ele>
        <time>2025-07-05T11:51:01Z</time>
      </trkpt>
      <trkpt lat="31.112062565672385" lon="121.26218830957433">
        <ele>0.0</ele>
        <time>2025-07-05T11:51:02Z</time>
      </trkpt>
      <trkpt lat="31.112068605418607" lon="121.26212036571167">
        <ele>0.0</ele>
        <time>2025-07-05T11:51:04Z</time>
      </trkpt>
      <trkpt lat="31.112074626730635" lon="121.26208139760642">
        <ele>0.0</ele>
        <time>2025-07-05T11:51:05Z</time>
      </trkpt>
      <trkpt lat="31.1120816612679" lon="121.26202044756896">
        <ele>0.0</ele>
        <time>2025-07-05T11:51:07Z</time>
      </trkpt>
      <trkpt lat="31.112091694019902" lon="121.26195949712533">
        <ele>0.0</ele>
        <time>2025-07-05T11:51:09Z</time>
      </trkpt>
      <trkpt lat="31.112099727739015" lon="121.2618985466974">
        <ele>0.0</ele>
        <time>2025-07-05T11:51:11Z</time>
      </trkpt>
      <trkpt lat="31.112104758001102" lon="121.26184558980847">
        <ele>0.0</ele>
        <time>2025-07-05T11:51:13Z</time>
      </trkpt>
      <trkpt lat="31.112106776163614" lon="121.2618146150488">
        <ele>0.0</ele>
        <time>2025-07-05T11:51:14Z</time>
      </trkpt>
      <trkpt lat="31.11210879367177" lon="121.26178463943181">
        <ele>0.0</ele>
        <time>2025-07-05T11:51:15Z</time>
      </trkpt>
      <trkpt lat="31.11211081176617" lon="121.26175366459425">
        <ele>0.0</ele>
        <time>2025-07-05T11:51:16Z</time>
      </trkpt>
      <trkpt lat="31.11211482810745" lon="121.26172368873311">
        <ele>0.0</ele>
        <time>2025-07-05T11:51:17Z</time>
      </trkpt>
      <trkpt lat="31.112114847234647" lon="121.26169271398639">
        <ele>0.0</ele>
        <time>2025-07-05T11:51:18Z</time>
      </trkpt>
      <trkpt lat="31.11211486571185" lon="121.26166273838736">
        <ele>0.0</ele>
        <time>2025-07-05T11:51:19Z</time>
      </trkpt>
      <trkpt lat="31.112114879855728" lon="121.26163975706963">
        <ele>0.0</ele>
        <time>2025-07-05T11:51:20Z</time>
      </trkpt>
      <trkpt lat="31.112114898889033" lon="121.26160878221557">
        <ele>0.0</ele>
        <time>2025-07-05T11:51:21Z</time>
      </trkpt>
      <trkpt lat="31.11211491727536" lon="121.26157880651263">
        <ele>0.0</ele>
        <time>2025-07-05T11:51:22Z</time>
      </trkpt>
      <trkpt lat="31.112114936240452" lon="121.26154783158057">
        <ele>0.0</ele>
        <time>2025-07-05T11:51:23Z</time>
      </trkpt>
      <trkpt lat="31.11211694918798" lon="121.26152484998501">
        <ele>0.0</ele>
        <time>2025-07-05T11:51:24Z</time>
      </trkpt>
      <trkpt lat="31.112119965831976" lon="121.26149487392499">
        <ele>0.0</ele>
        <time>2025-07-05T11:51:25Z</time>
      </trkpt>
      <trkpt lat="31.112123982501227" lon="121.261463898548">
        <ele>0.0</ele>
        <time>2025-07-05T11:51:26Z</time>
      </trkpt>
      <trkpt lat="31.112127994278108" lon="121.26144091670395">
        <ele>0.0</ele>
        <time>2025-07-05T11:51:27Z</time>
      </trkpt>
      <trkpt lat="31.112132010280682" lon="121.26141094045552">
        <ele>0.0</ele>
        <time>2025-07-05T11:51:28Z</time>
      </trkpt>
      <trkpt lat="31.112138020912642" lon="121.2613879583924">
        <ele>0.0</ele>
        <time>2025-07-05T11:51:29Z</time>
      </trkpt>
      <trkpt lat="31.11214303207597" lon="121.26136497639182">
        <ele>0.0</ele>
        <time>2025-07-05T11:51:30Z</time>
      </trkpt>
      <trkpt lat="31.11214904749883" lon="121.26133400067967">
        <ele>0.0</ele>
        <time>2025-07-05T11:51:31Z</time>
      </trkpt>
      <trkpt lat="31.112155058066865" lon="121.2613110185434">
        <ele>0.0</ele>
        <time>2025-07-05T11:51:32Z</time>
      </trkpt>
      <trkpt lat="31.1121600685644" lon="121.26128903567236">
        <ele>0.0</ele>
        <time>2025-07-05T11:51:33Z</time>
      </trkpt>
      <trkpt lat="31.112166083902174" lon="121.26125805986288">
        <ele>0.0</ele>
        <time>2025-07-05T11:51:34Z</time>
      </trkpt>
      <trkpt lat="31.11217409330621" lon="121.26123507748564">
        <ele>0.0</ele>
        <time>2025-07-05T11:51:35Z</time>
      </trkpt>
      <trkpt lat="31.112181103241586" lon="121.26121209517089">
        <ele>0.0</ele>
        <time>2025-07-05T11:51:36Z</time>
      </trkpt>
      <trkpt lat="31.112185118996003" lon="121.26118211863862">
        <ele>0.0</ele>
        <time>2025-07-05T11:51:37Z</time>
      </trkpt>
      <trkpt lat="31.11218913053862" lon="121.26115913652659">
        <ele>0.0</ele>
        <time>2025-07-05T11:51:38Z</time>
      </trkpt>
      <trkpt lat="31.112193146831608" lon="121.26112816071922">
        <ele>0.0</ele>
        <time>2025-07-05T11:51:39Z</time>
      </trkpt>
      <trkpt lat="31.112195163595747" lon="121.26109818425148">
        <ele>0.0</ele>
        <time>2025-07-05T11:51:40Z</time>
      </trkpt>
      <trkpt lat="31.112197176169328" lon="121.26107520222826">
        <ele>0.0</ele>
        <time>2025-07-05T11:51:41Z</time>
      </trkpt>
      <trkpt lat="31.11219819401937" lon="121.26104422656627">
        <ele>0.0</ele>
        <time>2025-07-05T11:51:42Z</time>
      </trkpt>
      <trkpt lat="31.112200206548" lon="121.26102124449166">
        <ele>0.0</ele>
        <time>2025-07-05T11:51:43Z</time>
      </trkpt>
      <trkpt lat="31.112202223195954" lon="121.26099126789106">
        <ele>0.0</ele>
        <time>2025-07-05T11:51:44Z</time>
      </trkpt>
      <trkpt lat="31.112204235680448" lon="121.26096828576595">
        <ele>0.0</ele>
        <time>2025-07-05T11:51:45Z</time>
      </trkpt>
      <trkpt lat="31.112206248145785" lon="121.26094530361897">
        <ele>0.0</ele>
        <time>2025-07-05T11:51:46Z</time>
      </trkpt>
      <trkpt lat="31.112206261692805" lon="121.2609223216188">
        <ele>0.0</ele>
        <time>2025-07-05T11:51:47Z</time>
      </trkpt>
      <trkpt lat="31.112206275220654" lon="121.26089933959673">
        <ele>0.0</ele>
        <time>2025-07-05T11:51:48Z</time>
      </trkpt>
      <trkpt lat="31.11220628872934" lon="121.26087635755275">
        <ele>0.0</ele>
        <time>2025-07-05T11:51:49Z</time>
      </trkpt>
      <trkpt lat="31.112206302218855" lon="121.26085337548683">
        <ele>0.0</ele>
        <time>2025-07-05T11:51:50Z</time>
      </trkpt>
      <trkpt lat="31.11220831458836" lon="121.26083039323026">
        <ele>0.0</ele>
        <time>2025-07-05T11:51:51Z</time>
      </trkpt>
      <trkpt lat="31.112208327455093" lon="121.26080841034312">
        <ele>0.0</ele>
        <time>2025-07-05T11:51:52Z</time>
      </trkpt>
      <trkpt lat="31.11221034445487" lon="121.2607774342539">
        <ele>0.0</ele>
        <time>2025-07-05T11:51:53Z</time>
      </trkpt>
      <trkpt lat="31.112212356761006" lon="121.26075445192485">
        <ele>0.0</ele>
        <time>2025-07-05T11:51:54Z</time>
      </trkpt>
      <trkpt lat="31.11221237014879" lon="121.26073146974261">
        <ele>0.0</ele>
        <time>2025-07-05T11:51:55Z</time>
      </trkpt>
      <trkpt lat="31.112214382416553" lon="121.2607084873697">
        <ele>0.0</ele>
        <time>2025-07-05T11:51:56Z</time>
      </trkpt>
      <trkpt lat="31.112214395765957" lon="121.26068550514357">
        <ele>0.0</ele>
        <time>2025-07-05T11:51:57Z</time>
      </trkpt>
      <trkpt lat="31.11221441314938" lon="121.26065552829391">
        <ele>0.0</ele>
        <time>2025-07-05T11:51:58Z</time>
      </trkpt>
      <trkpt lat="31.112214426454557" lon="121.2606325460172">
        <ele>0.0</ele>
        <time>2025-07-05T11:51:59Z</time>
      </trkpt>
      <trkpt lat="31.112215434571088" lon="121.26061755747968">
        <ele>0.0</ele>
        <time>2025-07-05T11:52:00Z</time>
      </trkpt>
      <trkpt lat="31.112215447844537" lon="121.2605945751667">
        <ele>0.0</ele>
        <time>2025-07-05T11:52:01Z</time>
      </trkpt>
      <trkpt lat="31.112217459997957" lon="121.26057159266303">
        <ele>0.0</ele>
        <time>2025-07-05T11:52:02Z</time>
      </trkpt>
      <trkpt lat="31.112217473233002" lon="121.26054861030613">
        <ele>0.0</ele>
        <time>2025-07-05T11:52:03Z</time>
      </trkpt>
      <trkpt lat="31.112217486448834" lon="121.26052562792727">
        <ele>0.0</ele>
        <time>2025-07-05T11:52:04Z</time>
      </trkpt>
      <trkpt lat="31.112217499645453" lon="121.26050264552643">
        <ele>0.0</ele>
        <time>2025-07-05T11:52:05Z</time>
      </trkpt>
      <trkpt lat="31.112217512822863" lon="121.26047966310361">
        <ele>0.0</ele>
        <time>2025-07-05T11:52:06Z</time>
      </trkpt>
      <trkpt lat="31.112217521406468" lon="121.26046467455515">
        <ele>0.0</ele>
        <time>2025-07-05T11:52:07Z</time>
      </trkpt>
      <trkpt lat="31.112217534552123" lon="121.26044169209604">
        <ele>0.0</ele>
        <time>2025-07-05T11:52:08Z</time>
      </trkpt>
      <trkpt lat="31.112217547678558" lon="121.26041870961494">
        <ele>0.0</ele>
        <time>2025-07-05T11:52:09Z</time>
      </trkpt>
      <trkpt lat="31.112217560785766" lon="121.26039572711186">
        <ele>0.0</ele>
        <time>2025-07-05T11:52:10Z</time>
      </trkpt>
      <trkpt lat="31.11221757387375" lon="121.26037274458677">
        <ele>0.0</ele>
        <time>2025-07-05T11:52:11Z</time>
      </trkpt>
      <trkpt lat="31.11221958129821" lon="121.26035775580289">
        <ele>0.0</ele>
        <time>2025-07-05T11:52:12Z</time>
      </trkpt>
      <trkpt lat="31.112221588714487" lon="121.26034276700965">
        <ele>0.0</ele>
        <time>2025-07-05T11:52:13Z</time>
      </trkpt>
      <trkpt lat="31.11222160175815" lon="121.26031978443389">
        <ele>0.0</ele>
        <time>2025-07-05T11:52:14Z</time>
      </trkpt>
      <trkpt lat="31.11222360915371" lon="121.26030479561695">
        <ele>0.0</ele>
        <time>2025-07-05T11:52:15Z</time>
      </trkpt>
      <trkpt lat="31.11222361820749" lon="121.26028880771523">
        <ele>0.0</ele>
        <time>2025-07-05T11:52:16Z</time>
      </trkpt>
      <trkpt lat="31.112223626686955" lon="121.26027381904767">
        <ele>0.0</ele>
        <time>2025-07-05T11:52:17Z</time>
      </trkpt>
      <trkpt lat="31.112221636259058" lon="121.26025883053948">
        <ele>0.0</ele>
        <time>2025-07-05T11:52:18Z</time>
      </trkpt>
      <trkpt lat="31.112223643621334" lon="121.2602438416845">
        <ele>0.0</ele>
        <time>2025-07-05T11:52:19Z</time>
      </trkpt>
      <trkpt lat="31.1122256515388" lon="121.26022785357343">
        <ele>0.0</ele>
        <time>2025-07-05T11:52:20Z</time>
      </trkpt>
      <trkpt lat="31.112227658884162" lon="121.26021286469908">
        <ele>0.0</ele>
        <time>2025-07-05T11:52:21Z</time>
      </trkpt>
      <trkpt lat="31.11222967071826" lon="121.26018988183023">
        <ele>0.0</ele>
        <time>2025-07-05T11:52:22Z</time>
      </trkpt>
      <trkpt lat="31.112231678042885" lon="121.26017489293217">
        <ele>0.0</ele>
        <time>2025-07-05T11:52:23Z</time>
      </trkpt>
      <trkpt lat="31.112231686460134" lon="121.26015990419347">
        <ele>0.0</ele>
        <time>2025-07-05T11:52:24Z</time>
      </trkpt>
      <trkpt lat="31.112232694879104" lon="121.26014391611085">
        <ele>0.0</ele>
        <time>2025-07-05T11:52:25Z</time>
      </trkpt>
      <trkpt lat="31.112232698800277" lon="121.26013692135825">
        <ele>0.0</ele>
        <time>2025-07-05T11:52:26Z</time>
      </trkpt>
      <trkpt lat="31.112232707196778" lon="121.26012193259582">
        <ele>0.0</ele>
        <time>2025-07-05T11:52:27Z</time>
      </trkpt>
      <trkpt lat="31.112231712221966" lon="121.26011393866973">
        <ele>0.0</ele>
        <time>2025-07-05T11:52:28Z</time>
      </trkpt>
      <trkpt lat="31.11223172060591" lon="121.26009894989295">
        <ele>0.0</ele>
        <time>2025-07-05T11:52:29Z</time>
      </trkpt>
      <trkpt lat="31.11223172953975" lon="121.26008296185404">
        <ele>0.0</ele>
        <time>2025-07-05T11:52:30Z</time>
      </trkpt>
      <trkpt lat="31.112231733445377" lon="121.26007596708367">
        <ele>0.0</ele>
        <time>2025-07-05T11:52:31Z</time>
      </trkpt>
      <trkpt lat="31.112231742365818" lon="121.26005997902944">
        <ele>0.0</ele>
        <time>2025-07-05T11:52:32Z</time>
      </trkpt>
      <trkpt lat="31.112232745715175" lon="121.260052984168">
        <ele>0.0</ele>
        <time>2025-07-05T11:52:33Z</time>
      </trkpt>
      <trkpt lat="31.112238746867444" lon="121.26004498962838">
        <ele>0.0</ele>
        <time>2025-07-05T11:52:34Z</time>
      </trkpt>
      <trkpt lat="31.112240749662583" lon="121.2600379946782">
        <ele>0.0</ele>
        <time>2025-07-05T11:52:35Z</time>
      </trkpt>
      <trkpt lat="31.11224275746008" lon="121.26002200642994">
        <ele>0.0</ele>
        <time>2025-07-05T11:52:37Z</time>
      </trkpt>
      <trkpt lat="31.11224475635928" lon="121.26002200626121">
        <ele>0.0</ele>
        <time>2025-07-05T11:52:38Z</time>
      </trkpt>
      <trkpt lat="31.112244764692967" lon="121.26000701742694">
        <ele>0.0</ele>
        <time>2025-07-05T11:52:39Z</time>
      </trkpt>
      <trkpt lat="31.112244769134247" lon="121.25999902337817">
        <ele>0.0</ele>
        <time>2025-07-05T11:52:40Z</time>
      </trkpt>
      <trkpt lat="31.112242778556162" lon="121.25998403469825">
        <ele>0.0</ele>
        <time>2025-07-05T11:52:41Z</time>
      </trkpt>
      <trkpt lat="31.112242791299284" lon="121.25996105177879">
        <ele>0.0</ele>
        <time>2025-07-05T11:52:42Z</time>
      </trkpt>
      <trkpt lat="31.11224280402313" lon="121.25993806883729">
        <ele>0.0</ele>
        <time>2025-07-05T11:52:43Z</time>
      </trkpt>
      <trkpt lat="31.112242816727694" lon="121.25991508587374">
        <ele>0.0</ele>
        <time>2025-07-05T11:52:44Z</time>
      </trkpt>
      <trkpt lat="31.112248825559462" lon="121.25989310164267">
        <ele>0.0</ele>
        <time>2025-07-05T11:52:45Z</time>
      </trkpt>
      <trkpt lat="31.112250837125515" lon="121.25987011846726">
        <ele>0.0</ele>
        <time>2025-07-05T11:52:46Z</time>
      </trkpt>
      <trkpt lat="31.112246851974646" lon="121.25984713577594">
        <ele>0.0</ele>
        <time>2025-07-05T11:52:47Z</time>
      </trkpt>
      <trkpt lat="31.112242866804497" lon="121.25982415306257">
        <ele>0.0</ele>
        <time>2025-07-05T11:52:48Z</time>
      </trkpt>
      <trkpt lat="31.112234883816672" lon="121.25980117066457">
        <ele>0.0</ele>
        <time>2025-07-05T11:52:49Z</time>
      </trkpt>
      <trkpt lat="31.112227900259178" lon="121.25977818816014">
        <ele>0.0</ele>
        <time>2025-07-05T11:52:50Z</time>
      </trkpt>
      <trkpt lat="31.112221916132007" lon="121.25975520554928">
        <ele>0.0</ele>
        <time>2025-07-05T11:52:51Z</time>
      </trkpt>
      <trkpt lat="31.11221993359997" lon="121.2597252277061">
        <ele>0.0</ele>
        <time>2025-07-05T11:52:52Z</time>
      </trkpt>
      <trkpt lat="31.11222194502505" lon="121.25970224436948">
        <ele>0.0</ele>
        <time>2025-07-05T11:52:53Z</time>
      </trkpt>
      <trkpt lat="31.11222396077642" lon="121.25967126685259">
        <ele>0.0</ele>
        <time>2025-07-05T11:52:54Z</time>
      </trkpt>
      <trkpt lat="31.112225972156175" lon="121.25964828346414">
        <ele>0.0</ele>
        <time>2025-07-05T11:52:55Z</time>
      </trkpt>
      <trkpt lat="31.112225988406156" lon="121.25961830531824">
        <ele>0.0</ele>
        <time>2025-07-05T11:52:56Z</time>
      </trkpt>
      <trkpt lat="31.112226005163283" lon="121.25958732786134">
        <ele>0.0</ele>
        <time>2025-07-05T11:52:57Z</time>
      </trkpt>
      <trkpt lat="31.112224022447258" lon="121.25955734980775">
        <ele>0.0</ele>
        <time>2025-07-05T11:52:58Z</time>
      </trkpt>
      <trkpt lat="31.11222204023614" lon="121.25952637244056">
        <ele>0.0</ele>
        <time>2025-07-05T11:52:59Z</time>
      </trkpt>
      <trkpt lat="31.112218054796564" lon="121.25950338941897">
        <ele>0.0</ele>
        <time>2025-07-05T11:53:00Z</time>
      </trkpt>
      <trkpt lat="31.112218070887668" lon="121.25947341109136">
        <ele>0.0</ele>
        <time>2025-07-05T11:53:01Z</time>
      </trkpt>
      <trkpt lat="31.112218087480592" lon="121.25944243344665">
        <ele>0.0</ele>
        <time>2025-07-05T11:53:02Z</time>
      </trkpt>
      <trkpt lat="31.112220102403995" lon="121.25941245487384">
        <ele>0.0</ele>
        <time>2025-07-05T11:53:03Z</time>
      </trkpt>
      <trkpt lat="31.112220114666954" lon="121.25938947140521">
        <ele>0.0</ele>
        <time>2025-07-05T11:53:04Z</time>
      </trkpt>
      <trkpt lat="31.11222013116469" lon="121.25935849365163">
        <ele>0.0</ele>
        <time>2025-07-05T11:53:05Z</time>
      </trkpt>
      <trkpt lat="31.112218148197606" lon="121.25932851531087">
        <ele>0.0</ele>
        <time>2025-07-05T11:53:06Z</time>
      </trkpt>
      <trkpt lat="31.112216165727016" lon="121.2592975376469">
        <ele>0.0</ele>
        <time>2025-07-05T11:53:07Z</time>
      </trkpt>
      <trkpt lat="31.112216177893252" lon="121.25927455406764">
        <ele>0.0</ele>
        <time>2025-07-05T11:53:08Z</time>
      </trkpt>
      <trkpt lat="31.112216193733172" lon="121.25924457545275">
        <ele>0.0</ele>
        <time>2025-07-05T11:53:09Z</time>
      </trkpt>
      <trkpt lat="31.11221420695563" lon="121.25922159199119">
        <ele>0.0</ele>
        <time>2025-07-05T11:53:10Z</time>
      </trkpt>
      <trkpt lat="31.112216222162036" lon="121.259190613851">
        <ele>0.0</ele>
        <time>2025-07-05T11:53:11Z</time>
      </trkpt>
      <trkpt lat="31.112214239010562" lon="121.25916063529932">
        <ele>0.0</ele>
        <time>2025-07-05T11:53:12Z</time>
      </trkpt>
      <trkpt lat="31.112208254363985" lon="121.25913765209431">
        <ele>0.0</ele>
        <time>2025-07-05T11:53:13Z</time>
      </trkpt>
      <trkpt lat="31.11220627167673" lon="121.2591066741825">
        <ele>0.0</ele>
        <time>2025-07-05T11:53:14Z</time>
      </trkpt>
      <trkpt lat="31.112204288433006" lon="121.25907669552531">
        <ele>0.0</ele>
        <time>2025-07-05T11:53:15Z</time>
      </trkpt>
      <trkpt lat="31.112202305676508" lon="121.2590457175343">
        <ele>0.0</ele>
        <time>2025-07-05T11:53:16Z</time>
      </trkpt>
      <trkpt lat="31.112201318180997" lon="121.25902273379673">
        <ele>0.0</ele>
        <time>2025-07-05T11:53:17Z</time>
      </trkpt>
      <trkpt lat="31.112199334844977" lon="121.25899275503393">
        <ele>0.0</ele>
        <time>2025-07-05T11:53:18Z</time>
      </trkpt>
      <trkpt lat="31.112197351993085" lon="121.25896177693382">
        <ele>0.0</ele>
        <time>2025-07-05T11:53:19Z</time>
      </trkpt>
      <trkpt lat="31.112193366078063" lon="121.25893879336832">
        <ele>0.0</ele>
        <time>2025-07-05T11:53:20Z</time>
      </trkpt>
      <trkpt lat="31.112185385952277" lon="121.25890881500601">
        <ele>0.0</ele>
        <time>2025-07-05T11:53:21Z</time>
      </trkpt>
      <trkpt lat="31.112172404946506" lon="121.25888583214856">
        <ele>0.0</ele>
        <time>2025-07-05T11:53:22Z</time>
      </trkpt>
      <trkpt lat="31.112153423115274" lon="121.25887084420408">
        <ele>0.0</ele>
        <time>2025-07-05T11:53:23Z</time>
      </trkpt>
      <trkpt lat="31.112130439884524" lon="121.25886285171514">
        <ele>0.0</ele>
        <time>2025-07-05T11:53:24Z</time>
      </trkpt>
      <trkpt lat="31.112115448141477" lon="121.25886285298041">
        <ele>0.0</ele>
        <time>2025-07-05T11:53:25Z</time>
      </trkpt>
      <trkpt lat="31.112101455848077" lon="121.25886285416134">
        <ele>0.0</ele>
        <time>2025-07-05T11:53:26Z</time>
      </trkpt>
      <trkpt lat="31.112094471501226" lon="121.2588398707534">
        <ele>0.0</ele>
        <time>2025-07-05T11:53:27Z</time>
      </trkpt>
      <trkpt lat="31.112094483281634" lon="121.25881688673282">
        <ele>0.0</ele>
        <time>2025-07-05T11:53:28Z</time>
      </trkpt>
      <trkpt lat="31.112094495042644" lon="121.25879390269003">
        <ele>0.0</ele>
        <time>2025-07-05T11:53:29Z</time>
      </trkpt>
      <trkpt lat="31.11209450678425" lon="121.25877091862506">
        <ele>0.0</ele>
        <time>2025-07-05T11:53:30Z</time>
      </trkpt>
      <trkpt lat="31.112092515532325" lon="121.2587559291742">
        <ele>0.0</ele>
        <time>2025-07-05T11:53:31Z</time>
      </trkpt>
      <trkpt lat="31.112088529443795" lon="121.25873294540995">
        <ele>0.0</ele>
        <time>2025-07-05T11:53:32Z</time>
      </trkpt>
      <trkpt lat="31.11208854113393" lon="121.2587099612861">
        <ele>0.0</ele>
        <time>2025-07-05T11:53:33Z</time>
      </trkpt>
      <trkpt lat="31.11208855280465" lon="121.25868697714003">
        <ele>0.0</ele>
        <time>2025-07-05T11:53:34Z</time>
      </trkpt>
      <trkpt lat="31.11208656505075" lon="121.2586649924526">
        <ele>0.0</ele>
        <time>2025-07-05T11:53:35Z</time>
      </trkpt>
      <trkpt lat="31.112084577784454" lon="121.25864200843178">
        <ele>0.0</ele>
        <time>2025-07-05T11:53:36Z</time>
      </trkpt>
      <trkpt lat="31.11208259049874" lon="121.25861902438875">
        <ele>0.0</ele>
        <time>2025-07-05T11:53:37Z</time>
      </trkpt>
      <trkpt lat="31.112080607221714" lon="121.25858804580214">
        <ele>0.0</ele>
        <time>2025-07-05T11:53:38Z</time>
      </trkpt>
      <trkpt lat="31.112080622306184" lon="121.2585580663231">
        <ele>0.0</ele>
        <time>2025-07-05T11:53:39Z</time>
      </trkpt>
      <trkpt lat="31.112082636757776" lon="121.25852708731966">
        <ele>0.0</ele>
        <time>2025-07-05T11:53:40Z</time>
      </trkpt>
      <trkpt lat="31.112084650674063" lon="121.25849710759503">
        <ele>0.0</ele>
        <time>2025-07-05T11:53:41Z</time>
      </trkpt>
      <trkpt lat="31.112080664366847" lon="121.2584741235806">
        <ele>0.0</ele>
        <time>2025-07-05T11:53:42Z</time>
      </trkpt>
      <trkpt lat="31.1120766780402" lon="121.25845113954394">
        <ele>0.0</ele>
        <time>2025-07-05T11:53:43Z</time>
      </trkpt>
      <trkpt lat="31.1120766934709" lon="121.25842016056978">
        <ele>0.0</ele>
        <time>2025-07-05T11:53:44Z</time>
      </trkpt>
      <trkpt lat="31.112078703795692" lon="121.25839717597482">
        <ele>0.0</ele>
        <time>2025-07-05T11:53:45Z</time>
      </trkpt>
      <trkpt lat="31.11207871520201" lon="121.25837419152631">
        <ele>0.0</ele>
        <time>2025-07-05T11:53:46Z</time>
      </trkpt>
      <trkpt lat="31.11207272593337" lon="121.2583592021627">
        <ele>0.0</ele>
        <time>2025-07-05T11:53:47Z</time>
      </trkpt>
      <trkpt lat="31.112069738959036" lon="121.25833621793045">
        <ele>0.0</ele>
        <time>2025-07-05T11:53:48Z</time>
      </trkpt>
      <trkpt lat="31.112067754866693" lon="121.25830623830231">
        <ele>0.0</ele>
        <time>2025-07-05T11:53:49Z</time>
      </trkpt>
      <trkpt lat="31.112067766196063" lon="121.25828325376577">
        <ele>0.0</ele>
        <time>2025-07-05T11:53:50Z</time>
      </trkpt>
      <trkpt lat="31.112069776404986" lon="121.25826026903827">
        <ele>0.0</ele>
        <time>2025-07-05T11:53:51Z</time>
      </trkpt>
      <trkpt lat="31.112071790517014" lon="121.25822928964642">
        <ele>0.0</ele>
        <time>2025-07-05T11:53:52Z</time>
      </trkpt>
      <trkpt lat="31.112072804655128" lon="121.25819930963019">
        <ele>0.0</ele>
        <time>2025-07-05T11:53:53Z</time>
      </trkpt>
      <trkpt lat="31.11207282321316" lon="121.2581613349954">
        <ele>0.0</ele>
        <time>2025-07-05T11:53:54Z</time>
      </trkpt>
      <trkpt lat="31.112071838863745" lon="121.25813035572742">
        <ele>0.0</ele>
        <time>2025-07-05T11:53:55Z</time>
      </trkpt>
      <trkpt lat="31.11206985842626" lon="121.25809238115093">
        <ele>0.0</ele>
        <time>2025-07-05T11:53:56Z</time>
      </trkpt>
      <trkpt lat="31.11206387626657" lon="121.25806240155208">
        <ele>0.0</ele>
        <time>2025-07-05T11:53:57Z</time>
      </trkpt>
      <trkpt lat="31.112059900694792" lon="121.2580164323216">
        <ele>0.0</ele>
        <time>2025-07-05T11:53:58Z</time>
      </trkpt>
      <trkpt lat="31.112061917895833" lon="121.25797845722526">
        <ele>0.0</ele>
        <time>2025-07-05T11:53:59Z</time>
      </trkpt>
      <trkpt lat="31.11206393168605" lon="121.25794747746527">
        <ele>0.0</ele>
        <time>2025-07-05T11:54:00Z</time>
      </trkpt>
      <trkpt lat="31.112065941610503" lon="121.25792449241234">
        <ele>0.0</ele>
        <time>2025-07-05T11:54:01Z</time>
      </trkpt>
      <trkpt lat="31.112067951515463" lon="121.25790150733714">
        <ele>0.0</ele>
        <time>2025-07-05T11:54:02Z</time>
      </trkpt>
      <trkpt lat="31.11206596360291" lon="121.25787852257699">
        <ele>0.0</ele>
        <time>2025-07-05T11:54:03Z</time>
      </trkpt>
      <trkpt lat="31.11206397900476" lon="121.25784854237021">
        <ele>0.0</ele>
        <time>2025-07-05T11:54:04Z</time>
      </trkpt>
      <trkpt lat="31.112063989946293" lon="121.25782555738999">
        <ele>0.0</ele>
        <time>2025-07-05T11:54:05Z</time>
      </trkpt>
      <trkpt lat="31.11206200576371" lon="121.25779457776741">
        <ele>0.0</ele>
        <time>2025-07-05T11:54:06Z</time>
      </trkpt>
      <trkpt lat="31.11206001776045" lon="121.2577715929035">
        <ele>0.0</ele>
        <time>2025-07-05T11:54:07Z</time>
      </trkpt>
      <trkpt lat="31.112058033043972" lon="121.25774161256133">
        <ele>0.0</ele>
        <time>2025-07-05T11:54:08Z</time>
      </trkpt>
      <trkpt lat="31.112060046563386" lon="121.25771063249154">
        <ele>0.0</ele>
        <time>2025-07-05T11:54:09Z</time>
      </trkpt>
      <trkpt lat="31.112066057375454" lon="121.25768065139742">
        <ele>0.0</ele>
        <time>2025-07-05T11:54:10Z</time>
      </trkpt>
      <trkpt lat="31.11206906652302" lon="121.25765766600117">
        <ele>0.0</ele>
        <time>2025-07-05T11:54:11Z</time>
      </trkpt>
      <trkpt lat="31.112071079946393" lon="121.25762668582148">
        <ele>0.0</ele>
        <time>2025-07-05T11:54:12Z</time>
      </trkpt>
      <trkpt lat="31.112069091333474" lon="121.2576047001513">
        <ele>0.0</ele>
        <time>2025-07-05T11:54:13Z</time>
      </trkpt>
      <trkpt lat="31.112068106347696" lon="121.25757372015529">
        <ele>0.0</ele>
        <time>2025-07-05T11:54:14Z</time>
      </trkpt>
      <trkpt lat="31.112071115404454" lon="121.25755073465514">
        <ele>0.0</ele>
        <time>2025-07-05T11:54:15Z</time>
      </trkpt>
      <trkpt lat="31.11207312824139" lon="121.25752075369576">
        <ele>0.0</ele>
        <time>2025-07-05T11:54:16Z</time>
      </trkpt>
      <trkpt lat="31.112073138904627" lon="121.25749776839714">
        <ele>0.0</ele>
        <time>2025-07-05T11:54:17Z</time>
      </trkpt>
      <trkpt lat="31.11206615340178" lon="121.25747478366658">
        <ele>0.0</ele>
        <time>2025-07-05T11:54:18Z</time>
      </trkpt>
      <trkpt lat="31.112056169530913" lon="121.25745179916667">
        <ele>0.0</ele>
        <time>2025-07-05T11:54:19Z</time>
      </trkpt>
      <trkpt lat="31.112052186021547" lon="121.25742081922336">
        <ele>0.0</ele>
        <time>2025-07-05T11:54:20Z</time>
      </trkpt>
      <trkpt lat="31.112054195498846" lon="121.2573978336589">
        <ele>0.0</ele>
        <time>2025-07-05T11:54:21Z</time>
      </trkpt>
      <trkpt lat="31.11205820706527" lon="121.2573678523369">
        <ele>0.0</ele>
        <time>2025-07-05T11:54:22Z</time>
      </trkpt>
      <trkpt lat="31.11206221905572" lon="121.25733687160881">
        <ele>0.0</ele>
        <time>2025-07-05T11:54:23Z</time>
      </trkpt>
      <trkpt lat="31.112062229106233" lon="121.25731488550042">
        <ele>0.0</ele>
        <time>2025-07-05T11:54:24Z</time>
      </trkpt>
      <trkpt lat="31.11206024433895" lon="121.2572839052089">
        <ele>0.0</ele>
        <time>2025-07-05T11:54:25Z</time>
      </trkpt>
      <trkpt lat="31.112058259536155" lon="121.25725292487674">
        <ele>0.0</ele>
        <time>2025-07-05T11:54:26Z</time>
      </trkpt>
      <trkpt lat="31.11205627424482" lon="121.25722294387688">
        <ele>0.0</ele>
        <time>2025-07-05T11:54:27Z</time>
      </trkpt>
      <trkpt lat="31.112058283553843" lon="121.25719995811987">
        <ele>0.0</ele>
        <time>2025-07-05T11:54:28Z</time>
      </trkpt>
      <trkpt lat="31.112058297553787" lon="121.25716897750891">
        <ele>0.0</ele>
        <time>2025-07-05T11:54:29Z</time>
      </trkpt>
      <trkpt lat="31.11206030996729" lon="121.2571389960651">
        <ele>0.0</ele>
        <time>2025-07-05T11:54:30Z</time>
      </trkpt>
      <trkpt lat="31.11206432169532" lon="121.25710801503675">
        <ele>0.0</ele>
        <time>2025-07-05T11:54:31Z</time>
      </trkpt>
      <trkpt lat="31.112065331009077" lon="121.25708602863092">
        <ele>0.0</ele>
        <time>2025-07-05T11:54:32Z</time>
      </trkpt>
      <trkpt lat="31.112067343777326" lon="121.25705504770173">
        <ele>0.0</ele>
        <time>2025-07-05T11:54:33Z</time>
      </trkpt>
      <trkpt lat="31.11206735404443" lon="121.2570320619499">
        <ele>0.0</ele>
        <time>2025-07-05T11:54:34Z</time>
      </trkpt>
      <trkpt lat="31.11206736740689" lon="121.2570020805008">
        <ele>0.0</ele>
        <time>2025-07-05T11:54:35Z</time>
      </trkpt>
      <trkpt lat="31.112065378729874" lon="121.25697909486603">
        <ele>0.0</ele>
        <time>2025-07-05T11:54:36Z</time>
      </trkpt>
      <trkpt lat="31.112065392476367" lon="121.25694811396507">
        <ele>0.0</ele>
        <time>2025-07-05T11:54:37Z</time>
      </trkpt>
      <trkpt lat="31.112065402652394" lon="121.25692512810903">
        <ele>0.0</ele>
        <time>2025-07-05T11:54:38Z</time>
      </trkpt>
      <trkpt lat="31.11206541589604" lon="121.25689514652397">
        <ele>0.0</ele>
        <time>2025-07-05T11:54:39Z</time>
      </trkpt>
      <trkpt lat="31.11206343064712" lon="121.25686416568139">
        <ele>0.0</ele>
        <time>2025-07-05T11:54:40Z</time>
      </trkpt>
      <trkpt lat="31.112063443823004" lon="121.25683418401881">
        <ele>0.0</ele>
        <time>2025-07-05T11:54:41Z</time>
      </trkpt>
      <trkpt lat="31.112063457403067" lon="121.25680320292744">
        <ele>0.0</ele>
        <time>2025-07-05T11:54:42Z</time>
      </trkpt>
      <trkpt lat="31.112062468006094" lon="121.25678021701444">
        <ele>0.0</ele>
        <time>2025-07-05T11:54:43Z</time>
      </trkpt>
      <trkpt lat="31.112058483290625" lon="121.2567502355824">
        <ele>0.0</ele>
        <time>2025-07-05T11:54:44Z</time>
      </trkpt>
      <trkpt lat="31.112058493297994" lon="121.25672724953337">
        <ele>0.0</ele>
        <time>2025-07-05T11:54:45Z</time>
      </trkpt>
      <trkpt lat="31.112062504553187" lon="121.25669626796405">
        <ele>0.0</ele>
        <time>2025-07-05T11:54:46Z</time>
      </trkpt>
      <trkpt lat="31.112065512863047" lon="121.25667328160937">
        <ele>0.0</ele>
        <time>2025-07-05T11:54:47Z</time>
      </trkpt>
      <trkpt lat="31.11206552280479" lon="121.25665029548526">
        <ele>0.0</ele>
        <time>2025-07-05T11:54:48Z</time>
      </trkpt>
      <trkpt lat="31.112063536843795" lon="121.25662031371918">
        <ele>0.0</ele>
        <time>2025-07-05T11:54:49Z</time>
      </trkpt>
      <trkpt lat="31.112062547290847" lon="121.2565973276277">
        <ele>0.0</ele>
        <time>2025-07-05T11:54:50Z</time>
      </trkpt>
      <trkpt lat="31.112058559369775" lon="121.25657434176678">
        <ele>0.0</ele>
        <time>2025-07-05T11:54:51Z</time>
      </trkpt>
      <trkpt lat="31.112056573324256" lon="121.256544359904">
        <ele>0.0</ele>
        <time>2025-07-05T11:54:52Z</time>
      </trkpt>
      <trkpt lat="31.112054584256995" lon="121.25652137382268">
        <ele>0.0</ele>
        <time>2025-07-05T11:54:53Z</time>
      </trkpt>
      <trkpt lat="31.112054597477428" lon="121.25649039231979">
        <ele>0.0</ele>
        <time>2025-07-05T11:54:54Z</time>
      </trkpt>
      <trkpt lat="31.112060603960117" lon="121.2564674055111">
        <ele>0.0</ele>
        <time>2025-07-05T11:54:55Z</time>
      </trkpt>
      <trkpt lat="31.112069608771726" lon="121.25644441842697">
        <ele>0.0</ele>
        <time>2025-07-05T11:54:56Z</time>
      </trkpt>
      <trkpt lat="31.112079615975674" lon="121.25641443538667">
        <ele>0.0</ele>
        <time>2025-07-05T11:54:57Z</time>
      </trkpt>
      <trkpt lat="31.11209061964119" lon="121.25639144808213">
        <ele>0.0</ele>
        <time>2025-07-05T11:54:58Z</time>
      </trkpt>
      <trkpt lat="31.11210062720734" lon="121.25636046556484">
        <ele>0.0</ele>
        <time>2025-07-05T11:54:59Z</time>
      </trkpt>
      <trkpt lat="31.112111630406652" lon="121.25633847761802">
        <ele>0.0</ele>
        <time>2025-07-05T11:55:00Z</time>
      </trkpt>
      <trkpt lat="31.112124632906568" lon="121.25631549007058">
        <ele>0.0</ele>
        <time>2025-07-05T11:55:01Z</time>
      </trkpt>
      <trkpt lat="31.11213663593739" lon="121.25629250258501">
        <ele>0.0</ele>
        <time>2025-07-05T11:55:02Z</time>
      </trkpt>
      <trkpt lat="31.1121496383982" lon="121.25626951499265">
        <ele>0.0</ele>
        <time>2025-07-05T11:55:03Z</time>
      </trkpt>
      <trkpt lat="31.11216164138991" lon="121.25624652746215">
        <ele>0.0</ele>
        <time>2025-07-05T11:55:04Z</time>
      </trkpt>
      <trkpt lat="31.11217264491249" lon="121.2562235399935">
        <ele>0.0</ele>
        <time>2025-07-05T11:55:05Z</time>
      </trkpt>
      <trkpt lat="31.112185647314636" lon="121.25620055233372">
        <ele>0.0</ele>
        <time>2025-07-05T11:55:06Z</time>
      </trkpt>
      <trkpt lat="31.112199649146806" lon="121.25617756456712">
        <ele>0.0</ele>
        <time>2025-07-05T11:55:07Z</time>
      </trkpt>
      <trkpt lat="31.11221265150985" lon="121.25615457686239">
        <ele>0.0</ele>
        <time>2025-07-05T11:55:08Z</time>
      </trkpt>
      <trkpt lat="31.11222665330293" lon="121.25613158905084">
        <ele>0.0</ele>
        <time>2025-07-05T11:55:09Z</time>
      </trkpt>
      <trkpt lat="31.112245651912758" lon="121.25610960021532">
        <ele>0.0</ele>
        <time>2025-07-05T11:55:10Z</time>
      </trkpt>
      <trkpt lat="31.112266643647374" lon="121.25610160308173">
        <ele>0.0</ele>
        <time>2025-07-05T11:55:11Z</time>
      </trkpt>
      <trkpt lat="31.11229063372874" lon="121.25609360569246">
        <ele>0.0</ele>
        <time>2025-07-05T11:55:12Z</time>
      </trkpt>
      <trkpt lat="31.11231561667924" lon="121.25610159894953">
        <ele>0.0</ele>
        <time>2025-07-05T11:55:13Z</time>
      </trkpt>
      <trkpt lat="31.112338600728396" lon="121.25610959237255">
        <ele>0.0</ele>
        <time>2025-07-05T11:55:14Z</time>
      </trkpt>
      <trkpt lat="31.112361585187482" lon="121.25611658637301">
        <ele>0.0</ele>
        <time>2025-07-05T11:55:15Z</time>
      </trkpt>
      <trkpt lat="31.112384569232756" lon="121.25612457979092">
        <ele>0.0</ele>
        <time>2025-07-05T11:55:16Z</time>
      </trkpt>
      <trkpt lat="31.11240355258805" lon="121.25613956947666">
        <ele>0.0</ele>
        <time>2025-07-05T11:55:17Z</time>
      </trkpt>
      <trkpt lat="31.112422538828202" lon="121.25614756322405">
        <ele>0.0</ele>
        <time>2025-07-05T11:55:18Z</time>
      </trkpt>
      <trkpt lat="31.11244152217107" lon="121.25616255289512">
        <ele>0.0</ele>
        <time>2025-07-05T11:55:19Z</time>
      </trkpt>
      <trkpt lat="31.112462504405226" lon="121.25617754238795">
        <ele>0.0</ele>
        <time>2025-07-05T11:55:20Z</time>
      </trkpt>
      <trkpt lat="31.11248348953417" lon="121.25618553595375">
        <ele>0.0</ele>
        <time>2025-07-05T11:55:21Z</time>
      </trkpt>
      <trkpt lat="31.112504474660977" lon="121.25619352951685">
        <ele>0.0</ele>
        <time>2025-07-05T11:55:22Z</time>
      </trkpt>
      <trkpt lat="31.11252745910031" lon="121.25620052349227">
        <ele>0.0</ele>
        <time>2025-07-05T11:55:23Z</time>
      </trkpt>
      <trkpt lat="31.112548444223165" lon="121.25620851705024">
        <ele>0.0</ele>
        <time>2025-07-05T11:55:24Z</time>
      </trkpt>
      <trkpt lat="31.112571428659155" lon="121.2562155110212">
        <ele>0.0</ele>
        <time>2025-07-05T11:55:25Z</time>
      </trkpt>
      <trkpt lat="31.112592413778057" lon="121.25622350457408">
        <ele>0.0</ele>
        <time>2025-07-05T11:55:26Z</time>
      </trkpt>
      <trkpt lat="31.112615397794443" lon="121.25623149795555">
        <ele>0.0</ele>
        <time>2025-07-05T11:55:27Z</time>
      </trkpt>
      <trkpt lat="31.112636383325658" lon="121.25623849208833">
        <ele>0.0</ele>
        <time>2025-07-05T11:55:28Z</time>
      </trkpt>
      <trkpt lat="31.112659367338136" lon="121.2562464854647">
        <ele>0.0</ele>
        <time>2025-07-05T11:55:29Z</time>
      </trkpt>
      <trkpt lat="31.11268235134853" lon="121.25625447883834">
        <ele>0.0</ele>
        <time>2025-07-05T11:55:30Z</time>
      </trkpt>
      <trkpt lat="31.112705335774248" lon="121.25626147279561">
        <ele>0.0</ele>
        <time>2025-07-05T11:55:31Z</time>
      </trkpt>
      <trkpt lat="31.112727320330894" lon="121.25626946624848">
        <ele>0.0</ele>
        <time>2025-07-05T11:55:32Z</time>
      </trkpt>
      <trkpt lat="31.112752303235077" lon="121.25627745944563">
        <ele>0.0</ele>
        <time>2025-07-05T11:55:33Z</time>
      </trkpt>
      <trkpt lat="31.112775290582515" lon="121.25627745750596">
        <ele>0.0</ele>
        <time>2025-07-05T11:55:34Z</time>
      </trkpt>
      <trkpt lat="31.11279827500343" lon="121.25628445145637">
        <ele>0.0</ele>
        <time>2025-07-05T11:55:35Z</time>
      </trkpt>
      <trkpt lat="31.112821259004285" lon="121.25629244481706">
        <ele>0.0</ele>
        <time>2025-07-05T11:55:36Z</time>
      </trkpt>
      <trkpt lat="31.11284424342188" lon="121.256299438763">
        <ele>0.0</ele>
        <time>2025-07-05T11:55:37Z</time>
      </trkpt>
      <trkpt lat="31.11286522851897" lon="121.25630743228727">
        <ele>0.0</ele>
        <time>2025-07-05T11:55:38Z</time>
      </trkpt>
      <trkpt lat="31.11288621361393" lon="121.25631542580882">
        <ele>0.0</ele>
        <time>2025-07-05T11:55:39Z</time>
      </trkpt>
      <trkpt lat="31.11290519686805" lon="121.25633041537272">
        <ele>0.0</ele>
        <time>2025-07-05T11:55:40Z</time>
      </trkpt>
      <trkpt lat="31.112922187517555" lon="121.25633041393903">
        <ele>0.0</ele>
        <time>2025-07-05T11:55:41Z</time>
      </trkpt>
      <trkpt lat="31.112941180425636" lon="121.25632241704919">
        <ele>0.0</ele>
        <time>2025-07-05T11:55:42Z</time>
      </trkpt>
      <trkpt lat="31.112960172912167" lon="121.25631541956808">
        <ele>0.0</ele>
        <time>2025-07-05T11:55:43Z</time>
      </trkpt>
      <trkpt lat="31.112983160262228" lon="121.25631541762839">
        <ele>0.0</ele>
        <time>2025-07-05T11:55:44Z</time>
      </trkpt>
      <trkpt lat="31.113006147612587" lon="121.25631541568869">
        <ele>0.0</ele>
        <time>2025-07-05T11:55:45Z</time>
      </trkpt>
      <trkpt lat="31.113027139417156" lon="121.25630741862511">
        <ele>0.0</ele>
        <time>2025-07-05T11:55:46Z</time>
      </trkpt>
      <trkpt lat="31.113048127867977" lon="121.25630741685409">
        <ele>0.0</ele>
        <time>2025-07-05T11:55:47Z</time>
      </trkpt>
      <trkpt lat="31.11306911967066" lon="121.25629941978778">
        <ele>0.0</ele>
        <time>2025-07-05T11:55:48Z</time>
      </trkpt>
      <trkpt lat="31.11309011105268" lon="121.25629242213115">
        <ele>0.0</ele>
        <time>2025-07-05T11:55:49Z</time>
      </trkpt>
      <trkpt lat="31.113113101751555" lon="121.25628442489109">
        <ele>0.0</ele>
        <time>2025-07-05T11:55:50Z</time>
      </trkpt>
      <trkpt lat="31.113132097572713" lon="121.2562694320932">
        <ele>0.0</ele>
        <time>2025-07-05T11:55:51Z</time>
      </trkpt>
      <trkpt lat="31.11315109338572" lon="121.25625443928577">
        <ele>0.0</ele>
        <time>2025-07-05T11:55:52Z</time>
      </trkpt>
      <trkpt lat="31.113170089607127" lon="121.25623844705413">
        <ele>0.0</ele>
        <time>2025-07-05T11:55:53Z</time>
      </trkpt>
      <trkpt lat="31.11318708650302" lon="121.25622345439561">
        <ele>0.0</ele>
        <time>2025-07-05T11:55:54Z</time>
      </trkpt>
      <trkpt lat="31.113206082290983" lon="121.25620846155886">
        <ele>0.0</ele>
        <time>2025-07-05T11:55:55Z</time>
      </trkpt>
      <trkpt lat="31.113227074066085" lon="121.25620046445893">
        <ele>0.0</ele>
        <time>2025-07-05T11:55:56Z</time>
      </trkpt>
      <trkpt lat="31.113247069291802" lon="121.25618547152318">
        <ele>0.0</ele>
        <time>2025-07-05T11:55:57Z</time>
      </trkpt>
      <trkpt lat="31.113268063959552" lon="121.25617047849354">
        <ele>0.0</ele>
        <time>2025-07-05T11:55:58Z</time>
      </trkpt>
      <trkpt lat="31.113287056823726" lon="121.25616248154937">
        <ele>0.0</ele>
        <time>2025-07-05T11:55:59Z</time>
      </trkpt>
      <trkpt lat="31.11330605257875" lon="121.25614748867375">
        <ele>0.0</ele>
        <time>2025-07-05T11:56:00Z</time>
      </trkpt>
      <trkpt lat="31.11332304653609" lon="121.25613949189041">
        <ele>0.0</ele>
        <time>2025-07-05T11:56:01Z</time>
      </trkpt>
      <trkpt lat="31.113340037189502" lon="121.25613949045673">
        <ele>0.0</ele>
        <time>2025-07-05T11:56:02Z</time>
      </trkpt>
      <trkpt lat="31.113351034030924" lon="121.25613249359589">
        <ele>0.0</ele>
        <time>2025-07-05T11:56:03Z</time>
      </trkpt>
      <trkpt lat="31.113359029632633" lon="121.25613249292121">
        <ele>0.0</ele>
        <time>2025-07-05T11:56:04Z</time>
      </trkpt>
      <trkpt lat="31.11336702853401" lon="121.25612449689177">
        <ele>0.0</ele>
        <time>2025-07-05T11:56:05Z</time>
      </trkpt>
      <trkpt lat="31.113374030865966" lon="121.25610950500395">
        <ele>0.0</ele>
        <time>2025-07-05T11:56:06Z</time>
      </trkpt>
      <trkpt lat="31.11338402866103" lon="121.25610150879803">
        <ele>0.0</ele>
        <time>2025-07-05T11:56:07Z</time>
      </trkpt>
      <trkpt lat="31.113397027681646" lon="121.25608651638953">
        <ele>0.0</ele>
        <time>2025-07-05T11:56:08Z</time>
      </trkpt>
      <trkpt lat="31.113413025044732" lon="121.25607152371846">
        <ele>0.0</ele>
        <time>2025-07-05T11:56:09Z</time>
      </trkpt>
      <trkpt lat="31.113432017880996" lon="121.2560635267406">
        <ele>0.0</ele>
        <time>2025-07-05T11:56:10Z</time>
      </trkpt>
      <trkpt lat="31.113449014681834" lon="121.25604853397056">
        <ele>0.0</ele>
        <time>2025-07-05T11:56:11Z</time>
      </trkpt>
      <trkpt lat="31.113468010783926" lon="121.25603254159884">
        <ele>0.0</ele>
        <time>2025-07-05T11:56:12Z</time>
      </trkpt>
      <trkpt lat="31.113491001001716" lon="121.25602554369415">
        <ele>0.0</ele>
        <time>2025-07-05T11:56:13Z</time>
      </trkpt>
      <trkpt lat="31.11351199599117" lon="121.25600955113812">
        <ele>0.0</ele>
        <time>2025-07-05T11:56:14Z</time>
      </trkpt>
      <trkpt lat="31.113530994514687" lon="121.25598756218862">
        <ele>0.0</ele>
        <time>2025-07-05T11:56:15Z</time>
      </trkpt>
      <trkpt lat="31.113541994978807" lon="121.25597157045009">
        <ele>0.0</ele>
        <time>2025-07-05T11:56:16Z</time>
      </trkpt>
      <trkpt lat="31.113555999465156" lon="121.2559415864697">
        <ele>0.0</ele>
        <time>2025-07-05T11:56:17Z</time>
      </trkpt>
      <trkpt lat="31.11357099729847" lon="121.25592659379048">
        <ele>0.0</ele>
        <time>2025-07-05T11:56:18Z</time>
      </trkpt>
      <trkpt lat="31.113585998357465" lon="121.25590360567175">
        <ele>0.0</ele>
        <time>2025-07-05T11:56:19Z</time>
      </trkpt>
      <trkpt lat="31.11359800104586" lon="121.25588061778352">
        <ele>0.0</ele>
        <time>2025-07-05T11:56:20Z</time>
      </trkpt>
      <trkpt lat="31.113605009680764" lon="121.25584963484611">
        <ele>0.0</ele>
        <time>2025-07-05T11:56:21Z</time>
      </trkpt>
      <trkpt lat="31.113613014521672" lon="121.25582664724237">
        <ele>0.0</ele>
        <time>2025-07-05T11:56:22Z</time>
      </trkpt>
      <trkpt lat="31.113626016594747" lon="121.25580365919444">
        <ele>0.0</ele>
        <time>2025-07-05T11:56:23Z</time>
      </trkpt>
      <trkpt lat="31.113641014351657" lon="121.25578866642715">
        <ele>0.0</ele>
        <time>2025-07-05T11:56:24Z</time>
      </trkpt>
      <trkpt lat="31.113657014743556" lon="121.25576567808902">
        <ele>0.0</ele>
        <time>2025-07-05T11:56:25Z</time>
      </trkpt>
      <trkpt lat="31.11366801786398" lon="121.25574269015002">
        <ele>0.0</ele>
        <time>2025-07-05T11:56:26Z</time>
      </trkpt>
      <trkpt lat="31.113678024294213" lon="121.2557127062146">
        <ele>0.0</ele>
        <time>2025-07-05T11:56:27Z</time>
      </trkpt>
      <trkpt lat="31.113689027369404" lon="121.2556897182237">
        <ele>0.0</ele>
        <time>2025-07-05T11:56:28Z</time>
      </trkpt>
      <trkpt lat="31.113703028776186" lon="121.25566672995728">
        <ele>0.0</ele>
        <time>2025-07-05T11:56:29Z</time>
      </trkpt>
      <trkpt lat="31.113716030712975" lon="121.25564374175268">
        <ele>0.0</ele>
        <time>2025-07-05T11:56:30Z</time>
      </trkpt>
      <trkpt lat="31.113727033729326" lon="121.2556207536942">
        <ele>0.0</ele>
        <time>2025-07-05T11:56:31Z</time>
      </trkpt>
      <trkpt lat="31.113743030835344" lon="121.25560576072569">
        <ele>0.0</ele>
        <time>2025-07-05T11:56:32Z</time>
      </trkpt>
      <trkpt lat="31.113760030521938" lon="121.25558277212399">
        <ele>0.0</ele>
        <time>2025-07-05T11:56:33Z</time>
      </trkpt>
      <trkpt lat="31.113775031288103" lon="121.2555597836684">
        <ele>0.0</ele>
        <time>2025-07-05T11:56:34Z</time>
      </trkpt>
      <trkpt lat="31.11378603423288" lon="121.25553679552762">
        <ele>0.0</ele>
        <time>2025-07-05T11:56:35Z</time>
      </trkpt>
      <trkpt lat="31.113796037707573" lon="121.25551380744862">
        <ele>0.0</ele>
        <time>2025-07-05T11:56:36Z</time>
      </trkpt>
      <trkpt lat="31.11380704061308" lon="121.25549081926276">
        <ele>0.0</ele>
        <time>2025-07-05T11:56:37Z</time>
      </trkpt>
      <trkpt lat="31.113819045663554" lon="121.25546083483658">
        <ele>0.0</ele>
        <time>2025-07-05T11:56:38Z</time>
      </trkpt>
      <trkpt lat="31.113830048523795" lon="121.25543784659877">
        <ele>0.0</ele>
        <time>2025-07-05T11:56:39Z</time>
      </trkpt>
      <trkpt lat="31.11384404971584" lon="121.25541485808539">
        <ele>0.0</ele>
        <time>2025-07-05T11:56:40Z</time>
      </trkpt>
      <trkpt lat="31.113857054132115" lon="121.25538487347771">
        <ele>0.0</ele>
        <time>2025-07-05T11:56:41Z</time>
      </trkpt>
      <trkpt lat="31.11386805692746" lon="121.25536188516536">
        <ele>0.0</ele>
        <time>2025-07-05T11:56:42Z</time>
      </trkpt>
      <trkpt lat="31.11388005915366" lon="121.25533889674611">
        <ele>0.0</ele>
        <time>2025-07-05T11:56:43Z</time>
      </trkpt>
      <trkpt lat="31.113891064966126" lon="121.25530791275557">
        <ele>0.0</ele>
        <time>2025-07-05T11:56:44Z</time>
      </trkpt>
      <trkpt lat="31.11390106824516" lon="121.25528492445201">
        <ele>0.0</ele>
        <time>2025-07-05T11:56:45Z</time>
      </trkpt>
      <trkpt lat="31.113912070574838" lon="121.25526293549781">
        <ele>0.0</ele>
        <time>2025-07-05T11:56:46Z</time>
      </trkpt>
      <trkpt lat="31.11391807904705" lon="121.25523195182843">
        <ele>0.0</ele>
        <time>2025-07-05T11:56:47Z</time>
      </trkpt>
      <trkpt lat="31.11392208858239" lon="121.2552009682867">
        <ele>0.0</ele>
        <time>2025-07-05T11:56:48Z</time>
      </trkpt>
      <trkpt lat="31.11392609468958" lon="121.25517897984395">
        <ele>0.0</ele>
        <time>2025-07-05T11:56:49Z</time>
      </trkpt>
      <trkpt lat="31.113929104713144" lon="121.25514799631645">
        <ele>0.0</ele>
        <time>2025-07-05T11:56:50Z</time>
      </trkpt>
      <trkpt lat="31.11393311115196" lon="121.25512500836184">
        <ele>0.0</ele>
        <time>2025-07-05T11:56:51Z</time>
      </trkpt>
      <trkpt lat="31.113937120189693" lon="121.25509502414195">
        <ele>0.0</ele>
        <time>2025-07-05T11:56:52Z</time>
      </trkpt>
      <trkpt lat="31.113939127681984" lon="121.25507203630397">
        <ele>0.0</ele>
        <time>2025-07-05T11:56:53Z</time>
      </trkpt>
      <trkpt lat="31.113943137032372" lon="121.25504105255052">
        <ele>0.0</ele>
        <time>2025-07-05T11:56:54Z</time>
      </trkpt>
      <trkpt lat="31.113947143379413" lon="121.25501806449086">
        <ele>0.0</ele>
        <time>2025-07-05T11:56:55Z</time>
      </trkpt>
      <trkpt lat="31.113949153396327" lon="121.25498808030255">
        <ele>0.0</ele>
        <time>2025-07-05T11:56:56Z</time>
      </trkpt>
      <trkpt lat="31.113952160247344" lon="121.25496509227514">
        <ele>0.0</ele>
        <time>2025-07-05T11:56:57Z</time>
      </trkpt>
      <trkpt lat="31.113952171671805" lon="121.25493410871735">
        <ele>0.0</ele>
        <time>2025-07-05T11:56:58Z</time>
      </trkpt>
      <trkpt lat="31.113954181594664" lon="121.25490412442142">
        <ele>0.0</ele>
        <time>2025-07-05T11:56:59Z</time>
      </trkpt>
      <trkpt lat="31.11395819075072" lon="121.25487314044553">
        <ele>0.0</ele>
        <time>2025-07-05T11:57:00Z</time>
      </trkpt>
      <trkpt lat="31.113958199151373" lon="121.25485015255809">
        <ele>0.0</ele>
        <time>2025-07-05T11:57:01Z</time>
      </trkpt>
      <trkpt lat="31.113958210079065" lon="121.25482016832312">
        <ele>0.0</ele>
        <time>2025-07-05T11:57:02Z</time>
      </trkpt>
      <trkpt lat="31.113956222434613" lon="121.25478918474192">
        <ele>0.0</ele>
        <time>2025-07-05T11:57:03Z</time>
      </trkpt>
      <trkpt lat="31.113954231862028" lon="121.25476619694058">
        <ele>0.0</ele>
        <time>2025-07-05T11:57:04Z</time>
      </trkpt>
      <trkpt lat="31.113952243794518" lon="121.25473621276656">
        <ele>0.0</ele>
        <time>2025-07-05T11:57:05Z</time>
      </trkpt>
      <trkpt lat="31.11395425385498" lon="121.25470522873671">
        <ele>0.0</ele>
        <time>2025-07-05T11:57:06Z</time>
      </trkpt>
      <trkpt lat="31.113956260653854" lon="121.25468323999648">
        <ele>0.0</ele>
        <time>2025-07-05T11:57:07Z</time>
      </trkpt>
      <trkpt lat="31.11395627175185" lon="121.25465225606504">
        <ele>0.0</ele>
        <time>2025-07-05T11:57:08Z</time>
      </trkpt>
      <trkpt lat="31.11395627996264" lon="121.25462926796031">
        <ele>0.0</ele>
        <time>2025-07-05T11:57:09Z</time>
      </trkpt>
      <trkpt lat="31.113954289252572" lon="121.25460628000161">
        <ele>0.0</ele>
        <time>2025-07-05T11:57:10Z</time>
      </trkpt>
      <trkpt lat="31.113952301005718" lon="121.25457629562231">
        <ele>0.0</ele>
        <time>2025-07-05T11:57:11Z</time>
      </trkpt>
      <trkpt lat="31.113950310250093" lon="121.25455330761147">
        <ele>0.0</ele>
        <time>2025-07-05T11:57:12Z</time>
      </trkpt>
      <trkpt lat="31.11394732002416" lon="121.25453031966232">
        <ele>0.0</ele>
        <time>2025-07-05T11:57:13Z</time>
      </trkpt>
      <trkpt lat="31.11394533204381" lon="121.25449933569664">
        <ele>0.0</ele>
        <time>2025-07-05T11:57:14Z</time>
      </trkpt>
      <trkpt lat="31.113943341221987" lon="121.25447634761001">
        <ele>0.0</ele>
        <time>2025-07-05T11:57:15Z</time>
      </trkpt>
      <trkpt lat="31.11394135003039" lon="121.25445435899157">
        <ele>0.0</ele>
        <time>2025-07-05T11:57:16Z</time>
      </trkpt>
      <trkpt lat="31.113939361961958" lon="121.25442337492505">
        <ele>0.0</ele>
        <time>2025-07-05T11:57:17Z</time>
      </trkpt>
      <trkpt lat="31.11393737107478" lon="121.25440038676362">
        <ele>0.0</ele>
        <time>2025-07-05T11:57:18Z</time>
      </trkpt>
      <trkpt lat="31.113935380167824" lon="121.25437739857955">
        <ele>0.0</ele>
        <time>2025-07-05T11:57:19Z</time>
      </trkpt>
      <trkpt lat="31.113931392763057" lon="121.25434741407489">
        <ele>0.0</ele>
        <time>2025-07-05T11:57:20Z</time>
      </trkpt>
      <trkpt lat="31.113927402909447" lon="121.25432442600726">
        <ele>0.0</ele>
        <time>2025-07-05T11:57:21Z</time>
      </trkpt>
      <trkpt lat="31.113922413585527" lon="121.2543014380013">
        <ele>0.0</ele>
        <time>2025-07-05T11:57:22Z</time>
      </trkpt>
      <trkpt lat="31.11391642479131" lon="121.25427845005703">
        <ele>0.0</ele>
        <time>2025-07-05T11:57:23Z</time>
      </trkpt>
      <trkpt lat="31.113914436518815" lon="121.25424746575692">
        <ele>0.0</ele>
        <time>2025-07-05T11:57:24Z</time>
      </trkpt>
      <trkpt lat="31.113908447336716" lon="121.25422547726006">
        <ele>0.0</ele>
        <time>2025-07-05T11:57:25Z</time>
      </trkpt>
      <trkpt lat="31.113906459002745" lon="121.25419449288957">
        <ele>0.0</ele>
        <time>2025-07-05T11:57:26Z</time>
      </trkpt>
      <trkpt lat="31.11391246352271" lon="121.25417150382799">
        <ele>0.0</ele>
        <time>2025-07-05T11:57:27Z</time>
      </trkpt>
      <trkpt lat="31.11391847039198" lon="121.25414151821543">
        <ele>0.0</ele>
        <time>2025-07-05T11:57:28Z</time>
      </trkpt>
      <trkpt lat="31.113918478163196" lon="121.25411852960757">
        <ele>0.0</ele>
        <time>2025-07-05T11:57:29Z</time>
      </trkpt>
      <trkpt lat="31.113916489705055" lon="121.25408754509496">
        <ele>0.0</ele>
        <time>2025-07-05T11:57:30Z</time>
      </trkpt>
      <trkpt lat="31.113914498528725" lon="121.25406455660253">
        <ele>0.0</ele>
        <time>2025-07-05T11:57:31Z</time>
      </trkpt>
      <trkpt lat="31.113912509673625" lon="121.25403457152699">
        <ele>0.0</ele>
        <time>2025-07-05T11:57:32Z</time>
      </trkpt>
      <trkpt lat="31.1139125173527" lon="121.25401158281366">
        <ele>0.0</ele>
        <time>2025-07-05T11:57:33Z</time>
      </trkpt>
      <trkpt lat="31.11391252501196" lon="121.25398859407765">
        <ele>0.0</ele>
        <time>2025-07-05T11:57:34Z</time>
      </trkpt>
      <trkpt lat="31.113910533750364" lon="121.25396560548761">
        <ele>0.0</ele>
        <time>2025-07-05T11:57:35Z</time>
      </trkpt>
      <trkpt lat="31.11391453917209" lon="121.25394261636895">
        <ele>0.0</ele>
        <time>2025-07-05T11:57:36Z</time>
      </trkpt>
      <trkpt lat="31.11391454413074" lon="121.25392762367323">
        <ele>0.0</ele>
        <time>2025-07-05T11:57:37Z</time>
      </trkpt>
      <trkpt lat="31.113910553915545" lon="121.25390463519167">
        <ele>0.0</ele>
        <time>2025-07-05T11:57:38Z</time>
      </trkpt>
      <trkpt lat="31.113908559951803" lon="121.25388964264016">
        <ele>0.0</ele>
        <time>2025-07-05T11:57:39Z</time>
      </trkpt>
      <trkpt lat="31.113910566406993" lon="121.25386665361519">
        <ele>0.0</ele>
        <time>2025-07-05T11:57:40Z</time>
      </trkpt>
      <trkpt lat="31.113912572842366" lon="121.25384366456754">
        <ele>0.0</ele>
        <time>2025-07-05T11:57:41Z</time>
      </trkpt>
      <trkpt lat="31.113918577060023" lon="121.25382067515993">
        <ele>0.0</ele>
        <time>2025-07-05T11:57:42Z</time>
      </trkpt>
      <trkpt lat="31.113925575822815" lon="121.25381267842464">
        <ele>0.0</ele>
        <time>2025-07-05T11:57:43Z</time>
      </trkpt>
      <trkpt lat="31.11393157968865" lon="121.25379068850569">
        <ele>0.0</ele>
        <time>2025-07-05T11:57:44Z</time>
      </trkpt>
      <trkpt lat="31.113935584959613" lon="121.25376769921442">
        <ele>0.0</ele>
        <time>2025-07-05T11:57:45Z</time>
      </trkpt>
      <trkpt lat="31.113943590599224" lon="121.25373671339207">
        <ele>0.0</ele>
        <time>2025-07-05T11:57:46Z</time>
      </trkpt>
      <trkpt lat="31.113950596430307" lon="121.25370672713566">
        <ele>0.0</ele>
        <time>2025-07-05T11:57:47Z</time>
      </trkpt>
      <trkpt lat="31.11396059833218" lon="121.25368373725559">
        <ele>0.0</ele>
        <time>2025-07-05T11:57:48Z</time>
      </trkpt>
      <trkpt lat="31.113969600763724" lon="121.25366074743712">
        <ele>0.0</ele>
        <time>2025-07-05T11:57:49Z</time>
      </trkpt>
      <trkpt lat="31.113983600428284" lon="121.25363775717436">
        <ele>0.0</ele>
        <time>2025-07-05T11:57:50Z</time>
      </trkpt>
      <trkpt lat="31.114000595875105" lon="121.25362276284896">
        <ele>0.0</ele>
        <time>2025-07-05T11:57:51Z</time>
      </trkpt>
      <trkpt lat="31.114019590533097" lon="121.25360676881813">
        <ele>0.0</ele>
        <time>2025-07-05T11:57:52Z</time>
      </trkpt>
      <trkpt lat="31.11403858232119" lon="121.25359977052503">
        <ele>0.0</ele>
        <time>2025-07-05T11:57:53Z</time>
      </trkpt>
      <trkpt lat="31.11405757664836" lon="121.2535847760065">
        <ele>0.0</ele>
        <time>2025-07-05T11:57:54Z</time>
      </trkpt>
      <trkpt lat="31.11407656874823" lon="121.25357677817837">
        <ele>0.0</ele>
        <time>2025-07-05T11:57:55Z</time>
      </trkpt>
      <trkpt lat="31.114097561964115" lon="121.25356178347641">
        <ele>0.0</ele>
        <time>2025-07-05T11:57:56Z</time>
      </trkpt>
      <trkpt lat="31.11411855295878" lon="121.25355378547174">
        <ele>0.0</ele>
        <time>2025-07-05T11:57:57Z</time>
      </trkpt>
      <trkpt lat="31.11413954395129" lon="121.25354578746433">
        <ele>0.0</ele>
        <time>2025-07-05T11:57:58Z</time>
      </trkpt>
      <trkpt lat="31.114160537150465" lon="121.25353079274241">
        <ele>0.0</ele>
        <time>2025-07-05T11:57:59Z</time>
      </trkpt>
      <trkpt lat="31.114183529242787" lon="121.25351579784221">
        <ele>0.0</ele>
        <time>2025-07-05T11:58:00Z</time>
      </trkpt>
      <trkpt lat="31.114206516608398" lon="121.25351579590286">
        <ele>0.0</ele>
        <time>2025-07-05T11:58:01Z</time>
      </trkpt>
      <trkpt lat="31.11423150539332" lon="121.2535077975451">
        <ele>0.0</ele>
        <time>2025-07-05T11:58:02Z</time>
      </trkpt>
      <trkpt lat="31.11425649386192" lon="121.25350079871633">
        <ele>0.0</ele>
        <time>2025-07-05T11:58:03Z</time>
      </trkpt>
      <trkpt lat="31.114280483192303" lon="121.25349280043775">
        <ele>0.0</ele>
        <time>2025-07-05T11:58:04Z</time>
      </trkpt>
      <trkpt lat="31.11430347055915" lon="121.2534927984984">
        <ele>0.0</ele>
        <time>2025-07-05T11:58:05Z</time>
      </trkpt>
      <trkpt lat="31.114328459338513" lon="121.25348480013277">
        <ele>0.0</ele>
        <time>2025-07-05T11:58:06Z</time>
      </trkpt>
      <trkpt lat="31.11435144670597" lon="121.2534847981934">
        <ele>0.0</ele>
        <time>2025-07-05T11:58:07Z</time>
      </trkpt>
      <trkpt lat="31.11437643517019" lon="121.25347779935771">
        <ele>0.0</ele>
        <time>2025-07-05T11:58:08Z</time>
      </trkpt>
      <trkpt lat="31.114399420343354" lon="121.25348479414603">
        <ele>0.0</ele>
        <time>2025-07-05T11:58:09Z</time>
      </trkpt>
      <trkpt lat="31.114422409906627" lon="121.25347779547899">
        <ele>0.0</ele>
        <time>2025-07-05T11:58:10Z</time>
      </trkpt>
      <trkpt lat="31.11444440033068" lon="121.25346979736115">
        <ele>0.0</ele>
        <time>2025-07-05T11:58:11Z</time>
      </trkpt>
      <trkpt lat="31.11446738769962" lon="121.25346979542178">
        <ele>0.0</ele>
        <time>2025-07-05T11:58:12Z</time>
      </trkpt>
      <trkpt lat="31.114492376474352" lon="121.25346179704823">
        <ele>0.0</ele>
        <time>2025-07-05T11:58:13Z</time>
      </trkpt>
      <trkpt lat="31.1145173602418" lon="121.25346979120575">
        <ele>0.0</ele>
        <time>2025-07-05T11:58:14Z</time>
      </trkpt>
      <trkpt lat="31.114528346989424" lon="121.25349277952631">
        <ele>0.0</ele>
        <time>2025-07-05T11:58:15Z</time>
      </trkpt>
      <trkpt lat="31.114532335041183" lon="121.25352376466138">
        <ele>0.0</ele>
        <time>2025-07-05T11:58:16Z</time>
      </trkpt>
      <trkpt lat="31.11453432700048" lon="121.25354575415777">
        <ele>0.0</ele>
        <time>2025-07-05T11:58:17Z</time>
      </trkpt>
      <trkpt lat="31.11453631862481" lon="121.25356874316215">
        <ele>0.0</ele>
        <time>2025-07-05T11:58:18Z</time>
      </trkpt>
      <trkpt lat="31.11453830768648" lon="121.25359972836472">
        <ele>0.0</ele>
        <time>2025-07-05T11:58:19Z</time>
      </trkpt>
      <trkpt lat="31.114544297067724" lon="121.2536227169785">
        <ele>0.0</ele>
        <time>2025-07-05T11:58:20Z</time>
      </trkpt>
      <trkpt lat="31.114548287527395" lon="121.25364570573822">
        <ele>0.0</ele>
        <time>2025-07-05T11:58:21Z</time>
      </trkpt>
      <trkpt lat="31.11455327741812" lon="121.25366869439091">
        <ele>0.0</ele>
        <time>2025-07-05T11:58:22Z</time>
      </trkpt>
      <trkpt lat="31.114565263766632" lon="121.25369068290713">
        <ele>0.0</ele>
        <time>2025-07-05T11:58:23Z</time>
      </trkpt>
      <trkpt lat="31.114576259975372" lon="121.25368368531382">
        <ele>0.0</ele>
        <time>2025-07-05T11:58:24Z</time>
      </trkpt>
      <trkpt lat="31.114582261493794" lon="121.25366869194558">
        <ele>0.0</ele>
        <time>2025-07-05T11:58:25Z</time>
      </trkpt>
      <trkpt lat="31.114578268814867" lon="121.25365269988575">
        <ele>0.0</ele>
        <time>2025-07-05T11:58:26Z</time>
      </trkpt>
      <trkpt lat="31.11457028055761" lon="121.25362971147024">
        <ele>0.0</ele>
        <time>2025-07-05T11:58:27Z</time>
      </trkpt>
      <trkpt lat="31.11456328918412" lon="121.25361471916341">
        <ele>0.0</ele>
        <time>2025-07-05T11:58:28Z</time>
      </trkpt>
      <trkpt lat="31.114557299795916" lon="121.25359173054173">
        <ele>0.0</ele>
        <time>2025-07-05T11:58:29Z</time>
      </trkpt>
      <trkpt lat="31.11455730709316" lon="121.2535687413914">
        <ele>0.0</ele>
        <time>2025-07-05T11:58:32Z</time>
      </trkpt>
      <trkpt lat="31.114561304896682" lon="121.25356874105412">
        <ele>0.0</ele>
        <time>2025-07-05T11:58:36Z</time>
      </trkpt>
      <trkpt lat="31.114559313272327" lon="121.25354575204975">
        <ele>0.0</ele>
        <time>2025-07-05T11:58:37Z</time>
      </trkpt>
      <trkpt lat="31.114557321312997" lon="121.25352376255336">
        <ele>0.0</ele>
        <time>2025-07-05T11:58:38Z</time>
      </trkpt>
      <trkpt lat="31.11455533216294" lon="121.25349277724965">
        <ele>0.0</ele>
        <time>2025-07-05T11:58:39Z</time>
      </trkpt>
      <trkpt lat="31.114553345165707" lon="121.2534547951701">
        <ele>0.0</ele>
        <time>2025-07-05T11:58:40Z</time>
      </trkpt>
      <trkpt lat="31.11455135593541" lon="121.25342380977453">
        <ele>0.0</ele>
        <time>2025-07-05T11:58:41Z</time>
      </trkpt>
      <trkpt lat="31.11454836690793" lon="121.25339382395832">
        <ele>0.0</ele>
        <time>2025-07-05T11:58:42Z</time>
      </trkpt>
      <trkpt lat="31.114546375132587" lon="121.25337083478108">
        <ele>0.0</ele>
        <time>2025-07-05T11:58:43Z</time>
      </trkpt>
      <trkpt lat="31.114544383337396" lon="121.25334784558112">
        <ele>0.0</ele>
        <time>2025-07-05T11:58:44Z</time>
      </trkpt>
      <trkpt lat="31.11453839371887" lon="121.2533248566957">
        <ele>0.0</ele>
        <time>2025-07-05T11:58:45Z</time>
      </trkpt>
      <trkpt lat="31.11453440298224" lon="121.25330186761892">
        <ele>0.0</ele>
        <time>2025-07-05T11:58:46Z</time>
      </trkpt>
      <trkpt lat="31.114530414366566" lon="121.25327188172976">
        <ele>0.0</ele>
        <time>2025-07-05T11:58:47Z</time>
      </trkpt>
      <trkpt lat="31.1145264235842" lon="121.2532488926006">
        <ele>0.0</ele>
        <time>2025-07-05T11:58:48Z</time>
      </trkpt>
      <trkpt lat="31.114525433565117" lon="121.25321790684636">
        <ele>0.0</ele>
        <time>2025-07-05T11:58:49Z</time>
      </trkpt>
      <trkpt lat="31.114521442736134" lon="121.2531949176638">
        <ele>0.0</ele>
        <time>2025-07-05T11:58:50Z</time>
      </trkpt>
      <trkpt lat="31.114521451803405" lon="121.25316493129942">
        <ele>0.0</ele>
        <time>2025-07-05T11:58:51Z</time>
      </trkpt>
      <trkpt lat="31.114519459830372" lon="121.25314194189585">
        <ele>0.0</ele>
        <time>2025-07-05T11:58:52Z</time>
      </trkpt>
      <trkpt lat="31.11451347003405" lon="121.25311895280679">
        <ele>0.0</ele>
        <time>2025-07-05T11:58:53Z</time>
      </trkpt>
      <trkpt lat="31.11450548131618" lon="121.25309596386363">
        <ele>0.0</ele>
        <time>2025-07-05T11:58:54Z</time>
      </trkpt>
      <trkpt lat="31.114498494115967" lon="121.2530659779618">
        <ele>0.0</ele>
        <time>2025-07-05T11:58:55Z</time>
      </trkpt>
      <trkpt lat="31.11449450315575" lon="121.25304298862895">
        <ele>0.0</ele>
        <time>2025-07-05T11:58:56Z</time>
      </trkpt>
      <trkpt lat="31.114494509979046" lon="121.25301999893607">
        <ele>0.0</ele>
        <time>2025-07-05T11:58:57Z</time>
      </trkpt>
      <trkpt lat="31.114490518979093" lon="121.25299700955772">
        <ele>0.0</ele>
        <time>2025-07-05T11:58:58Z</time>
      </trkpt>
      <trkpt lat="31.11448653031411" lon="121.25296602372055">
        <ele>0.0</ele>
        <time>2025-07-05T11:58:59Z</time>
      </trkpt>
      <trkpt lat="31.114481539523315" lon="121.25294403392874">
        <ele>0.0</ele>
        <time>2025-07-05T11:59:00Z</time>
      </trkpt>
      <trkpt lat="31.114473550654374" lon="121.25292104481247">
        <ele>0.0</ele>
        <time>2025-07-05T11:59:01Z</time>
      </trkpt>
      <trkpt lat="31.11446756066725" lon="121.2528980555048">
        <ele>0.0</ele>
        <time>2025-07-05T11:59:02Z</time>
      </trkpt>
      <trkpt lat="31.11446356956192" lon="121.25287506600576">
        <ele>0.0</ele>
        <time>2025-07-05T11:59:03Z</time>
      </trkpt>
      <trkpt lat="31.1144565824024" lon="121.25284408025881">
        <ele>0.0</ele>
        <time>2025-07-05T11:59:04Z</time>
      </trkpt>
      <trkpt lat="31.114450592348774" lon="121.25282109087495">
        <ele>0.0</ele>
        <time>2025-07-05T11:59:05Z</time>
      </trkpt>
      <trkpt lat="31.114446600889007" lon="121.25279910086157">
        <ele>0.0</ele>
        <time>2025-07-05T11:59:06Z</time>
      </trkpt>
      <trkpt lat="31.11444261199344" lon="121.2527681147603">
        <ele>0.0</ele>
        <time>2025-07-05T11:59:07Z</time>
      </trkpt>
      <trkpt lat="31.114435622423333" lon="121.25274512538553">
        <ele>0.0</ele>
        <time>2025-07-05T11:59:08Z</time>
      </trkpt>
      <trkpt lat="31.11443563098335" lon="121.25271513844044">
        <ele>0.0</ele>
        <time>2025-07-05T11:59:09Z</time>
      </trkpt>
      <trkpt lat="31.11443363862149" lon="121.2526921485916">
        <ele>0.0</ele>
        <time>2025-07-05T11:59:10Z</time>
      </trkpt>
      <trkpt lat="31.114435644042985" lon="121.25266915838273">
        <ele>0.0</ele>
        <time>2025-07-05T11:59:11Z</time>
      </trkpt>
      <trkpt lat="31.114431652739714" lon="121.252646168657">
        <ele>0.0</ele>
        <time>2025-07-05T11:59:12Z</time>
      </trkpt>
      <trkpt lat="31.11442366136165" lon="121.25263117579988">
        <ele>0.0</ele>
        <time>2025-07-05T11:59:13Z</time>
      </trkpt>
      <trkpt lat="31.114418672819497" lon="121.25260018955873">
        <ele>0.0</ele>
        <time>2025-07-05T11:59:14Z</time>
      </trkpt>
      <trkpt lat="31.114412682554978" lon="121.25257719993328">
        <ele>0.0</ele>
        <time>2025-07-05T11:59:15Z</time>
      </trkpt>
      <trkpt lat="31.11440669422066" lon="121.25254721327708">
        <ele>0.0</ele>
        <time>2025-07-05T11:59:16Z</time>
      </trkpt>
      <trkpt lat="31.11439970445953" lon="121.25252422368345">
        <ele>0.0</ele>
        <time>2025-07-05T11:59:17Z</time>
      </trkpt>
      <trkpt lat="31.11439171522774" lon="121.25250123415134">
        <ele>0.0</ele>
        <time>2025-07-05T11:59:18Z</time>
      </trkpt>
      <trkpt lat="31.114387725984862" lon="121.25247024765233">
        <ele>0.0</ele>
        <time>2025-07-05T11:59:19Z</time>
      </trkpt>
      <trkpt lat="31.114379736431683" lon="121.2524482576437">
        <ele>0.0</ele>
        <time>2025-07-05T11:59:20Z</time>
      </trkpt>
      <trkpt lat="31.114374747676234" lon="121.25241727115821">
        <ele>0.0</ele>
        <time>2025-07-05T11:59:21Z</time>
      </trkpt>
      <trkpt lat="31.11437275723696" lon="121.25238628437837">
        <ele>0.0</ele>
        <time>2025-07-05T11:59:22Z</time>
      </trkpt>
      <trkpt lat="31.114370766490282" lon="121.25235629713808">
        <ele>0.0</ele>
        <time>2025-07-05T11:59:23Z</time>
      </trkpt>
      <trkpt lat="31.114366777078295" lon="121.2523253104454">
        <ele>0.0</ele>
        <time>2025-07-05T11:59:24Z</time>
      </trkpt>
      <trkpt lat="31.114360786306698" lon="121.25230332013071">
        <ele>0.0</ele>
        <time>2025-07-05T11:59:25Z</time>
      </trkpt>
      <trkpt lat="31.11435779628366" lon="121.2522723332829">
        <ele>0.0</ele>
        <time>2025-07-05T11:59:26Z</time>
      </trkpt>
      <trkpt lat="31.11435580567521" lon="121.25224134630935">
        <ele>0.0</ele>
        <time>2025-07-05T11:59:27Z</time>
      </trkpt>
      <trkpt lat="31.11435181373561" lon="121.25221935574638">
        <ele>0.0</ele>
        <time>2025-07-05T11:59:28Z</time>
      </trkpt>
      <trkpt lat="31.11434582314153" lon="121.25219636574336">
        <ele>0.0</ele>
        <time>2025-07-05T11:59:29Z</time>
      </trkpt>
      <trkpt lat="31.11433683628907" lon="121.25216537925844">
        <ele>0.0</ele>
        <time>2025-07-05T11:59:30Z</time>
      </trkpt>
      <trkpt lat="31.114328848588293" lon="121.25213539223826">
        <ele>0.0</ele>
        <time>2025-07-05T11:59:31Z</time>
      </trkpt>
      <trkpt lat="31.114324856823036" lon="121.25211240198331">
        <ele>0.0</ele>
        <time>2025-07-05T11:59:32Z</time>
      </trkpt>
      <trkpt lat="31.114315867784125" lon="121.25208941212712">
        <ele>0.0</ele>
        <time>2025-07-05T11:59:33Z</time>
      </trkpt>
      <trkpt lat="31.11431187597905" lon="121.25206642182654">
        <ele>0.0</ele>
        <time>2025-07-05T11:59:34Z</time>
      </trkpt>
      <trkpt lat="31.11431388085852" lon="121.25204343099729">
        <ele>0.0</ele>
        <time>2025-07-05T11:59:35Z</time>
      </trkpt>
      <trkpt lat="31.114315887527436" lon="121.25201344297616">
        <ele>0.0</ele>
        <time>2025-07-05T11:59:36Z</time>
      </trkpt>
      <trkpt lat="31.114309896755028" lon="121.25199045276882">
        <ele>0.0</ele>
        <time>2025-07-05T11:59:37Z</time>
      </trkpt>
      <trkpt lat="31.114307901968438" lon="121.25197445938437">
        <ele>0.0</ele>
        <time>2025-07-05T11:59:38Z</time>
      </trkpt>
      <trkpt lat="31.11430191295343" lon="121.25194447194845">
        <ele>0.0</ele>
        <time>2025-07-05T11:59:39Z</time>
      </trkpt>
      <trkpt lat="31.11429991788395" lon="121.25192947813163">
        <ele>0.0</ele>
        <time>2025-07-05T11:59:40Z</time>
      </trkpt>
      <trkpt lat="31.11429592594028" lon="121.25190648767233">
        <ele>0.0</ele>
        <time>2025-07-05T11:59:41Z</time>
      </trkpt>
      <trkpt lat="31.114294932328878" lon="121.25188349693725">
        <ele>0.0</ele>
        <time>2025-07-05T11:59:42Z</time>
      </trkpt>
      <trkpt lat="31.114288941443878" lon="121.25186050660093">
        <ele>0.0</ele>
        <time>2025-07-05T11:59:43Z</time>
      </trkpt>
      <trkpt lat="31.11428295255149" lon="121.25182951941382">
        <ele>0.0</ele>
        <time>2025-07-05T11:59:44Z</time>
      </trkpt>
      <trkpt lat="31.114280957417034" lon="121.25181452552256">
        <ele>0.0</ele>
        <time>2025-07-05T11:59:45Z</time>
      </trkpt>
      <trkpt lat="31.11427896427517" lon="121.25179153478051">
        <ele>0.0</ele>
        <time>2025-07-05T11:59:46Z</time>
      </trkpt>
      <trkpt lat="31.114288964522117" lon="121.2517685430039">
        <ele>0.0</ele>
        <time>2025-07-05T11:59:47Z</time>
      </trkpt>
      <trkpt lat="31.114299964199912" lon="121.25174555112017">
        <ele>0.0</ele>
        <time>2025-07-05T11:59:48Z</time>
      </trkpt>
      <trkpt lat="31.114314961413417" lon="121.25172355848461">
        <ele>0.0</ele>
        <time>2025-07-05T11:59:49Z</time>
      </trkpt>
      <trkpt lat="31.11433495808037" lon="121.25169256892215">
        <ele>0.0</ele>
        <time>2025-07-05T11:59:50Z</time>
      </trkpt>
      <trkpt lat="31.11435195611391" lon="121.25166257918202">
        <ele>0.0</ele>
        <time>2025-07-05T11:59:51Z</time>
      </trkpt>
      <trkpt lat="31.11436895435765" lon="121.25163158979088">
        <ele>0.0</ele>
        <time>2025-07-05T11:59:52Z</time>
      </trkpt>
      <trkpt lat="31.114383951720274" lon="121.25160859743389">
        <ele>0.0</ele>
        <time>2025-07-05T11:59:53Z</time>
      </trkpt>
      <trkpt lat="31.114404945767845" lon="121.25158560454821">
        <ele>0.0</ele>
        <time>2025-07-05T11:59:54Z</time>
      </trkpt>
      <trkpt lat="31.114427936765324" lon="121.25157060839122">
        <ele>0.0</ele>
        <time>2025-07-05T11:59:55Z</time>
      </trkpt>
      <trkpt lat="31.114448928852966" lon="121.25155561239315">
        <ele>0.0</ele>
        <time>2025-07-05T11:59:56Z</time>
      </trkpt>
      <trkpt lat="31.114465925051995" lon="121.25153261979209">
        <ele>0.0</ele>
        <time>2025-07-05T11:59:57Z</time>
      </trkpt>
      <trkpt lat="31.114477925890647" lon="121.25150163064849">
        <ele>0.0</ele>
        <time>2025-07-05T11:59:58Z</time>
      </trkpt>
      <trkpt lat="31.114475934143467" lon="121.25147164226287">
        <ele>0.0</ele>
        <time>2025-07-05T11:59:59Z</time>
      </trkpt>
      <trkpt lat="31.114473942599112" lon="121.25144065421796">
        <ele>0.0</ele>
        <time>2025-07-05T12:00:00Z</time>
      </trkpt>
      <trkpt lat="31.11446994834275" lon="121.25142566024341">
        <ele>0.0</ele>
        <time>2025-07-05T12:00:01Z</time>
      </trkpt>
      <trkpt lat="31.11446196003963" lon="121.25139467264275">
        <ele>0.0</ele>
        <time>2025-07-05T12:00:02Z</time>
      </trkpt>
      <trkpt lat="31.114458966848293" lon="121.25137268119136">
        <ele>0.0</ele>
        <time>2025-07-05T12:00:03Z</time>
      </trkpt>
      <trkpt lat="31.114460971126167" lon="121.25134968967315">
        <ele>0.0</ele>
        <time>2025-07-05T12:00:04Z</time>
      </trkpt>
      <trkpt lat="31.114456980537486" lon="121.25131870163345">
        <ele>0.0</ele>
        <time>2025-07-05T12:00:05Z</time>
      </trkpt>
      <trkpt lat="31.1144509891619" lon="121.25129571073604">
        <ele>0.0</ele>
        <time>2025-07-05T12:00:06Z</time>
      </trkpt>
      <trkpt lat="31.114446996668004" lon="121.25127271964716">
        <ele>0.0</ele>
        <time>2025-07-05T12:00:07Z</time>
      </trkpt>
      <trkpt lat="31.114441005252523" lon="121.25124972870405">
        <ele>0.0</ele>
        <time>2025-07-05T12:00:08Z</time>
      </trkpt>
      <trkpt lat="31.114439013220135" lon="121.25121973999181">
        <ele>0.0</ele>
        <time>2025-07-05T12:00:09Z</time>
      </trkpt>
      <trkpt lat="31.11443801901274" lon="121.25119674857447">
        <ele>0.0</ele>
        <time>2025-07-05T12:00:10Z</time>
      </trkpt>
      <trkpt lat="31.11443402801872" lon="121.25116675996215">
        <ele>0.0</ele>
        <time>2025-07-05T12:00:11Z</time>
      </trkpt>
      <trkpt lat="31.114432034314504" lon="121.25114376857643">
        <ele>0.0</ele>
        <time>2025-07-05T12:00:12Z</time>
      </trkpt>
      <trkpt lat="31.114430042386484" lon="121.25111278009214">
        <ele>0.0</ele>
        <time>2025-07-05T12:00:13Z</time>
      </trkpt>
      <trkpt lat="31.114428050198967" lon="121.2510827912023">
        <ele>0.0</ele>
        <time>2025-07-05T12:00:14Z</time>
      </trkpt>
      <trkpt lat="31.114426058199562" lon="121.25105180263627">
        <ele>0.0</ele>
        <time>2025-07-05T12:00:15Z</time>
      </trkpt>
      <trkpt lat="31.11442006659227" lon="121.25102881147345">
        <ele>0.0</ele>
        <time>2025-07-05T12:00:16Z</time>
      </trkpt>
      <trkpt lat="31.114415074415824" lon="121.25100582020342">
        <ele>0.0</ele>
        <time>2025-07-05T12:00:17Z</time>
      </trkpt>
      <trkpt lat="31.114409084303922" lon="121.25097583151201">
        <ele>0.0</ele>
        <time>2025-07-05T12:00:18Z</time>
      </trkpt>
      <trkpt lat="31.11440309263068" lon="121.25095284027358">
        <ele>0.0</ele>
        <time>2025-07-05T12:00:19Z</time>
      </trkpt>
      <trkpt lat="31.114397102675944" lon="121.25092185187054">
        <ele>0.0</ele>
        <time>2025-07-05T12:00:20Z</time>
      </trkpt>
      <trkpt lat="31.114396108209792" lon="121.25089886015688">
        <ele>0.0</ele>
        <time>2025-07-05T12:00:21Z</time>
      </trkpt>
      <trkpt lat="31.114392115155844" lon="121.25087686831813">
        <ele>0.0</ele>
        <time>2025-07-05T12:00:22Z</time>
      </trkpt>
      <trkpt lat="31.11438612339666" lon="121.25085387698124">
        <ele>0.0</ele>
        <time>2025-07-05T12:00:23Z</time>
      </trkpt>
      <trkpt lat="31.114378132715945" lon="121.25083088579008">
        <ele>0.0</ele>
        <time>2025-07-05T12:00:24Z</time>
      </trkpt>
      <trkpt lat="31.11437314206922" lon="121.25079989713915">
        <ele>0.0</ele>
        <time>2025-07-05T12:00:25Z</time>
      </trkpt>
      <trkpt lat="31.114365151341648" lon="121.25077690589427">
        <ele>0.0</ele>
        <time>2025-07-05T12:00:26Z</time>
      </trkpt>
      <trkpt lat="31.11436115839721" lon="121.25075391428928">
        <ele>0.0</ele>
        <time>2025-07-05T12:00:27Z</time>
      </trkpt>
      <trkpt lat="31.114357166901467" lon="121.25072392510225">
        <ele>0.0</ele>
        <time>2025-07-05T12:00:28Z</time>
      </trkpt>
      <trkpt lat="31.114350173887004" lon="121.25070893091568">
        <ele>0.0</ele>
        <time>2025-07-05T12:00:29Z</time>
      </trkpt>
      <trkpt lat="31.11434418198198" lon="121.25068593941162">
        <ele>0.0</ele>
        <time>2025-07-05T12:00:30Z</time>
      </trkpt>
      <trkpt lat="31.114336191155466" lon="121.25066294805329">
        <ele>0.0</ele>
        <time>2025-07-05T12:00:31Z</time>
      </trkpt>
      <trkpt lat="31.114331200312083" lon="121.25063195917704">
        <ele>0.0</ele>
        <time>2025-07-05T12:00:32Z</time>
      </trkpt>
      <trkpt lat="31.114327207241708" lon="121.25060896742774">
        <ele>0.0</ele>
        <time>2025-07-05T12:00:33Z</time>
      </trkpt>
      <trkpt lat="31.114321216680157" lon="121.25057897822111">
        <ele>0.0</ele>
        <time>2025-07-05T12:00:34Z</time>
      </trkpt>
      <trkpt lat="31.114315226287662" lon="121.25054798931647">
        <ele>0.0</ele>
        <time>2025-07-05T12:00:35Z</time>
      </trkpt>
      <trkpt lat="31.11430823458989" lon="121.25052599739652">
        <ele>0.0</ele>
        <time>2025-07-05T12:00:36Z</time>
      </trkpt>
      <trkpt lat="31.1143062419383" lon="121.25049500808356">
        <ele>0.0</ele>
        <time>2025-07-05T12:00:37Z</time>
      </trkpt>
      <trkpt lat="31.114302248748878" lon="121.25047201619789">
        <ele>0.0</ele>
        <time>2025-07-05T12:00:38Z</time>
      </trkpt>
      <trkpt lat="31.114296258032063" lon="121.25044202681335">
        <ele>0.0</ele>
        <time>2025-07-05T12:00:39Z</time>
      </trkpt>
      <trkpt lat="31.114291265345848" lon="121.25041903495921">
        <ele>0.0</ele>
        <time>2025-07-05T12:00:40Z</time>
      </trkpt>
      <trkpt lat="31.114287273667415" lon="121.25038804567127">
        <ele>0.0</ele>
        <time>2025-07-05T12:00:41Z</time>
      </trkpt>
      <trkpt lat="31.11428128148354" lon="121.25036505384766">
        <ele>0.0</ele>
        <time>2025-07-05T12:00:42Z</time>
      </trkpt>
      <trkpt lat="31.114279288448337" lon="121.25033506398694">
        <ele>0.0</ele>
        <time>2025-07-05T12:00:43Z</time>
      </trkpt>
      <trkpt lat="31.114273296218396" lon="121.25031207211055">
        <ele>0.0</ele>
        <time>2025-07-05T12:00:44Z</time>
      </trkpt>
      <trkpt lat="31.114272302766754" lon="121.25028108242607">
        <ele>0.0</ele>
        <time>2025-07-05T12:00:45Z</time>
      </trkpt>
      <trkpt lat="31.114268309391313" lon="121.2502580903273">
        <ele>0.0</ele>
        <time>2025-07-05T12:00:46Z</time>
      </trkpt>
      <trkpt lat="31.114268313607546" lon="121.250236097541">
        <ele>0.0</ele>
        <time>2025-07-05T12:00:47Z</time>
      </trkpt>
      <trkpt lat="31.11426631909441" lon="121.25021310522881">
        <ele>0.0</ele>
        <time>2025-07-05T12:00:48Z</time>
      </trkpt>
      <trkpt lat="31.11426432607599" lon="121.25018211549572">
        <ele>0.0</ele>
        <time>2025-07-05T12:00:49Z</time>
      </trkpt>
      <trkpt lat="31.114258333713014" lon="121.25015912346693">
        <ele>0.0</ele>
        <time>2025-07-05T12:00:50Z</time>
      </trkpt>
      <trkpt lat="31.11424734407649" lon="121.25013613183674">
        <ele>0.0</ele>
        <time>2025-07-05T12:00:51Z</time>
      </trkpt>
      <trkpt lat="31.11424135167355" lon="121.25011313976214">
        <ele>0.0</ele>
        <time>2025-07-05T12:00:52Z</time>
      </trkpt>
      <trkpt lat="31.114235360549653" lon="121.2500831499112">
        <ele>0.0</ele>
        <time>2025-07-05T12:00:53Z</time>
      </trkpt>
      <trkpt lat="31.114235364804856" lon="121.25006015727797">
        <ele>0.0</ele>
        <time>2025-07-05T12:00:54Z</time>
      </trkpt>
      <trkpt lat="31.114231369766394" lon="121.25004516240725">
        <ele>0.0</ele>
        <time>2025-07-05T12:00:55Z</time>
      </trkpt>
      <trkpt lat="31.11423037307153" lon="121.25003016727386">
        <ele>0.0</ele>
        <time>2025-07-05T12:00:56Z</time>
      </trkpt>
      <trkpt lat="31.11422038277363" lon="121.25000717543084">
        <ele>0.0</ele>
        <time>2025-07-05T12:00:57Z</time>
      </trkpt>
      <trkpt lat="31.114209393005083" lon="121.2499841836492">
        <ele>0.0</ele>
        <time>2025-07-05T12:00:58Z</time>
      </trkpt>
      <trkpt lat="31.114199404112682" lon="121.249953194283">
        <ele>0.0</ele>
        <time>2025-07-05T12:00:59Z</time>
      </trkpt>
      <trkpt lat="31.114189415004603" lon="121.24992320456131">
        <ele>0.0</ele>
        <time>2025-07-05T12:01:00Z</time>
      </trkpt>
      <trkpt lat="31.11418242439278" lon="121.24989221486027">
        <ele>0.0</ele>
        <time>2025-07-05T12:01:01Z</time>
      </trkpt>
      <trkpt lat="31.11417843067907" lon="121.24986922237387">
        <ele>0.0</ele>
        <time>2025-07-05T12:01:02Z</time>
      </trkpt>
      <trkpt lat="31.11417043914267" lon="121.24984623020178">
        <ele>0.0</ele>
        <time>2025-07-05T12:01:03Z</time>
      </trkpt>
      <trkpt lat="31.114163448265263" lon="121.2498162400881">
        <ele>0.0</ele>
        <time>2025-07-05T12:01:04Z</time>
      </trkpt>
      <trkpt lat="31.11415745697867" lon="121.249785250159">
        <ele>0.0</ele>
        <time>2025-07-05T12:01:05Z</time>
      </trkpt>
      <trkpt lat="31.114153464384028" lon="121.24975525971306">
        <ele>0.0</ele>
        <time>2025-07-05T12:01:06Z</time>
      </trkpt>
      <trkpt lat="31.114149471927202" lon="121.24972426953339">
        <ele>0.0</ele>
        <time>2025-07-05T12:01:07Z</time>
      </trkpt>
      <trkpt lat="31.114144481177227" lon="121.24968628152253">
        <ele>0.0</ele>
        <time>2025-07-05T12:01:08Z</time>
      </trkpt>
      <trkpt lat="31.114142487371492" lon="121.24965629077927">
        <ele>0.0</ele>
        <time>2025-07-05T12:01:09Z</time>
      </trkpt>
      <trkpt lat="31.114138493452415" lon="121.24963329805762">
        <ele>0.0</ele>
        <time>2025-07-05T12:01:10Z</time>
      </trkpt>
      <trkpt lat="31.114134500852455" lon="121.24960230771399">
        <ele>0.0</ele>
        <time>2025-07-05T12:01:11Z</time>
      </trkpt>
      <trkpt lat="31.114128507985086" lon="121.24957931510707">
        <ele>0.0</ele>
        <time>2025-07-05T12:01:12Z</time>
      </trkpt>
      <trkpt lat="31.114123515705913" lon="121.24954932447754">
        <ele>0.0</ele>
        <time>2025-07-05T12:01:13Z</time>
      </trkpt>
      <trkpt lat="31.114117522792423" lon="121.24952633181778">
        <ele>0.0</ele>
        <time>2025-07-05T12:01:14Z</time>
      </trkpt>
      <trkpt lat="31.114111531165648" lon="121.24949534149891">
        <ele>0.0</ele>
        <time>2025-07-05T12:01:15Z</time>
      </trkpt>
      <trkpt lat="31.114107536944097" lon="121.24947334832237">
        <ele>0.0</ele>
        <time>2025-07-05T12:01:16Z</time>
      </trkpt>
      <trkpt lat="31.114104542316365" lon="121.2494503553339">
        <ele>0.0</ele>
        <time>2025-07-05T12:01:17Z</time>
      </trkpt>
      <trkpt lat="31.114098550600414" lon="121.24941936491288">
        <ele>0.0</ele>
        <time>2025-07-05T12:01:18Z</time>
      </trkpt>
      <trkpt lat="31.114096555376285" lon="121.24939637178625">
        <ele>0.0</ele>
        <time>2025-07-05T12:01:19Z</time>
      </trkpt>
      <trkpt lat="31.11409056232963" lon="121.24937337897387">
        <ele>0.0</ele>
        <time>2025-07-05T12:01:20Z</time>
      </trkpt>
      <trkpt lat="31.114084569262953" lon="121.24935038613856">
        <ele>0.0</ele>
        <time>2025-07-05T12:01:21Z</time>
      </trkpt>
      <trkpt lat="31.114081574371273" lon="121.24932839273936">
        <ele>0.0</ele>
        <time>2025-07-05T12:01:22Z</time>
      </trkpt>
      <trkpt lat="31.114079580314627" lon="121.24929740181709">
        <ele>0.0</ele>
        <time>2025-07-05T12:01:23Z</time>
      </trkpt>
      <trkpt lat="31.114075586083008" lon="121.24927440873736">
        <ele>0.0</ele>
        <time>2025-07-05T12:01:24Z</time>
      </trkpt>
      <trkpt lat="31.114075590710527" lon="121.24924441728947">
        <ele>0.0</ele>
        <time>2025-07-05T12:01:25Z</time>
      </trkpt>
      <trkpt lat="31.11407159413632" lon="121.24923641990064">
        <ele>0.0</ele>
        <time>2025-07-05T12:01:27Z</time>
      </trkpt>
      <trkpt lat="31.11405860250421" lon="121.24922842326772">
        <ele>0.0</ele>
        <time>2025-07-05T12:01:28Z</time>
      </trkpt>
      <trkpt lat="31.11404660909697" lon="121.2492284242793">
        <ele>0.0</ele>
        <time>2025-07-05T12:01:29Z</time>
      </trkpt>
      <trkpt lat="31.114029619507455" lon="121.24922142769736">
        <ele>0.0</ele>
        <time>2025-07-05T12:01:30Z</time>
      </trkpt>
      <trkpt lat="31.114010629946332" lon="121.24922142929903">
        <ele>0.0</ele>
        <time>2025-07-05T12:01:31Z</time>
      </trkpt>
      <trkpt lat="31.11399164038541" lon="121.24922143090068">
        <ele>0.0</ele>
        <time>2025-07-05T12:01:32Z</time>
      </trkpt>
      <trkpt lat="31.113972649754082" lon="121.24922843051733">
        <ele>0.0</ele>
        <time>2025-07-05T12:01:33Z</time>
      </trkpt>
      <trkpt lat="31.113949661165545" lon="121.24923643018498">
        <ele>0.0</ele>
        <time>2025-07-05T12:01:34Z</time>
      </trkpt>
      <trkpt lat="31.113926671498174" lon="121.24925142785786">
        <ele>0.0</ele>
        <time>2025-07-05T12:01:35Z</time>
      </trkpt>
      <trkpt lat="31.113903684136044" lon="121.24925142979671">
        <ele>0.0</ele>
        <time>2025-07-05T12:01:36Z</time>
      </trkpt>
      <trkpt lat="31.11389269125705" lon="121.24924443271597">
        <ele>0.0</ele>
        <time>2025-07-05T12:01:37Z</time>
      </trkpt>
      <trkpt lat="31.113886695782217" lon="121.24923643549573">
        <ele>0.0</ele>
        <time>2025-07-05T12:01:38Z</time>
      </trkpt>
      <trkpt lat="31.11388070259686" lon="121.2492134425237">
        <ele>0.0</ele>
        <time>2025-07-05T12:01:39Z</time>
      </trkpt>
      <trkpt lat="31.113875709902516" lon="121.2491834514179">
        <ele>0.0</ele>
        <time>2025-07-05T12:01:40Z</time>
      </trkpt>
      <trkpt lat="31.11387171557202" lon="121.2491604582244">
        <ele>0.0</ele>
        <time>2025-07-05T12:01:41Z</time>
      </trkpt>
      <trkpt lat="31.113869720122494" lon="121.24913746483932">
        <ele>0.0</ele>
        <time>2025-07-05T12:01:42Z</time>
      </trkpt>
      <trkpt lat="31.113867723461663" lon="121.2491224691997">
        <ele>0.0</ele>
        <time>2025-07-05T12:01:43Z</time>
      </trkpt>
      <trkpt lat="31.113861730177028" lon="121.24909947611391">
        <ele>0.0</ele>
        <time>2025-07-05T12:01:44Z</time>
      </trkpt>
      <trkpt lat="31.11385773577337" lon="121.24907648283657">
        <ele>0.0</ele>
        <time>2025-07-05T12:01:45Z</time>
      </trkpt>
      <trkpt lat="31.113852741899176" lon="121.24905348962056">
        <ele>0.0</ele>
        <time>2025-07-05T12:01:46Z</time>
      </trkpt>
      <trkpt lat="31.11385074635643" lon="121.24903049612873">
        <ele>0.0</ele>
        <time>2025-07-05T12:01:47Z</time>
      </trkpt>
      <trkpt lat="31.113844752991678" lon="121.24900750295112">
        <ele>0.0</ele>
        <time>2025-07-05T12:01:48Z</time>
      </trkpt>
      <trkpt lat="31.113840759513764" lon="121.24897751149285">
        <ele>0.0</ele>
        <time>2025-07-05T12:01:49Z</time>
      </trkpt>
      <trkpt lat="31.113840763946108" lon="121.24894651992985">
        <ele>0.0</ele>
        <time>2025-07-05T12:01:50Z</time>
      </trkpt>
      <trkpt lat="31.113840767211087" lon="121.24892352616261">
        <ele>0.0</ele>
        <time>2025-07-05T12:01:51Z</time>
      </trkpt>
      <trkpt lat="31.113838771555045" lon="121.248900532541">
        <ele>0.0</ele>
        <time>2025-07-05T12:01:52Z</time>
      </trkpt>
      <trkpt lat="31.11383377850502" lon="121.24887054102773">
        <ele>0.0</ele>
        <time>2025-07-05T12:01:53Z</time>
      </trkpt>
      <trkpt lat="31.113825786099902" lon="121.24884754785899">
        <ele>0.0</ele>
        <time>2025-07-05T12:01:54Z</time>
      </trkpt>
      <trkpt lat="31.113821792577603" lon="121.24881655645825">
        <ele>0.0</ele>
        <time>2025-07-05T12:01:55Z</time>
      </trkpt>
      <trkpt lat="31.11381480053116" lon="121.24878656500417">
        <ele>0.0</ele>
        <time>2025-07-05T12:01:56Z</time>
      </trkpt>
      <trkpt lat="31.113810806937206" lon="121.24875557352136">
        <ele>0.0</ele>
        <time>2025-07-05T12:01:57Z</time>
      </trkpt>
      <trkpt lat="31.113810810035684" lon="121.24873257956342">
        <ele>0.0</ele>
        <time>2025-07-05T12:01:58Z</time>
      </trkpt>
      <trkpt lat="31.113806816245162" lon="121.24870258774706">
        <ele>0.0</ele>
        <time>2025-07-05T12:01:59Z</time>
      </trkpt>
      <trkpt lat="31.11380082259463" lon="121.24867959424198">
        <ele>0.0</ele>
        <time>2025-07-05T12:02:00Z</time>
      </trkpt>
      <trkpt lat="31.113794828924064" lon="121.24865660071394">
        <ele>0.0</ele>
        <time>2025-07-05T12:02:01Z</time>
      </trkpt>
      <trkpt lat="31.113789835596684" lon="121.24862660888287">
        <ele>0.0</ele>
        <time>2025-07-05T12:02:02Z</time>
      </trkpt>
      <trkpt lat="31.11378584078085" lon="121.24860361513332">
        <ele>0.0</ele>
        <time>2025-07-05T12:02:03Z</time>
      </trkpt>
      <trkpt lat="31.113781846971907" lon="121.24857262340419">
        <ele>0.0</ele>
        <time>2025-07-05T12:02:04Z</time>
      </trkpt>
      <trkpt lat="31.113777852999473" lon="121.24854263137941">
        <ele>0.0</ele>
        <time>2025-07-05T12:02:05Z</time>
      </trkpt>
      <trkpt lat="31.113772858659964" lon="121.24851963763025">
        <ele>0.0</ele>
        <time>2025-07-05T12:02:06Z</time>
      </trkpt>
      <trkpt lat="31.113768864752313" lon="121.24848864578804">
        <ele>0.0</ele>
        <time>2025-07-05T12:02:07Z</time>
      </trkpt>
      <trkpt lat="31.11376486981618" lon="121.24846565190064">
        <ele>0.0</ele>
        <time>2025-07-05T12:02:08Z</time>
      </trkpt>
      <trkpt lat="31.113762874622957" lon="121.24843565956789">
        <ele>0.0</ele>
        <time>2025-07-05T12:02:09Z</time>
      </trkpt>
      <trkpt lat="31.113758880616587" lon="121.24840466761259">
        <ele>0.0</ele>
        <time>2025-07-05T12:02:10Z</time>
      </trkpt>
      <trkpt lat="31.113754885607214" lon="121.24838167364129">
        <ele>0.0</ele>
        <time>2025-07-05T12:02:11Z</time>
      </trkpt>
      <trkpt lat="31.11375188990811" lon="121.24835967931674">
        <ele>0.0</ele>
        <time>2025-07-05T12:02:12Z</time>
      </trkpt>
      <trkpt lat="31.11374989471329" lon="121.24832868709053">
        <ele>0.0</ele>
        <time>2025-07-05T12:02:13Z</time>
      </trkpt>
      <trkpt lat="31.113745900581154" lon="121.24829769499117">
        <ele>0.0</ele>
        <time>2025-07-05T12:02:14Z</time>
      </trkpt>
      <trkpt lat="31.113741906295953" lon="121.24826770260809">
        <ele>0.0</ele>
        <time>2025-07-05T12:02:15Z</time>
      </trkpt>
      <trkpt lat="31.113737911167117" lon="121.24824470849993">
        <ele>0.0</ele>
        <time>2025-07-05T12:02:16Z</time>
      </trkpt>
      <trkpt lat="31.113730916746498" lon="121.2482297127002">
        <ele>0.0</ele>
        <time>2025-07-05T12:02:17Z</time>
      </trkpt>
      <trkpt lat="31.11373091938624" lon="121.24820671821688">
        <ele>0.0</ele>
        <time>2025-07-05T12:02:18Z</time>
      </trkpt>
      <trkpt lat="31.113733920357195" lon="121.24818372345771">
        <ele>0.0</ele>
        <time>2025-07-05T12:02:19Z</time>
      </trkpt>
      <trkpt lat="31.11373092539273" lon="121.24815373084178">
        <ele>0.0</ele>
        <time>2025-07-05T12:02:20Z</time>
      </trkpt>
      <trkpt lat="31.11372493126362" lon="121.24813073678828">
        <ele>0.0</ele>
        <time>2025-07-05T12:02:21Z</time>
      </trkpt>
      <trkpt lat="31.1137209360153" lon="121.24810774254321">
        <ele>0.0</ele>
        <time>2025-07-05T12:02:22Z</time>
      </trkpt>
      <trkpt lat="31.113714942722535" lon="121.24807675031484">
        <ele>0.0</ele>
        <time>2025-07-05T12:02:23Z</time>
      </trkpt>
      <trkpt lat="31.113709947107242" lon="121.24806175423703">
        <ele>0.0</ele>
        <time>2025-07-05T12:02:24Z</time>
      </trkpt>
      <trkpt lat="31.11370395376042" lon="121.2480307619467">
        <ele>0.0</ele>
        <time>2025-07-05T12:02:25Z</time>
      </trkpt>
      <trkpt lat="31.113697959417276" lon="121.24800876753955">
        <ele>0.0</ele>
        <time>2025-07-05T12:02:26Z</time>
      </trkpt>
      <trkpt lat="31.11369196516176" lon="121.24798577334116">
        <ele>0.0</ele>
        <time>2025-07-05T12:02:27Z</time>
      </trkpt>
      <trkpt lat="31.11369096813821" lon="121.24796277869832">
        <ele>0.0</ele>
        <time>2025-07-05T12:02:28Z</time>
      </trkpt>
      <trkpt lat="31.11368697274338" lon="121.24793978428538">
        <ele>0.0</ele>
        <time>2025-07-05T12:02:29Z</time>
      </trkpt>
      <trkpt lat="31.11368097842769" lon="121.24791679001801">
        <ele>0.0</ele>
        <time>2025-07-05T12:02:30Z</time>
      </trkpt>
      <trkpt lat="31.113674984091954" lon="121.24789379572766">
        <ele>0.0</ele>
        <time>2025-07-05T12:02:31Z</time>
      </trkpt>
      <trkpt lat="31.113672987537736" lon="121.24787080107717">
        <ele>0.0</ele>
        <time>2025-07-05T12:02:32Z</time>
      </trkpt>
      <trkpt lat="31.11367498946911" lon="121.24784080763177">
        <ele>0.0</ele>
        <time>2025-07-05T12:02:33Z</time>
      </trkpt>
      <trkpt lat="31.113674991769436" lon="121.24781781275972">
        <ele>0.0</ele>
        <time>2025-07-05T12:02:34Z</time>
      </trkpt>
      <trkpt lat="31.113676993738903" lon="121.24778681946633">
        <ele>0.0</ele>
        <time>2025-07-05T12:02:35Z</time>
      </trkpt>
      <trkpt lat="31.113674997773074" lon="121.24775682624858">
        <ele>0.0</ele>
        <time>2025-07-05T12:02:36Z</time>
      </trkpt>
      <trkpt lat="31.113673001099297" lon="121.24773383146115">
        <ele>0.0</ele>
        <time>2025-07-05T12:02:37Z</time>
      </trkpt>
      <trkpt lat="31.113670005717978" lon="121.24770283847604">
        <ele>0.0</ele>
        <time>2025-07-05T12:02:38Z</time>
      </trkpt>
      <trkpt lat="31.113668009656536" lon="121.24767284514877">
        <ele>0.0</ele>
        <time>2025-07-05T12:02:39Z</time>
      </trkpt>
      <trkpt lat="31.113662015852295" lon="121.24764185233435">
        <ele>0.0</ele>
        <time>2025-07-05T12:02:40Z</time>
      </trkpt>
      <trkpt lat="31.113658020820637" lon="121.24761185909611">
        <ele>0.0</ele>
        <time>2025-07-05T12:02:41Z</time>
      </trkpt>
      <trkpt lat="31.113656024746206" lon="121.24758086586235">
        <ele>0.0</ele>
        <time>2025-07-05T12:02:42Z</time>
      </trkpt>
      <trkpt lat="31.11365402854588" lon="121.24755087237595">
        <ele>0.0</ele>
        <time>2025-07-05T12:02:43Z</time>
      </trkpt>
      <trkpt lat="31.11365003349892" lon="121.24751987922858">
        <ele>0.0</ele>
        <time>2025-07-05T12:02:44Z</time>
      </trkpt>
      <trkpt lat="31.113645038267162" lon="121.24749688445708">
        <ele>0.0</ele>
        <time>2025-07-05T12:02:45Z</time>
      </trkpt>
      <trkpt lat="31.113639044169695" lon="121.24746689119833">
        <ele>0.0</ele>
        <time>2025-07-05T12:02:46Z</time>
      </trkpt>
      <trkpt lat="31.113635049023934" lon="121.24743589793772">
        <ele>0.0</ele>
        <time>2025-07-05T12:02:47Z</time>
      </trkpt>
      <trkpt lat="31.113631054428108" lon="121.24739790606581">
        <ele>0.0</ele>
        <time>2025-07-05T12:02:48Z</time>
      </trkpt>
      <trkpt lat="31.113629058019438" lon="121.24736791234078">
        <ele>0.0</ele>
        <time>2025-07-05T12:02:49Z</time>
      </trkpt>
      <trkpt lat="31.113624063306844" lon="121.24733691903104">
        <ele>0.0</ele>
        <time>2025-07-05T12:02:50Z</time>
      </trkpt>
      <trkpt lat="31.113622066828718" lon="121.24730692522645">
        <ele>0.0</ele>
        <time>2025-07-05T12:02:51Z</time>
      </trkpt>
      <trkpt lat="31.113618071494727" lon="121.24727593175022">
        <ele>0.0</ele>
        <time>2025-07-05T12:02:52Z</time>
      </trkpt>
      <trkpt lat="31.113612077145692" lon="121.2472459382032">
        <ele>0.0</ele>
        <time>2025-07-05T12:02:53Z</time>
      </trkpt>
      <trkpt lat="31.113610080640658" lon="121.24721494447618">
        <ele>0.0</ele>
        <time>2025-07-05T12:02:54Z</time>
      </trkpt>
      <trkpt lat="31.113607084573257" lon="121.24718495059673">
        <ele>0.0</ele>
        <time>2025-07-05T12:02:55Z</time>
      </trkpt>
      <trkpt lat="31.113601089598795" lon="121.24716195557453">
        <ele>0.0</ele>
        <time>2025-07-05T12:02:56Z</time>
      </trkpt>
      <trkpt lat="31.113597094094214" lon="121.24713096190285">
        <ele>0.0</ele>
        <time>2025-07-05T12:02:57Z</time>
      </trkpt>
      <trkpt lat="31.113595097381516" lon="121.24710096782955">
        <ele>0.0</ele>
        <time>2025-07-05T12:02:58Z</time>
      </trkpt>
      <trkpt lat="31.11358910290446" lon="121.24706997424421">
        <ele>0.0</ele>
        <time>2025-07-05T12:02:59Z</time>
      </trkpt>
      <trkpt lat="31.11358610618068" lon="121.24704697885412">
        <ele>0.0</ele>
        <time>2025-07-05T12:03:00Z</time>
      </trkpt>
      <trkpt lat="31.113582110471633" lon="121.24701698483982">
        <ele>0.0</ele>
        <time>2025-07-05T12:03:01Z</time>
      </trkpt>
      <trkpt lat="31.113576115350558" lon="121.24699398964958">
        <ele>0.0</ele>
        <time>2025-07-05T12:03:02Z</time>
      </trkpt>
      <trkpt lat="31.113574118548993" lon="121.24696299558283">
        <ele>0.0</ele>
        <time>2025-07-05T12:03:03Z</time>
      </trkpt>
      <trkpt lat="31.113568123843613" lon="121.24693300162751">
        <ele>0.0</ele>
        <time>2025-07-05T12:03:04Z</time>
      </trkpt>
      <trkpt lat="31.113563128099567" lon="121.24691000626898">
        <ele>0.0</ele>
        <time>2025-07-05T12:03:05Z</time>
      </trkpt>
      <trkpt lat="31.11355913229848" lon="121.24687901225757">
        <ele>0.0</ele>
        <time>2025-07-05T12:03:06Z</time>
      </trkpt>
      <trkpt lat="31.11355513595763" lon="121.24685601676072">
        <ele>0.0</ele>
        <time>2025-07-05T12:03:07Z</time>
      </trkpt>
      <trkpt lat="31.113551140031095" lon="121.24682602249722">
        <ele>0.0</ele>
        <time>2025-07-05T12:03:08Z</time>
      </trkpt>
      <trkpt lat="31.11354714364398" lon="121.24680302694735">
        <ele>0.0</ele>
        <time>2025-07-05T12:03:09Z</time>
      </trkpt>
      <trkpt lat="31.113544147107415" lon="121.2467730325304">
        <ele>0.0</ele>
        <time>2025-07-05T12:03:10Z</time>
      </trkpt>
      <trkpt lat="31.11354015067403" lon="121.24675003692751">
        <ele>0.0</ele>
        <time>2025-07-05T12:03:11Z</time>
      </trkpt>
      <trkpt lat="31.113532156419286" lon="121.24672704163878">
        <ele>0.0</ele>
        <time>2025-07-05T12:03:12Z</time>
      </trkpt>
      <trkpt lat="31.11352816040286" lon="121.24669604738064">
        <ele>0.0</ele>
        <time>2025-07-05T12:03:13Z</time>
      </trkpt>
      <trkpt lat="31.113525163352573" lon="121.24667305161643">
        <ele>0.0</ele>
        <time>2025-07-05T12:03:14Z</time>
      </trkpt>
      <trkpt lat="31.11352116721764" lon="121.24664305711414">
        <ele>0.0</ele>
        <time>2025-07-05T12:03:15Z</time>
      </trkpt>
      <trkpt lat="31.113517170670768" lon="121.24662006138121">
        <ele>0.0</ele>
        <time>2025-07-05T12:03:16Z</time>
      </trkpt>
      <trkpt lat="31.11351317410381" lon="121.24659706562527">
        <ele>0.0</ele>
        <time>2025-07-05T12:03:17Z</time>
      </trkpt>
      <trkpt lat="31.11350717898172" lon="121.24656707119239">
        <ele>0.0</ele>
        <time>2025-07-05T12:03:18Z</time>
      </trkpt>
      <trkpt lat="31.1135041818188" lon="121.24654407529913">
        <ele>0.0</ele>
        <time>2025-07-05T12:03:19Z</time>
      </trkpt>
      <trkpt lat="31.1135021840861" lon="121.24652107929857">
        <ele>0.0</ele>
        <time>2025-07-05T12:03:20Z</time>
      </trkpt>
      <trkpt lat="31.113496188926643" lon="121.24649008493124">
        <ele>0.0</ele>
        <time>2025-07-05T12:03:21Z</time>
      </trkpt>
      <trkpt lat="31.11349219224619" lon="121.24646708904524">
        <ele>0.0</ele>
        <time>2025-07-05T12:03:22Z</time>
      </trkpt>
      <trkpt lat="31.113486196976066" lon="121.24643709444271">
        <ele>0.0</ele>
        <time>2025-07-05T12:03:23Z</time>
      </trkpt>
      <trkpt lat="31.113483199699637" lon="121.24641409841938">
        <ele>0.0</ele>
        <time>2025-07-05T12:03:24Z</time>
      </trkpt>
      <trkpt lat="31.113477204414277" lon="121.24638310390776">
        <ele>0.0</ele>
        <time>2025-07-05T12:03:25Z</time>
      </trkpt>
      <trkpt lat="31.11347320759616" lon="121.24636110775562">
        <ele>0.0</ele>
        <time>2025-07-05T12:03:26Z</time>
      </trkpt>
      <trkpt lat="31.11347121004958" lon="121.24633011283538">
        <ele>0.0</ele>
        <time>2025-07-05T12:03:27Z</time>
      </trkpt>
      <trkpt lat="31.113467213229427" lon="121.24630711678928">
        <ele>0.0</ele>
        <time>2025-07-05T12:03:28Z</time>
      </trkpt>
      <trkpt lat="31.11346421583948" lon="121.24628412063589">
        <ele>0.0</ele>
        <time>2025-07-05T12:03:29Z</time>
      </trkpt>
      <trkpt lat="31.113462218162063" lon="121.2462541254574">
        <ele>0.0</ele>
        <time>2025-07-05T12:03:30Z</time>
      </trkpt>
      <trkpt lat="31.113458221275547" lon="121.24623112933526">
        <ele>0.0</ele>
        <time>2025-07-05T12:03:31Z</time>
      </trkpt>
      <trkpt lat="31.113454224675376" lon="121.24620013440827">
        <ele>0.0</ele>
        <time>2025-07-05T12:03:32Z</time>
      </trkpt>
      <trkpt lat="31.113454225542807" lon="121.24617713789496">
        <ele>0.0</ele>
        <time>2025-07-05T12:03:33Z</time>
      </trkpt>
      <trkpt lat="31.11345022884295" lon="121.24614714274539">
        <ele>0.0</ele>
        <time>2025-07-05T12:03:34Z</time>
      </trkpt>
      <trkpt lat="31.11344423296245" lon="121.24612414668476">
        <ele>0.0</ele>
        <time>2025-07-05T12:03:35Z</time>
      </trkpt>
      <trkpt lat="31.11343923675196" lon="121.2460941515503">
        <ele>0.0</ele>
        <time>2025-07-05T12:03:36Z</time>
      </trkpt>
      <trkpt lat="31.11343523972573" lon="121.24607115526807">
        <ele>0.0</ele>
        <time>2025-07-05T12:03:37Z</time>
      </trkpt>
      <trkpt lat="31.11343124267942" lon="121.24604815896282">
        <ele>0.0</ele>
        <time>2025-07-05T12:03:38Z</time>
      </trkpt>
      <trkpt lat="31.113427245863853" lon="121.24601716378903">
        <ele>0.0</ele>
        <time>2025-07-05T12:03:39Z</time>
      </trkpt>
      <trkpt lat="31.11341825127527" lon="121.24600216670471">
        <ele>0.0</ele>
        <time>2025-07-05T12:03:40Z</time>
      </trkpt>
      <trkpt lat="31.11340825746721" lon="121.24597917083614">
        <ele>0.0</ele>
        <time>2025-07-05T12:03:41Z</time>
      </trkpt>
      <trkpt lat="31.11340126198985" lon="121.2459561746917">
        <ele>0.0</ele>
        <time>2025-07-05T12:03:42Z</time>
      </trkpt>
      <trkpt lat="31.113397264843158" lon="121.24593317827137">
        <ele>0.0</ele>
        <time>2025-07-05T12:03:43Z</time>
      </trkpt>
      <trkpt lat="31.1133912687759" lon="121.2459101819966">
        <ele>0.0</ele>
        <time>2025-07-05T12:03:44Z</time>
      </trkpt>
      <trkpt lat="31.11338527266228" lon="121.24588818556033">
        <ele>0.0</ele>
        <time>2025-07-05T12:03:45Z</time>
      </trkpt>
      <trkpt lat="31.113380275827065" lon="121.24587218819254">
        <ele>0.0</ele>
        <time>2025-07-05T12:03:46Z</time>
      </trkpt>
      <trkpt lat="31.113382275308446" lon="121.24584919118246">
        <ele>0.0</ele>
        <time>2025-07-05T12:03:47Z</time>
      </trkpt>
      <trkpt lat="31.113376279334553" lon="121.24581919577334">
        <ele>0.0</ele>
        <time>2025-07-05T12:03:48Z</time>
      </trkpt>
      <trkpt lat="31.113372282068237" lon="121.24579619921593">
        <ele>0.0</ele>
        <time>2025-07-05T12:03:49Z</time>
      </trkpt>
      <trkpt lat="31.11336828478184" lon="121.2457732026355">
        <ele>0.0</ele>
        <time>2025-07-05T12:03:50Z</time>
      </trkpt>
      <trkpt lat="31.113368285422755" lon="121.24574320662147">
        <ele>0.0</ele>
        <time>2025-07-05T12:03:51Z</time>
      </trkpt>
      <trkpt lat="31.113368286049127" lon="121.24571221069918">
        <ele>0.0</ele>
        <time>2025-07-05T12:03:52Z</time>
      </trkpt>
      <trkpt lat="31.113368286767145" lon="121.24567421564062">
        <ele>0.0</ele>
        <time>2025-07-05T12:03:53Z</time>
      </trkpt>
      <trkpt lat="31.113364289374182" lon="121.24565121893811">
        <ele>0.0</ele>
        <time>2025-07-05T12:03:54Z</time>
      </trkpt>
      <trkpt lat="31.113363290425863" lon="121.24562122284914">
        <ele>0.0</ele>
        <time>2025-07-05T12:03:55Z</time>
      </trkpt>
      <trkpt lat="31.113357294086164" lon="121.24559822626215">
        <ele>0.0</ele>
        <time>2025-07-05T12:03:56Z</time>
      </trkpt>
      <trkpt lat="31.113349298940044" lon="121.24556723081857">
        <ele>0.0</ele>
        <time>2025-07-05T12:03:57Z</time>
      </trkpt>
      <trkpt lat="31.11334330255322" lon="121.24554423417754">
        <ele>0.0</ele>
        <time>2025-07-05T12:03:58Z</time>
      </trkpt>
      <trkpt lat="31.113336306696105" lon="121.24552123759779">
        <ele>0.0</ele>
        <time>2025-07-05T12:03:59Z</time>
      </trkpt>
      <trkpt lat="31.113332309249046" lon="121.24549124159198">
        <ele>0.0</ele>
        <time>2025-07-05T12:04:00Z</time>
      </trkpt>
      <trkpt lat="31.113328311696296" lon="121.24546824470633">
        <ele>0.0</ele>
        <time>2025-07-05T12:04:01Z</time>
      </trkpt>
      <trkpt lat="31.113322315297644" lon="121.24543724891883">
        <ele>0.0</ele>
        <time>2025-07-05T12:04:02Z</time>
      </trkpt>
      <trkpt lat="31.113317318239222" lon="121.24541525194552">
        <ele>0.0</ele>
        <time>2025-07-05T12:04:03Z</time>
      </trkpt>
      <trkpt lat="31.113311321778205" lon="121.24538425608652">
        <ele>0.0</ele>
        <time>2025-07-05T12:04:04Z</time>
      </trkpt>
      <trkpt lat="31.113305325231643" lon="121.24536125926237">
        <ele>0.0</ele>
        <time>2025-07-05T12:04:05Z</time>
      </trkpt>
      <trkpt lat="31.113303326502724" lon="121.24533126287915">
        <ele>0.0</ele>
        <time>2025-07-05T12:04:06Z</time>
      </trkpt>
      <trkpt lat="31.113300328260458" lon="121.24530826574912">
        <ele>0.0</ele>
        <time>2025-07-05T12:04:07Z</time>
      </trkpt>
      <trkpt lat="31.11330132779887" lon="121.24528526825893">
        <ele>0.0</ele>
        <time>2025-07-05T12:04:08Z</time>
      </trkpt>
      <trkpt lat="31.11330332678637" lon="121.24525427155032">
        <ele>0.0</ele>
        <time>2025-07-05T12:04:09Z</time>
      </trkpt>
      <trkpt lat="31.113294331749273" lon="121.24524727308437">
        <ele>0.0</ele>
        <time>2025-07-05T12:04:10Z</time>
      </trkpt>
      <trkpt lat="31.113284337273843" lon="121.24523127569175">
        <ele>0.0</ele>
        <time>2025-07-05T12:04:11Z</time>
      </trkpt>
      <trkpt lat="31.11327734113852" lon="121.2452162779259">
        <ele>0.0</ele>
        <time>2025-07-05T12:04:12Z</time>
      </trkpt>
      <trkpt lat="31.11327334334521" lon="121.2452012798974">
        <ele>0.0</ele>
        <time>2025-07-05T12:04:13Z</time>
      </trkpt>
      <trkpt lat="31.113267346643013" lon="121.24518628202767">
        <ele>0.0</ele>
        <time>2025-07-05T12:04:14Z</time>
      </trkpt>
      <trkpt lat="31.113261349923626" lon="121.24516328500538">
        <ele>0.0</ele>
        <time>2025-07-05T12:04:15Z</time>
      </trkpt>
      <trkpt lat="31.113254353761352" lon="121.2451552864498">
        <ele>0.0</ele>
        <time>2025-07-05T12:04:16Z</time>
      </trkpt>
      <trkpt lat="31.113242360347694" lon="121.24514828820654">
        <ele>0.0</ele>
        <time>2025-07-05T12:04:17Z</time>
      </trkpt>
      <trkpt lat="31.113231366380315" lon="121.24514028998286">
        <ele>0.0</ele>
        <time>2025-07-05T12:04:18Z</time>
      </trkpt>
      <trkpt lat="31.113219372960423" lon="121.24513229184068">
        <ele>0.0</ele>
        <time>2025-07-05T12:04:19Z</time>
      </trkpt>
      <trkpt lat="31.113210377891306" lon="121.24512529333755">
        <ele>0.0</ele>
        <time>2025-07-05T12:04:20Z</time>
      </trkpt>
      <trkpt lat="31.11320038338991" lon="121.24512529418038">
        <ele>0.0</ele>
        <time>2025-07-05T12:04:21Z</time>
      </trkpt>
      <trkpt lat="31.11319138831606" lon="121.24511729578013">
        <ele>0.0</ele>
        <time>2025-07-05T12:04:22Z</time>
      </trkpt>
      <trkpt lat="31.11319138831606" lon="121.24511729578013">
        <ele>0.0</ele>
        <time>2025-07-05T12:04:23Z</time>
      </trkpt>
      <trkpt lat="31.11319138831606" lon="121.24511729578013">
        <ele>0.0</ele>
        <time>2025-07-05T12:04:24Z</time>
      </trkpt>
      <trkpt lat="31.11319138831606" lon="121.24511729578013">
        <ele>0.0</ele>
        <time>2025-07-05T12:04:25Z</time>
      </trkpt>
      <trkpt lat="31.113179391279417" lon="121.24475133229899">
        <ele>0.0</ele>
        <time>2025-07-05T12:04:27Z</time>
      </trkpt>
      <trkpt lat="31.11317239445962" lon="121.24471333624157">
        <ele>0.0</ele>
        <time>2025-07-05T12:04:28Z</time>
      </trkpt>
      <trkpt lat="31.11317439247674" lon="121.24466734004739">
        <ele>0.0</ele>
        <time>2025-07-05T12:04:29Z</time>
      </trkpt>
      <trkpt lat="31.11317838997189" lon="121.24465234098635">
        <ele>0.0</ele>
        <time>2025-07-05T12:04:30Z</time>
      </trkpt>
      <trkpt lat="31.11317439183627" lon="121.24463634267386">
        <ele>0.0</ele>
        <time>2025-07-05T12:04:31Z</time>
      </trkpt>
      <trkpt lat="31.11317039338123" lon="121.2446063455129">
        <ele>0.0</ele>
        <time>2025-07-05T12:04:32Z</time>
      </trkpt>
      <trkpt lat="31.113166395055774" lon="121.24458334774167">
        <ele>0.0</ele>
        <time>2025-07-05T12:04:33Z</time>
      </trkpt>
      <trkpt lat="31.11316239671024" lon="121.24456034994742">
        <ele>0.0</ele>
        <time>2025-07-05T12:04:34Z</time>
      </trkpt>
      <trkpt lat="31.11315839834463" lon="121.24453735213015">
        <ele>0.0</ele>
        <time>2025-07-05T12:04:35Z</time>
      </trkpt>
      <trkpt lat="31.11315739830928" lon="121.24451435403704">
        <ele>0.0</ele>
        <time>2025-07-05T12:04:36Z</time>
      </trkpt>
      <trkpt lat="31.11315539861551" lon="121.24448435654831">
        <ele>0.0</ele>
        <time>2025-07-05T12:04:37Z</time>
      </trkpt>
      <trkpt lat="31.113153399083764" lon="121.24446135848643">
        <ele>0.0</ele>
        <time>2025-07-05T12:04:38Z</time>
      </trkpt>
      <trkpt lat="31.11315139930057" lon="121.24443036100367">
        <ele>0.0</ele>
        <time>2025-07-05T12:04:39Z</time>
      </trkpt>
      <trkpt lat="31.11314740085137" lon="121.24440836298221">
        <ele>0.0</ele>
        <time>2025-07-05T12:04:40Z</time>
      </trkpt>
      <trkpt lat="31.11314140320538" lon="121.2443773657651">
        <ele>0.0</ele>
        <time>2025-07-05T12:04:41Z</time>
      </trkpt>
      <trkpt lat="31.113141401504603" lon="121.24432436956153">
        <ele>0.0</ele>
        <time>2025-07-05T12:04:43Z</time>
      </trkpt>
      <trkpt lat="31.11313940156017" lon="121.244293371894">
        <ele>0.0</ele>
        <time>2025-07-05T12:04:44Z</time>
      </trkpt>
      <trkpt lat="31.113132402954207" lon="121.24422437715036">
        <ele>0.0</ele>
        <time>2025-07-05T12:04:46Z</time>
      </trkpt>
      <trkpt lat="31.113120407544383" lon="121.24417138160544">
        <ele>0.0</ele>
        <time>2025-07-05T12:04:48Z</time>
      </trkpt>
      <trkpt lat="31.11311540785006" lon="121.24411038583912">
        <ele>0.0</ele>
        <time>2025-07-05T12:04:50Z</time>
      </trkpt>
      <trkpt lat="31.113115406596336" lon="121.24408038765465">
        <ele>0.0</ele>
        <time>2025-07-05T12:04:51Z</time>
      </trkpt>
      <trkpt lat="31.11311740416511" lon="121.244049389321">
        <ele>0.0</ele>
        <time>2025-07-05T12:04:52Z</time>
      </trkpt>
      <trkpt lat="31.11311340504155" lon="121.24401939139406">
        <ele>0.0</ele>
        <time>2025-07-05T12:04:53Z</time>
      </trkpt>
      <trkpt lat="31.11311340363835" lon="121.24398839314674">
        <ele>0.0</ele>
        <time>2025-07-05T12:04:54Z</time>
      </trkpt>
      <trkpt lat="31.113113402573696" lon="121.2439653944201">
        <ele>0.0</ele>
        <time>2025-07-05T12:04:55Z</time>
      </trkpt>
      <trkpt lat="31.113111402254656" lon="121.243935396215">
        <ele>0.0</ele>
        <time>2025-07-05T12:04:56Z</time>
      </trkpt>
      <trkpt lat="31.11310940185243" lon="121.24390439802299">
        <ele>0.0</ele>
        <time>2025-07-05T12:04:57Z</time>
      </trkpt>
      <trkpt lat="31.113107401463928" lon="121.24387439973829">
        <ele>0.0</ele>
        <time>2025-07-05T12:04:58Z</time>
      </trkpt>
      <trkpt lat="31.11310740029974" lon="121.24385140089763">
        <ele>0.0</ele>
        <time>2025-07-05T12:04:59Z</time>
      </trkpt>
      <trkpt lat="31.11310539979867" lon="121.24382040259238">
        <ele>0.0</ele>
        <time>2025-07-05T12:05:00Z</time>
      </trkpt>
      <trkpt lat="31.113105398214685" lon="121.24379040402953">
        <ele>0.0</ele>
        <time>2025-07-05T12:05:01Z</time>
      </trkpt>
      <trkpt lat="31.113103398076994" lon="121.24376740527342">
        <ele>0.0</ele>
        <time>2025-07-05T12:05:02Z</time>
      </trkpt>
      <trkpt lat="31.11310039846914" lon="121.24374440657857">
        <ele>0.0</ele>
        <time>2025-07-05T12:05:03Z</time>
      </trkpt>
      <trkpt lat="31.113092401141692" lon="121.24371340863476">
        <ele>0.0</ele>
        <time>2025-07-05T12:05:04Z</time>
      </trkpt>
      <trkpt lat="31.11308440423634" lon="121.24369041030731">
        <ele>0.0</ele>
        <time>2025-07-05T12:05:05Z</time>
      </trkpt>
      <trkpt lat="31.113080405169242" lon="121.2436684115778">
        <ele>0.0</ele>
        <time>2025-07-05T12:05:06Z</time>
      </trkpt>
      <trkpt lat="31.11307740500281" lon="121.24363741311012">
        <ele>0.0</ele>
        <time>2025-07-05T12:05:07Z</time>
      </trkpt>
      <trkpt lat="31.113077403631724" lon="121.24361441403244">
        <ele>0.0</ele>
        <time>2025-07-05T12:05:08Z</time>
      </trkpt>
      <trkpt lat="31.11307740181318" lon="121.24358441520087">
        <ele>0.0</ele>
        <time>2025-07-05T12:05:09Z</time>
      </trkpt>
      <trkpt lat="31.11307540149569" lon="121.24356141623873">
        <ele>0.0</ele>
        <time>2025-07-05T12:05:10Z</time>
      </trkpt>
      <trkpt lat="31.113073400653448" lon="121.24353041754256">
        <ele>0.0</ele>
        <time>2025-07-05T12:05:11Z</time>
      </trkpt>
      <trkpt lat="31.11307139983913" lon="121.24350041877">
        <ele>0.0</ele>
        <time>2025-07-05T12:05:12Z</time>
      </trkpt>
      <trkpt lat="31.113067400548196" lon="121.24347741989241">
        <ele>0.0</ele>
        <time>2025-07-05T12:05:13Z</time>
      </trkpt>
      <trkpt lat="31.113065399607144" lon="121.24344642108302">
        <ele>0.0</ele>
        <time>2025-07-05T12:05:14Z</time>
      </trkpt>
      <trkpt lat="31.11306140033637" lon="121.24342442212013">
        <ele>0.0</ele>
        <time>2025-07-05T12:05:15Z</time>
      </trkpt>
      <trkpt lat="31.113058399882917" lon="121.24339342332361">
        <ele>0.0</ele>
        <time>2025-07-05T12:05:16Z</time>
      </trkpt>
      <trkpt lat="31.113052401598512" lon="121.24337042450759">
        <ele>0.0</ele>
        <time>2025-07-05T12:05:17Z</time>
      </trkpt>
      <trkpt lat="31.113046402801853" lon="121.24334042586345">
        <ele>0.0</ele>
        <time>2025-07-05T12:05:18Z</time>
      </trkpt>
      <trkpt lat="31.113042403371335" lon="121.24331742682588">
        <ele>0.0</ele>
        <time>2025-07-05T12:05:19Z</time>
      </trkpt>
      <trkpt lat="31.11303940279205" lon="121.24328642788517">
        <ele>0.0</ele>
        <time>2025-07-05T12:05:20Z</time>
      </trkpt>
      <trkpt lat="31.113037401700012" lon="121.24325642879435">
        <ele>0.0</ele>
        <time>2025-07-05T12:05:21Z</time>
      </trkpt>
      <trkpt lat="31.113033402196205" lon="121.24323342967281">
        <ele>0.0</ele>
        <time>2025-07-05T12:05:22Z</time>
      </trkpt>
      <trkpt lat="31.113031400968186" lon="121.24320243053462">
        <ele>0.0</ele>
        <time>2025-07-05T12:05:23Z</time>
      </trkpt>
      <trkpt lat="31.113029399780547" lon="121.24317243133427">
        <ele>0.0</ele>
        <time>2025-07-05T12:05:24Z</time>
      </trkpt>
      <trkpt lat="31.11302739910355" lon="121.24314943196019">
        <ele>0.0</ele>
        <time>2025-07-05T12:05:25Z</time>
      </trkpt>
      <trkpt lat="31.113023398876663" lon="121.24311843287738">
        <ele>0.0</ele>
        <time>2025-07-05T12:05:26Z</time>
      </trkpt>
      <trkpt lat="31.113020398702513" lon="121.2430954335336">
        <ele>0.0</ele>
        <time>2025-07-05T12:05:27Z</time>
      </trkpt>
      <trkpt lat="31.113014399592963" lon="121.24306543453085">
        <ele>0.0</ele>
        <time>2025-07-05T12:05:28Z</time>
      </trkpt>
      <trkpt lat="31.11301039926732" lon="121.24303443533486">
        <ele>0.0</ele>
        <time>2025-07-05T12:05:29Z</time>
      </trkpt>
      <trkpt lat="31.11300440075272" lon="121.24301243614653">
        <ele>0.0</ele>
        <time>2025-07-05T12:05:30Z</time>
      </trkpt>
      <trkpt lat="31.113004398164897" lon="121.24298143654202">
        <ele>0.0</ele>
        <time>2025-07-05T12:05:31Z</time>
      </trkpt>
      <trkpt lat="31.113004396221342" lon="121.24295843680845">
        <ele>0.0</ele>
        <time>2025-07-05T12:05:32Z</time>
      </trkpt>
      <trkpt lat="31.113006392556183" lon="121.24292843695288">
        <ele>0.0</ele>
        <time>2025-07-05T12:05:33Z</time>
      </trkpt>
      <trkpt lat="31.11301038836653" lon="121.24290543682923">
        <ele>0.0</ele>
        <time>2025-07-05T12:05:34Z</time>
      </trkpt>
      <trkpt lat="31.11300838675283" lon="121.24287443724914">
        <ele>0.0</ele>
        <time>2025-07-05T12:05:35Z</time>
      </trkpt>
      <trkpt lat="31.113002388015744" lon="121.2428514379143">
        <ele>0.0</ele>
        <time>2025-07-05T12:05:36Z</time>
      </trkpt>
      <trkpt lat="31.11299938697869" lon="121.24282143834063">
        <ele>0.0</ele>
        <time>2025-07-05T12:05:37Z</time>
      </trkpt>
      <trkpt lat="31.112993388195406" lon="121.24279843895283">
        <ele>0.0</ele>
        <time>2025-07-05T12:05:38Z</time>
      </trkpt>
      <trkpt lat="31.112989387555878" lon="121.24276743939717">
        <ele>0.0</ele>
        <time>2025-07-05T12:05:39Z</time>
      </trkpt>
      <trkpt lat="31.112991384418738" lon="121.24274543927936">
        <ele>0.0</ele>
        <time>2025-07-05T12:05:40Z</time>
      </trkpt>
      <trkpt lat="31.11298938402557" lon="121.24272943947163">
        <ele>0.0</ele>
        <time>2025-07-05T12:05:41Z</time>
      </trkpt>
      <trkpt lat="31.112985384062117" lon="121.24270643982334">
        <ele>0.0</ele>
        <time>2025-07-05T12:05:42Z</time>
      </trkpt>
      <trkpt lat="31.112980383960096" lon="121.24267644022922">
        <ele>0.0</ele>
        <time>2025-07-05T12:05:43Z</time>
      </trkpt>
      <trkpt lat="31.112976384721264" lon="121.24266144054393">
        <ele>0.0</ele>
        <time>2025-07-05T12:05:44Z</time>
      </trkpt>
      <trkpt lat="31.112972384698534" lon="121.24263844082769">
        <ele>0.0</ele>
        <time>2025-07-05T12:05:45Z</time>
      </trkpt>
      <trkpt lat="31.11296838543811" lon="121.24262344111763">
        <ele>0.0</ele>
        <time>2025-07-05T12:05:46Z</time>
      </trkpt>
      <trkpt lat="31.11296438538226" lon="121.24260044136342">
        <ele>0.0</ele>
        <time>2025-07-05T12:05:47Z</time>
      </trkpt>
      <trkpt lat="31.11296038530636" lon="121.24257744158623">
        <ele>0.0</ele>
        <time>2025-07-05T12:05:48Z</time>
      </trkpt>
      <trkpt lat="31.11295738466042" lon="121.24255444170178">
        <ele>0.0</ele>
        <time>2025-07-05T12:05:49Z</time>
      </trkpt>
      <trkpt lat="31.112953384544422" lon="121.24253144187865">
        <ele>0.0</ele>
        <time>2025-07-05T12:05:50Z</time>
      </trkpt>
      <trkpt lat="31.112949383693437" lon="121.2425014419722">
        <ele>0.0</ele>
        <time>2025-07-05T12:05:51Z</time>
      </trkpt>
      <trkpt lat="31.11294338380491" lon="121.24247044218512">
        <ele>0.0</ele>
        <time>2025-07-05T12:05:52Z</time>
      </trkpt>
      <trkpt lat="31.112940383065702" lon="121.24244744219378">
        <ele>0.0</ele>
        <time>2025-07-05T12:05:53Z</time>
      </trkpt>
      <trkpt lat="31.112934383219223" lon="121.24241744234642">
        <ele>0.0</ele>
        <time>2025-07-05T12:05:54Z</time>
      </trkpt>
      <trkpt lat="31.11292838323204" lon="121.24238644244626">
        <ele>0.0</ele>
        <time>2025-07-05T12:05:55Z</time>
      </trkpt>
      <trkpt lat="31.11292238331623" lon="121.24235644251944">
        <ele>0.0</ele>
        <time>2025-07-05T12:05:56Z</time>
      </trkpt>
      <trkpt lat="31.112922380827623" lon="121.24233344216138">
        <ele>0.0</ele>
        <time>2025-07-05T12:05:57Z</time>
      </trkpt>
      <trkpt lat="31.11292237744169" lon="121.24230244164247">
        <ele>0.0</ele>
        <time>2025-07-05T12:05:58Z</time>
      </trkpt>
      <trkpt lat="31.112919375780344" lon="121.24227244135338">
        <ele>0.0</ele>
        <time>2025-07-05T12:05:59Z</time>
      </trkpt>
      <trkpt lat="31.11291137761865" lon="121.24224944158564">
        <ele>0.0</ele>
        <time>2025-07-05T12:06:00Z</time>
      </trkpt>
      <trkpt lat="31.112907376334107" lon="121.24221844129076">
        <ele>0.0</ele>
        <time>2025-07-05T12:06:01Z</time>
      </trkpt>
      <trkpt lat="31.112903375925296" lon="121.24219544113201">
        <ele>0.0</ele>
        <time>2025-07-05T12:06:02Z</time>
      </trkpt>
      <trkpt lat="31.11290037414233" lon="121.24216544070354">
        <ele>0.0</ele>
        <time>2025-07-05T12:06:03Z</time>
      </trkpt>
      <trkpt lat="31.11289637275913" lon="121.24213444029559">
        <ele>0.0</ele>
        <time>2025-07-05T12:06:04Z</time>
      </trkpt>
      <trkpt lat="31.112890373377198" lon="121.2421114402215">
        <ele>0.0</ele>
        <time>2025-07-05T12:06:05Z</time>
      </trkpt>
      <trkpt lat="31.11288837094873" lon="121.24208143959936">
        <ele>0.0</ele>
        <time>2025-07-05T12:06:06Z</time>
      </trkpt>
      <trkpt lat="31.112886369320496" lon="121.24205843913525">
        <ele>0.0</ele>
        <time>2025-07-05T12:06:07Z</time>
      </trkpt>
      <trkpt lat="31.11288236793186" lon="121.2420284386126">
        <ele>0.0</ele>
        <time>2025-07-05T12:06:08Z</time>
      </trkpt>
      <trkpt lat="31.11288036625745" lon="121.24200543809559">
        <ele>0.0</ele>
        <time>2025-07-05T12:06:09Z</time>
      </trkpt>
      <trkpt lat="31.112877364136327" lon="121.24197443738804">
        <ele>0.0</ele>
        <time>2025-07-05T12:06:10Z</time>
      </trkpt>
      <trkpt lat="31.112875361552163" lon="121.24194443658747">
        <ele>0.0</ele>
        <time>2025-07-05T12:06:11Z</time>
      </trkpt>
      <trkpt lat="31.11287136090465" lon="121.24192143615514">
        <ele>0.0</ele>
        <time>2025-07-05T12:06:12Z</time>
      </trkpt>
      <trkpt lat="31.112869358134855" lon="121.2418904352503">
        <ele>0.0</ele>
        <time>2025-07-05T12:06:13Z</time>
      </trkpt>
      <trkpt lat="31.112869354355155" lon="121.2418604341718">
        <ele>0.0</ele>
        <time>2025-07-05T12:06:14Z</time>
      </trkpt>
      <trkpt lat="31.112869350413654" lon="121.24182943301633">
        <ele>0.0</ele>
        <time>2025-07-05T12:06:15Z</time>
      </trkpt>
      <trkpt lat="31.11286734766472" lon="121.24179943202698">
        <ele>0.0</ele>
        <time>2025-07-05T12:06:16Z</time>
      </trkpt>
      <trkpt lat="31.112867343651597" lon="121.24176843078943">
        <ele>0.0</ele>
        <time>2025-07-05T12:06:17Z</time>
      </trkpt>
      <trkpt lat="31.112865340833366" lon="121.24173842972068">
        <ele>0.0</ele>
        <time>2025-07-05T12:06:18Z</time>
      </trkpt>
      <trkpt lat="31.112860340556463" lon="121.24171542916702">
        <ele>0.0</ele>
        <time>2025-07-05T12:06:19Z</time>
      </trkpt>
      <trkpt lat="31.112856338644914" lon="121.24168442815359">
        <ele>0.0</ele>
        <time>2025-07-05T12:06:20Z</time>
      </trkpt>
      <trkpt lat="31.11285633463116" lon="121.24165442680693">
        <ele>0.0</ele>
        <time>2025-07-05T12:06:21Z</time>
      </trkpt>
      <trkpt lat="31.112854332630974" lon="121.24163142591661">
        <ele>0.0</ele>
        <time>2025-07-05T12:06:22Z</time>
      </trkpt>
      <trkpt lat="31.11284433501118" lon="121.24160842567755">
        <ele>0.0</ele>
        <time>2025-07-05T12:06:23Z</time>
      </trkpt>
      <trkpt lat="31.112841333521" lon="121.2415854248256">
        <ele>0.0</ele>
        <time>2025-07-05T12:06:24Z</time>
      </trkpt>
      <trkpt lat="31.112837332560854" lon="121.24156242403497">
        <ele>0.0</ele>
        <time>2025-07-05T12:06:25Z</time>
      </trkpt>
      <trkpt lat="31.11283532950865" lon="121.24153242269809">
        <ele>0.0</ele>
        <time>2025-07-05T12:06:26Z</time>
      </trkpt>
      <trkpt lat="31.112831328502367" lon="121.24150942185459">
        <ele>0.0</ele>
        <time>2025-07-05T12:06:27Z</time>
      </trkpt>
      <trkpt lat="31.112829326375934" lon="121.24148642081958">
        <ele>0.0</ele>
        <time>2025-07-05T12:06:28Z</time>
      </trkpt>
      <trkpt lat="31.112825324195676" lon="121.24145541949821">
        <ele>0.0</ele>
        <time>2025-07-05T12:06:29Z</time>
      </trkpt>
      <trkpt lat="31.112818324915324" lon="121.24143341888588">
        <ele>0.0</ele>
        <time>2025-07-05T12:06:30Z</time>
      </trkpt>
      <trkpt lat="31.112810326023176" lon="121.24141041828071">
        <ele>0.0</ele>
        <time>2025-07-05T12:06:31Z</time>
      </trkpt>
      <trkpt lat="31.112806324910732" lon="121.24138741731551">
        <ele>0.0</ele>
        <time>2025-07-05T12:06:32Z</time>
      </trkpt>
      <trkpt lat="31.112801323164433" lon="121.24135641594532">
        <ele>0.0</ele>
        <time>2025-07-05T12:06:33Z</time>
      </trkpt>
      <trkpt lat="31.11279532310516" lon="121.2413334150948">
        <ele>0.0</ele>
        <time>2025-07-05T12:06:34Z</time>
      </trkpt>
      <trkpt lat="31.11278732309346" lon="121.24130341396561">
        <ele>0.0</ele>
        <time>2025-07-05T12:06:35Z</time>
      </trkpt>
      <trkpt lat="31.112781321798753" lon="121.24127241256677">
        <ele>0.0</ele>
        <time>2025-07-05T12:06:36Z</time>
      </trkpt>
      <trkpt lat="31.112780319065646" lon="121.24125041127418">
        <ele>0.0</ele>
        <time>2025-07-05T12:06:37Z</time>
      </trkpt>
      <trkpt lat="31.11277831550842" lon="121.24121940946699">
        <ele>0.0</ele>
        <time>2025-07-05T12:06:38Z</time>
      </trkpt>
      <trkpt lat="31.112776312066813" lon="121.24118940768388">
        <ele>0.0</ele>
        <time>2025-07-05T12:06:39Z</time>
      </trkpt>
      <trkpt lat="31.11277230953823" lon="121.24115840596326">
        <ele>0.0</ele>
        <time>2025-07-05T12:06:40Z</time>
      </trkpt>
      <trkpt lat="31.11276830712758" lon="121.24112840426935">
        <ele>0.0</ele>
        <time>2025-07-05T12:06:41Z</time>
      </trkpt>
      <trkpt lat="31.11276630466959" lon="121.24110540285437">
        <ele>0.0</ele>
        <time>2025-07-05T12:06:42Z</time>
      </trkpt>
      <trkpt lat="31.112762302042512" lon="121.24107440102088">
        <ele>0.0</ele>
        <time>2025-07-05T12:06:43Z</time>
      </trkpt>
      <trkpt lat="31.11275929898645" lon="121.24104439913346">
        <ele>0.0</ele>
        <time>2025-07-05T12:06:44Z</time>
      </trkpt>
      <trkpt lat="31.11275529628785" lon="121.241013397218">
        <ele>0.0</ele>
        <time>2025-07-05T12:06:45Z</time>
      </trkpt>
      <trkpt lat="31.112751293712687" lon="121.24098339533555">
        <ele>0.0</ele>
        <time>2025-07-05T12:06:46Z</time>
      </trkpt>
      <trkpt lat="31.11274729094258" lon="121.24095239333812">
        <ele>0.0</ele>
        <time>2025-07-05T12:06:47Z</time>
      </trkpt>
      <trkpt lat="31.112741290531936" lon="121.24092939208481">
        <ele>0.0</ele>
        <time>2025-07-05T12:06:48Z</time>
      </trkpt>
      <trkpt lat="31.112736288411604" lon="121.24089939017743">
        <ele>0.0</ele>
        <time>2025-07-05T12:06:49Z</time>
      </trkpt>
      <trkpt lat="31.112732285543053" lon="121.24086838806717">
        <ele>0.0</ele>
        <time>2025-07-05T12:06:50Z</time>
      </trkpt>
      <trkpt lat="31.11272828395916" lon="121.24084538656159">
        <ele>0.0</ele>
        <time>2025-07-05T12:06:51Z</time>
      </trkpt>
      <trkpt lat="31.11272628125503" lon="121.24082238486453">
        <ele>0.0</ele>
        <time>2025-07-05T12:06:52Z</time>
      </trkpt>
      <trkpt lat="31.112724277362993" lon="121.24079238256523">
        <ele>0.0</ele>
        <time>2025-07-05T12:06:53Z</time>
      </trkpt>
      <trkpt lat="31.112722274612775" lon="121.24076938081537">
        <ele>0.0</ele>
        <time>2025-07-05T12:06:54Z</time>
      </trkpt>
      <trkpt lat="31.11271927121075" lon="121.24073937853146">
        <ele>0.0</ele>
        <time>2025-07-05T12:06:55Z</time>
      </trkpt>
      <trkpt lat="31.11271326925495" lon="121.24070837637488">
        <ele>0.0</ele>
        <time>2025-07-05T12:06:56Z</time>
      </trkpt>
      <trkpt lat="31.11270926753196" lon="121.24068537470987">
        <ele>0.0</ele>
        <time>2025-07-05T12:06:57Z</time>
      </trkpt>
      <trkpt lat="31.112703265685084" lon="121.24065537256963">
        <ele>0.0</ele>
        <time>2025-07-05T12:06:58Z</time>
      </trkpt>
      <trkpt lat="31.1127002619805" lon="121.24062437004744">
        <ele>0.0</ele>
        <time>2025-07-05T12:06:59Z</time>
      </trkpt>
      <trkpt lat="31.112698257863936" lon="121.24059436749084">
        <ele>0.0</ele>
        <time>2025-07-05T12:07:00Z</time>
      </trkpt>
      <trkpt lat="31.112696253537752" lon="121.24056336480247">
        <ele>0.0</ele>
        <time>2025-07-05T12:07:01Z</time>
      </trkpt>
      <trkpt lat="31.112690251552586" lon="121.24053336250374">
        <ele>0.0</ele>
        <time>2025-07-05T12:07:02Z</time>
      </trkpt>
      <trkpt lat="31.112686248255223" lon="121.24050235990204">
        <ele>0.0</ele>
        <time>2025-07-05T12:07:03Z</time>
      </trkpt>
      <trkpt lat="31.112684245252936" lon="121.2404793578633">
        <ele>0.0</ele>
        <time>2025-07-05T12:07:04Z</time>
      </trkpt>
      <trkpt lat="31.112684241130378" lon="121.24045635563309">
        <ele>0.0</ele>
        <time>2025-07-05T12:07:05Z</time>
      </trkpt>
      <trkpt lat="31.11268823478727" lon="121.24043335304289">
        <ele>0.0</ele>
        <time>2025-07-05T12:07:06Z</time>
      </trkpt>
      <trkpt lat="31.11269222715336" lon="121.24040334973255">
        <ele>0.0</ele>
        <time>2025-07-05T12:07:07Z</time>
      </trkpt>
      <trkpt lat="31.112688225165314" lon="121.24038034776376">
        <ele>0.0</ele>
        <time>2025-07-05T12:07:08Z</time>
      </trkpt>
      <trkpt lat="31.112679225908007" lon="121.24035734619346">
        <ele>0.0</ele>
        <time>2025-07-05T12:07:09Z</time>
      </trkpt>
      <trkpt lat="31.112669227180913" lon="121.24033434468456">
        <ele>0.0</ele>
        <time>2025-07-05T12:07:10Z</time>
      </trkpt>
      <trkpt lat="31.11266522383596" lon="121.24030434191985">
        <ele>0.0</ele>
        <time>2025-07-05T12:07:11Z</time>
      </trkpt>
      <trkpt lat="31.1126622197203" lon="121.24027333892656">
        <ele>0.0</ele>
        <time>2025-07-05T12:07:12Z</time>
      </trkpt>
      <trkpt lat="31.112660215205928" lon="121.2402433359141">
        <ele>0.0</ele>
        <time>2025-07-05T12:07:13Z</time>
      </trkpt>
      <trkpt lat="31.112658211978633" lon="121.2402203336175">
        <ele>0.0</ele>
        <time>2025-07-05T12:07:14Z</time>
      </trkpt>
      <trkpt lat="31.112654208314794" lon="121.2401893305958">
        <ele>0.0</ele>
        <time>2025-07-05T12:07:15Z</time>
      </trkpt>
      <trkpt lat="31.112650204805583" lon="121.24015932764283">
        <ele>0.0</ele>
        <time>2025-07-05T12:07:16Z</time>
      </trkpt>
      <trkpt lat="31.11264420370599" lon="121.24013632559974">
        <ele>0.0</ele>
        <time>2025-07-05T12:07:17Z</time>
      </trkpt>
      <trkpt lat="31.112639202036274" lon="121.24011332344948">
        <ele>0.0</ele>
        <time>2025-07-05T12:07:18Z</time>
      </trkpt>
      <trkpt lat="31.11263519844101" lon="121.24008332039787">
        <ele>0.0</ele>
        <time>2025-07-05T12:07:19Z</time>
      </trkpt>
      <trkpt lat="31.112631196175126" lon="121.24006031811061">
        <ele>0.0</ele>
        <time>2025-07-05T12:07:20Z</time>
      </trkpt>
      <trkpt lat="31.112629191223714" lon="121.24002931470574">
        <ele>0.0</ele>
        <time>2025-07-05T12:07:21Z</time>
      </trkpt>
      <trkpt lat="31.112629185332644" lon="121.23999931120802">
        <ele>0.0</ele>
        <time>2025-07-05T12:07:22Z</time>
      </trkpt>
      <trkpt lat="31.11262917920951" lon="121.23996830755281">
        <ele>0.0</ele>
        <time>2025-07-05T12:07:23Z</time>
      </trkpt>
      <trkpt lat="31.112625176843792" lon="121.23994530515114">
        <ele>0.0</ele>
        <time>2025-07-05T12:07:24Z</time>
      </trkpt>
      <trkpt lat="31.112624171407777" lon="121.23991530162871">
        <ele>0.0</ele>
        <time>2025-07-05T12:07:25Z</time>
      </trkpt>
      <trkpt lat="31.112622167895708" lon="121.23989229900576">
        <ele>0.0</ele>
        <time>2025-07-05T12:07:26Z</time>
      </trkpt>
      <trkpt lat="31.11262016274774" lon="121.23986129537565">
        <ele>0.0</ele>
        <time>2025-07-05T12:07:27Z</time>
      </trkpt>
      <trkpt lat="31.11261616028916" lon="121.23983829286755">
        <ele>0.0</ele>
        <time>2025-07-05T12:07:28Z</time>
      </trkpt>
      <trkpt lat="31.112610160540825" lon="121.2398232915053">
        <ele>0.0</ele>
        <time>2025-07-05T12:07:29Z</time>
      </trkpt>
      <trkpt lat="31.112604163841922" lon="121.23982329201097">
        <ele>0.0</ele>
        <time>2025-07-05T12:07:30Z</time>
      </trkpt>
      <trkpt lat="31.112597166267268" lon="121.23981629172589">
        <ele>0.0</ele>
        <time>2025-07-05T12:07:31Z</time>
      </trkpt>
      <trkpt lat="31.112576176189418" lon="121.23980829249307">
        <ele>0.0</ele>
        <time>2025-07-05T12:07:34Z</time>
      </trkpt>
      <trkpt lat="31.11257017949063" lon="121.23980829299872">
        <ele>0.0</ele>
        <time>2025-07-05T12:07:35Z</time>
      </trkpt>
      <trkpt lat="31.112559183908544" lon="121.23980029292038">
        <ele>0.0</ele>
        <time>2025-07-05T12:07:37Z</time>
      </trkpt>
      <trkpt lat="31.1125511899446" lon="121.23980829459997">
        <ele>0.0</ele>
        <time>2025-07-05T12:07:38Z</time>
      </trkpt>
      <trkpt lat="31.11254219652849" lon="121.23981629636104">
        <ele>0.0</ele>
        <time>2025-07-05T12:07:39Z</time>
      </trkpt>
      <trkpt lat="31.11253020313116" lon="121.23981629737234">
        <ele>0.0</ele>
        <time>2025-07-05T12:07:40Z</time>
      </trkpt>
      <trkpt lat="31.1125172086522" lon="121.23980829746533">
        <ele>0.0</ele>
        <time>2025-07-05T12:07:41Z</time>
      </trkpt>
      <trkpt lat="31.112503214721155" lon="121.2398002976398">
        <ele>0.0</ele>
        <time>2025-07-05T12:07:42Z</time>
      </trkpt>
      <trkpt lat="31.112492217702904" lon="121.2397852966743">
        <ele>0.0</ele>
        <time>2025-07-05T12:07:43Z</time>
      </trkpt>
      <trkpt lat="31.11248421737965" lon="121.23976229442772">
        <ele>0.0</ele>
        <time>2025-07-05T12:07:44Z</time>
      </trkpt>
      <trkpt lat="31.112475219239496" lon="121.23974729326902">
        <ele>0.0</ele>
        <time>2025-07-05T12:07:45Z</time>
      </trkpt>
      <trkpt lat="31.112465219983864" lon="121.23972429115321">
        <ele>0.0</ele>
        <time>2025-07-05T12:07:46Z</time>
      </trkpt>
      <trkpt lat="31.11245921704908" lon="121.2396942877655">
        <ele>0.0</ele>
        <time>2025-07-05T12:07:47Z</time>
      </trkpt>
      <trkpt lat="31.112454213320504" lon="121.23966328412287">
        <ele>0.0</ele>
        <time>2025-07-05T12:07:48Z</time>
      </trkpt>
      <trkpt lat="31.112448210316728" lon="121.23963328065607">
        <ele>0.0</ele>
        <time>2025-07-05T12:07:49Z</time>
      </trkpt>
      <trkpt lat="31.112440209861788" lon="121.23961027825838">
        <ele>0.0</ele>
        <time>2025-07-05T12:07:50Z</time>
      </trkpt>
      <trkpt lat="31.11243120993721" lon="121.2395872759221">
        <ele>0.0</ele>
        <time>2025-07-05T12:07:51Z</time>
      </trkpt>
      <trkpt lat="31.112423209442447" lon="121.23956427347868">
        <ele>0.0</ele>
        <time>2025-07-05T12:07:52Z</time>
      </trkpt>
      <trkpt lat="31.112418207276903" lon="121.23954127075959">
        <ele>0.0</ele>
        <time>2025-07-05T12:07:53Z</time>
      </trkpt>
      <trkpt lat="31.1124102067423" lon="121.23951826827046">
        <ele>0.0</ele>
        <time>2025-07-05T12:07:54Z</time>
      </trkpt>
      <trkpt lat="31.11240420508719" lon="121.23949526558994">
        <ele>0.0</ele>
        <time>2025-07-05T12:07:55Z</time>
      </trkpt>
      <trkpt lat="31.112400202311562" lon="121.239472262718">
        <ele>0.0</ele>
        <time>2025-07-05T12:07:56Z</time>
      </trkpt>
      <trkpt lat="31.112395200283967" lon="121.23945026004847">
        <ele>0.0</ele>
        <time>2025-07-05T12:07:57Z</time>
      </trkpt>
      <trkpt lat="31.11239119746934" lon="121.23942725713182">
        <ele>0.0</ele>
        <time>2025-07-05T12:07:58Z</time>
      </trkpt>
      <trkpt lat="31.11238519573539" lon="121.23940425436088">
        <ele>0.0</ele>
        <time>2025-07-05T12:07:59Z</time>
      </trkpt>
      <trkpt lat="31.112381191117716" lon="121.23937325024554">
        <ele>0.0</ele>
        <time>2025-07-05T12:08:00Z</time>
      </trkpt>
      <trkpt lat="31.112379187135748" lon="121.23935024708383">
        <ele>0.0</ele>
        <time>2025-07-05T12:08:01Z</time>
      </trkpt>
      <trkpt lat="31.112374183227868" lon="121.23932024312708">
        <ele>0.0</ele>
        <time>2025-07-05T12:08:02Z</time>
      </trkpt>
      <trkpt lat="31.11236817804578" lon="121.2392822380313">
        <ele>0.0</ele>
        <time>2025-07-05T12:08:03Z</time>
      </trkpt>
      <trkpt lat="31.112362174386238" lon="121.23925123392118">
        <ele>0.0</ele>
        <time>2025-07-05T12:08:04Z</time>
      </trkpt>
      <trkpt lat="31.112355171467126" lon="121.23922123000473">
        <ele>0.0</ele>
        <time>2025-07-05T12:08:05Z</time>
      </trkpt>
      <trkpt lat="31.112347167243993" lon="121.23918322491507">
        <ele>0.0</ele>
        <time>2025-07-05T12:08:06Z</time>
      </trkpt>
      <trkpt lat="31.11234116346889" lon="121.23915222067244">
        <ele>0.0</ele>
        <time>2025-07-05T12:08:07Z</time>
      </trkpt>
      <trkpt lat="31.112334160437964" lon="121.23912221662776">
        <ele>0.0</ele>
        <time>2025-07-05T12:08:08Z</time>
      </trkpt>
      <trkpt lat="31.112328156591666" lon="121.2390912123035">
        <ele>0.0</ele>
        <time>2025-07-05T12:08:09Z</time>
      </trkpt>
      <trkpt lat="31.11232215294152" lon="121.23906120809558">
        <ele>0.0</ele>
        <time>2025-07-05T12:08:10Z</time>
      </trkpt>
      <trkpt lat="31.11231315067507" lon="121.23903020394255">
        <ele>0.0</ele>
        <time>2025-07-05T12:08:11Z</time>
      </trkpt>
      <trkpt lat="31.112313145295264" lon="121.23900720027173">
        <ele>0.0</ele>
        <time>2025-07-05T12:08:12Z</time>
      </trkpt>
      <trkpt lat="31.112313139895537" lon="121.23898419657807">
        <ele>0.0</ele>
        <time>2025-07-05T12:08:13Z</time>
      </trkpt>
      <trkpt lat="31.112309138564623" lon="121.23896919449398">
        <ele>0.0</ele>
        <time>2025-07-05T12:08:14Z</time>
      </trkpt>
      <trkpt lat="31.112305138878657" lon="121.2389611935358">
        <ele>0.0</ele>
        <time>2025-07-05T12:08:15Z</time>
      </trkpt>
      <trkpt lat="31.112299140527345" lon="121.23895419290582">
        <ele>0.0</ele>
        <time>2025-07-05T12:08:16Z</time>
      </trkpt>
      <trkpt lat="31.112294141387235" lon="121.23894619202675">
        <ele>0.0</ele>
        <time>2025-07-05T12:08:17Z</time>
      </trkpt>
      <trkpt lat="31.112280145538488" lon="121.23893119076081">
        <ele>0.0</ele>
        <time>2025-07-05T12:08:18Z</time>
      </trkpt>
      <trkpt lat="31.112257156298153" lon="121.23892319139075">
        <ele>0.0</ele>
        <time>2025-07-05T12:08:19Z</time>
      </trkpt>
      <trkpt lat="31.11223316784386" lon="121.23891619226623">
        <ele>0.0</ele>
        <time>2025-07-05T12:08:20Z</time>
      </trkpt>
      <trkpt lat="31.112208179700396" lon="121.23890819305954">
        <ele>0.0</ele>
        <time>2025-07-05T12:08:21Z</time>
      </trkpt>
      <trkpt lat="31.112183193460588" lon="121.23890819516642">
        <ele>0.0</ele>
        <time>2025-07-05T12:08:22Z</time>
      </trkpt>
      <trkpt lat="31.11215820912444" lon="121.23891619858685">
        <ele>0.0</ele>
        <time>2025-07-05T12:08:23Z</time>
      </trkpt>
      <trkpt lat="31.112135221784435" lon="121.23891620052517">
        <ele>0.0</ele>
        <time>2025-07-05T12:08:24Z</time>
      </trkpt>
      <trkpt lat="31.1121112366586" lon="121.23892320369488">
        <ele>0.0</ele>
        <time>2025-07-05T12:08:25Z</time>
      </trkpt>
      <trkpt lat="31.112084251521054" lon="121.2389232059703">
        <ele>0.0</ele>
        <time>2025-07-05T12:08:26Z</time>
      </trkpt>
      <trkpt lat="31.11206126251855" lon="121.23891620676149">
        <ele>0.0</ele>
        <time>2025-07-05T12:08:27Z</time>
      </trkpt>
      <trkpt lat="31.112049265315317" lon="121.23890020514288">
        <ele>0.0</ele>
        <time>2025-07-05T12:08:28Z</time>
      </trkpt>
      <trkpt lat="31.11205025927244" lon="121.23887720125879">
        <ele>0.0</ele>
        <time>2025-07-05T12:08:29Z</time>
      </trkpt>
      <trkpt lat="31.112057248225128" lon="121.23884719567829">
        <ele>0.0</ele>
        <time>2025-07-05T12:08:30Z</time>
      </trkpt>
      <trkpt lat="31.112069236081087" lon="121.23882419081458">
        <ele>0.0</ele>
        <time>2025-07-05T12:08:31Z</time>
      </trkpt>
      <trkpt lat="31.11208222336675" lon="121.2388011858438">
        <ele>0.0</ele>
        <time>2025-07-05T12:08:32Z</time>
      </trkpt>
      <trkpt lat="31.112090211683277" lon="121.23877118008069">
        <ele>0.0</ele>
        <time>2025-07-05T12:08:33Z</time>
      </trkpt>
      <trkpt lat="31.11209320442782" lon="121.23874817590006">
        <ele>0.0</ele>
        <time>2025-07-05T12:08:34Z</time>
      </trkpt>
      <trkpt lat="31.112099193540246" lon="121.23871717006435">
        <ele>0.0</ele>
        <time>2025-07-05T12:08:35Z</time>
      </trkpt>
      <trkpt lat="31.112105184586692" lon="121.23869416557734">
        <ele>0.0</ele>
        <time>2025-07-05T12:08:36Z</time>
      </trkpt>
      <trkpt lat="31.11211417223208" lon="121.23866415959155">
        <ele>0.0</ele>
        <time>2025-07-05T12:08:37Z</time>
      </trkpt>
      <trkpt lat="31.112124159044807" lon="121.23863315330644">
        <ele>0.0</ele>
        <time>2025-07-05T12:08:38Z</time>
      </trkpt>
      <trkpt lat="31.112134146071003" lon="121.23860314715748">
        <ele>0.0</ele>
        <time>2025-07-05T12:08:39Z</time>
      </trkpt>
      <trkpt lat="31.11214513226227" lon="121.23857214070658">
        <ele>0.0</ele>
        <time>2025-07-05T12:08:40Z</time>
      </trkpt>
      <trkpt lat="31.112155121233243" lon="121.23855013591854">
        <ele>0.0</ele>
        <time>2025-07-05T12:08:41Z</time>
      </trkpt>
      <trkpt lat="31.11216210956454" lon="121.23851912973394">
        <ele>0.0</ele>
        <time>2025-07-05T12:08:42Z</time>
      </trkpt>
      <trkpt lat="31.112170099339046" lon="121.2384961248821">
        <ele>0.0</ele>
        <time>2025-07-05T12:08:43Z</time>
      </trkpt>
      <trkpt lat="31.112178087311747" lon="121.23846611872453">
        <ele>0.0</ele>
        <time>2025-07-05T12:08:44Z</time>
      </trkpt>
      <trkpt lat="31.11219107428843" lon="121.23844311339877">
        <ele>0.0</ele>
        <time>2025-07-05T12:08:45Z</time>
      </trkpt>
      <trkpt lat="31.11220206234612" lon="121.23842010821878">
        <ele>0.0</ele>
        <time>2025-07-05T12:08:46Z</time>
      </trkpt>
      <trkpt lat="31.112214049833593" lon="121.23839710293171">
        <ele>0.0</ele>
        <time>2025-07-05T12:08:47Z</time>
      </trkpt>
      <trkpt lat="31.112223036885993" lon="121.23836609637421">
        <ele>0.0</ele>
        <time>2025-07-05T12:08:48Z</time>
      </trkpt>
      <trkpt lat="31.112231026787757" lon="121.23834409155944">
        <ele>0.0</ele>
        <time>2025-07-05T12:08:49Z</time>
      </trkpt>
      <trkpt lat="31.112241013228097" lon="121.23831308484687">
        <ele>0.0</ele>
        <time>2025-07-05T12:08:50Z</time>
      </trkpt>
      <trkpt lat="31.11225000227445" lon="121.23829007970662">
        <ele>0.0</ele>
        <time>2025-07-05T12:08:51Z</time>
      </trkpt>
      <trkpt lat="31.11225999075059" lon="121.23826707445932">
        <ele>0.0</ele>
        <time>2025-07-05T12:08:52Z</time>
      </trkpt>
      <trkpt lat="31.112266979015804" lon="121.23823706809009">
        <ele>0.0</ele>
        <time>2025-07-05T12:08:53Z</time>
      </trkpt>
      <trkpt lat="31.11227696744623" lon="121.23821406279029">
        <ele>0.0</ele>
        <time>2025-07-05T12:08:54Z</time>
      </trkpt>
      <trkpt lat="31.11228795318502" lon="121.23818305581989">
        <ele>0.0</ele>
        <time>2025-07-05T12:08:55Z</time>
      </trkpt>
      <trkpt lat="31.112297941835077" lon="121.2381610506632">
        <ele>0.0</ele>
        <time>2025-07-05T12:08:56Z</time>
      </trkpt>
      <trkpt lat="31.112305929163306" lon="121.2381300438749">
        <ele>0.0</ele>
        <time>2025-07-05T12:08:57Z</time>
      </trkpt>
      <trkpt lat="31.11231491617359" lon="121.23810003716015">
        <ele>0.0</ele>
        <time>2025-07-05T12:08:58Z</time>
      </trkpt>
      <trkpt lat="31.112320906687252" lon="121.23807703206181">
        <ele>0.0</ele>
        <time>2025-07-05T12:08:59Z</time>
      </trkpt>
      <trkpt lat="31.112324896119112" lon="121.23804602549853">
        <ele>0.0</ele>
        <time>2025-07-05T12:09:00Z</time>
      </trkpt>
      <trkpt lat="31.112329887136493" lon="121.238023020431">
        <ele>0.0</ele>
        <time>2025-07-05T12:09:01Z</time>
      </trkpt>
      <trkpt lat="31.112331877878656" lon="121.23799301416803">
        <ele>0.0</ele>
        <time>2025-07-05T12:09:02Z</time>
      </trkpt>
      <trkpt lat="31.112329872702603" lon="121.23797000963798">
        <ele>0.0</ele>
        <time>2025-07-05T12:09:03Z</time>
      </trkpt>
      <trkpt lat="31.112326865862254" lon="121.2379390035219">
        <ele>0.0</ele>
        <time>2025-07-05T12:09:04Z</time>
      </trkpt>
      <trkpt lat="31.112326857610462" lon="121.23790899731905">
        <ele>0.0</ele>
        <time>2025-07-05T12:09:05Z</time>
      </trkpt>
      <trkpt lat="31.112324850148788" lon="121.23787799103735">
        <ele>0.0</ele>
        <time>2025-07-05T12:09:06Z</time>
      </trkpt>
      <trkpt lat="31.112322845151073" lon="121.23785598660322">
        <ele>0.0</ele>
        <time>2025-07-05T12:09:07Z</time>
      </trkpt>
      <trkpt lat="31.11232083762773" lon="121.23782498025083">
        <ele>0.0</ele>
        <time>2025-07-05T12:09:08Z</time>
      </trkpt>
      <trkpt lat="31.112318830348247" lon="121.23779497406944">
        <ele>0.0</ele>
        <time>2025-07-05T12:09:09Z</time>
      </trkpt>
      <trkpt lat="31.112320822799905" lon="121.2377719690064">
        <ele>0.0</ele>
        <time>2025-07-05T12:09:10Z</time>
      </trkpt>
      <trkpt lat="31.112330815049233" lon="121.23776396645587">
        <ele>0.0</ele>
        <time>2025-07-05T12:09:11Z</time>
      </trkpt>
      <trkpt lat="31.11233581650933" lon="121.23777896923428">
        <ele>0.0</ele>
        <time>2025-07-05T12:09:12Z</time>
      </trkpt>
      <trkpt lat="31.1123378198919" lon="121.2377949724682">
        <ele>0.0</ele>
        <time>2025-07-05T12:09:13Z</time>
      </trkpt>
      <trkpt lat="31.112341821884893" lon="121.2378099753109">
        <ele>0.0</ele>
        <time>2025-07-05T12:09:14Z</time>
      </trkpt>
      <trkpt lat="31.112345821638044" lon="121.2378169764544">
        <ele>0.0</ele>
        <time>2025-07-05T12:09:15Z</time>
      </trkpt>
      <trkpt lat="31.112347824997805" lon="121.23783297966216">
        <ele>0.0</ele>
        <time>2025-07-05T12:09:16Z</time>
      </trkpt>
      <trkpt lat="31.112349828070073" lon="121.2378479826489">
        <ele>0.0</ele>
        <time>2025-07-05T12:09:17Z</time>
      </trkpt>
      <trkpt lat="31.112337836896078" lon="121.23785598533907">
        <ele>0.0</ele>
        <time>2025-07-05T12:09:18Z</time>
      </trkpt>
      <trkpt lat="31.112329841298727" lon="121.23785598601329">
        <ele>0.0</ele>
        <time>2025-07-05T12:09:19Z</time>
      </trkpt>
      <trkpt lat="31.112316848453105" lon="121.23785598710887">
        <ele>0.0</ele>
        <time>2025-07-05T12:09:20Z</time>
      </trkpt>
      <trkpt lat="31.11231285259684" lon="121.23786298891272">
        <ele>0.0</ele>
        <time>2025-07-05T12:09:22Z</time>
      </trkpt>
      <trkpt lat="31.112316852613066" lon="121.23787099024933">
        <ele>0.0</ele>
        <time>2025-07-05T12:09:23Z</time>
      </trkpt>
      <trkpt lat="31.112316852613066" lon="121.23787099024933">
        <ele>0.0</ele>
        <time>2025-07-05T12:09:24Z</time>
      </trkpt>
      <trkpt lat="31.112316852613066" lon="121.23787099024933">
        <ele>0.0</ele>
        <time>2025-07-05T12:09:25Z</time>
      </trkpt>
      <trkpt lat="31.11225968025258" lon="121.23716883771544">
        <ele>0.0</ele>
        <time>2025-07-05T12:09:28Z</time>
      </trkpt>
      <trkpt lat="31.112082759101508" lon="121.23710783796119">
        <ele>0.0</ele>
        <time>2025-07-05T12:09:30Z</time>
      </trkpt>
      <trkpt lat="31.11209774625552" lon="121.2370928330649">
        <ele>0.0</ele>
        <time>2025-07-05T12:09:31Z</time>
      </trkpt>
      <trkpt lat="31.112114732300334" lon="121.23707782799042">
        <ele>0.0</ele>
        <time>2025-07-05T12:09:32Z</time>
      </trkpt>
      <trkpt lat="31.112122722983514" lon="121.23706182342099">
        <ele>0.0</ele>
        <time>2025-07-05T12:09:33Z</time>
      </trkpt>
      <trkpt lat="31.112126714010376" lon="121.23703981771003">
        <ele>0.0</ele>
        <time>2025-07-05T12:09:34Z</time>
      </trkpt>
      <trkpt lat="31.11212070774084" lon="121.2370088106082">
        <ele>0.0</ele>
        <time>2025-07-05T12:09:35Z</time>
      </trkpt>
      <trkpt lat="31.112116702817424" lon="121.23698580527439">
        <ele>0.0</ele>
        <time>2025-07-05T12:09:36Z</time>
      </trkpt>
      <trkpt lat="31.112109699525575" lon="121.23696280017073">
        <ele>0.0</ele>
        <time>2025-07-05T12:09:37Z</time>
      </trkpt>
      <trkpt lat="31.112101696764412" lon="121.23693979512866">
        <ele>0.0</ele>
        <time>2025-07-05T12:09:38Z</time>
      </trkpt>
      <trkpt lat="31.11209169508441" lon="121.23691679023246">
        <ele>0.0</ele>
        <time>2025-07-05T12:09:39Z</time>
      </trkpt>
      <trkpt lat="31.112082693147844" lon="121.23689478548027">
        <ele>0.0</ele>
        <time>2025-07-05T12:09:40Z</time>
      </trkpt>
      <trkpt lat="31.112072688912114" lon="121.23686377852279">
        <ele>0.0</ele>
        <time>2025-07-05T12:09:41Z</time>
      </trkpt>
      <trkpt lat="31.112061687717343" lon="121.23684077363592">
        <ele>0.0</ele>
        <time>2025-07-05T12:09:42Z</time>
      </trkpt>
      <trkpt lat="31.112034690558843" lon="121.2368027662561">
        <ele>0.0</ele>
        <time>2025-07-05T12:09:44Z</time>
      </trkpt>
      <trkpt lat="31.112017692614824" lon="121.23677976181474">
        <ele>0.0</ele>
        <time>2025-07-05T12:09:45Z</time>
      </trkpt>
      <trkpt lat="31.112000697200298" lon="121.23676475940432">
        <ele>0.0</ele>
        <time>2025-07-05T12:09:46Z</time>
      </trkpt>
      <trkpt lat="31.11198570067647" lon="121.23674975681573">
        <ele>0.0</ele>
        <time>2025-07-05T12:09:47Z</time>
      </trkpt>
      <trkpt lat="31.11194670999621" lon="121.23671175029902">
        <ele>0.0</ele>
        <time>2025-07-05T12:09:49Z</time>
      </trkpt>
      <trkpt lat="31.11192571642535" lon="121.23669574792254">
        <ele>0.0</ele>
        <time>2025-07-05T12:09:50Z</time>
      </trkpt>
      <trkpt lat="31.1118827327051" lon="121.2366727455669">
        <ele>0.0</ele>
        <time>2025-07-05T12:09:52Z</time>
      </trkpt>
      <trkpt lat="31.111861742012888" lon="121.23666574551237">
        <ele>0.0</ele>
        <time>2025-07-05T12:09:53Z</time>
      </trkpt>
      <trkpt lat="31.111838749839453" lon="121.23665074353434">
        <ele>0.0</ele>
        <time>2025-07-05T12:09:54Z</time>
      </trkpt>
      <trkpt lat="31.111815759920177" lon="121.23664274338002">
        <ele>0.0</ele>
        <time>2025-07-05T12:09:55Z</time>
      </trkpt>
      <trkpt lat="31.111794766633167" lon="121.23662774121864">
        <ele>0.0</ele>
        <time>2025-07-05T12:09:56Z</time>
      </trkpt>
      <trkpt lat="31.1117737730138" lon="121.23661173878457">
        <ele>0.0</ele>
        <time>2025-07-05T12:09:57Z</time>
      </trkpt>
      <trkpt lat="31.111754778608596" lon="121.23659673643472">
        <ele>0.0</ele>
        <time>2025-07-05T12:09:58Z</time>
      </trkpt>
      <trkpt lat="31.111733785296494" lon="121.23658173424381">
        <ele>0.0</ele>
        <time>2025-07-05T12:09:59Z</time>
      </trkpt>
      <trkpt lat="31.111710795357897" lon="121.23657373406583">
        <ele>0.0</ele>
        <time>2025-07-05T12:10:00Z</time>
      </trkpt>
      <trkpt lat="31.111687808023447" lon="121.23657373600417">
        <ele>0.0</ele>
        <time>2025-07-05T12:10:01Z</time>
      </trkpt>
      <trkpt lat="31.111664818408947" lon="121.2365667360885">
        <ele>0.0</ele>
        <time>2025-07-05T12:10:02Z</time>
      </trkpt>
      <trkpt lat="31.111639832176486" lon="121.2365667381954">
        <ele>0.0</ele>
        <time>2025-07-05T12:10:03Z</time>
      </trkpt>
      <trkpt lat="31.111616844842928" lon="121.23656674013375">
        <ele>0.0</ele>
        <time>2025-07-05T12:10:04Z</time>
      </trkpt>
      <trkpt lat="31.111592855452045" lon="121.23655874003491">
        <ele>0.0</ele>
        <time>2025-07-05T12:10:05Z</time>
      </trkpt>
      <trkpt lat="31.111569868119073" lon="121.23655874197325">
        <ele>0.0</ele>
        <time>2025-07-05T12:10:06Z</time>
      </trkpt>
      <trkpt lat="31.111544881887905" lon="121.23655874408016">
        <ele>0.0</ele>
        <time>2025-07-05T12:10:07Z</time>
      </trkpt>
      <trkpt lat="31.11152189455553" lon="121.23655874601849">
        <ele>0.0</ele>
        <time>2025-07-05T12:10:08Z</time>
      </trkpt>
      <trkpt lat="31.111496905714283" lon="121.23655074600117">
        <ele>0.0</ele>
        <time>2025-07-05T12:10:09Z</time>
      </trkpt>
      <trkpt lat="31.111473918382508" lon="121.2365507479395">
        <ele>0.0</ele>
        <time>2025-07-05T12:10:10Z</time>
      </trkpt>
      <trkpt lat="31.11144893215265" lon="121.23655075004639">
        <ele>0.0</ele>
        <time>2025-07-05T12:10:11Z</time>
      </trkpt>
      <trkpt lat="31.111424945372303" lon="121.23655075206901">
        <ele>0.0</ele>
        <time>2025-07-05T12:10:12Z</time>
      </trkpt>
      <trkpt lat="31.11140195804143" lon="121.23655075400734">
        <ele>0.0</ele>
        <time>2025-07-05T12:10:13Z</time>
      </trkpt>
      <trkpt lat="31.111378970710845" lon="121.23655075594566">
        <ele>0.0</ele>
        <time>2025-07-05T12:10:14Z</time>
      </trkpt>
      <trkpt lat="31.11135398709301" lon="121.23655876017675">
        <ele>0.0</ele>
        <time>2025-07-05T12:10:15Z</time>
      </trkpt>
      <trkpt lat="31.11133099976303" lon="121.23655876211508">
        <ele>0.0</ele>
        <time>2025-07-05T12:10:16Z</time>
      </trkpt>
      <trkpt lat="31.111308015041676" lon="121.23656676617486">
        <ele>0.0</ele>
        <time>2025-07-05T12:10:17Z</time>
      </trkpt>
      <trkpt lat="31.111285027712267" lon="121.23656676811319">
        <ele>0.0</ele>
        <time>2025-07-05T12:10:18Z</time>
      </trkpt>
      <trkpt lat="31.111262042663487" lon="121.23657377190553">
        <ele>0.0</ele>
        <time>2025-07-05T12:10:19Z</time>
      </trkpt>
      <trkpt lat="31.111238061090912" lon="121.23658977815803">
        <ele>0.0</ele>
        <time>2025-07-05T12:10:20Z</time>
      </trkpt>
      <trkpt lat="31.11121707493482" lon="121.23659678177494">
        <ele>0.0</ele>
        <time>2025-07-05T12:10:21Z</time>
      </trkpt>
      <trkpt lat="31.111194090203533" lon="121.2366047858217">
        <ele>0.0</ele>
        <time>2025-07-05T12:10:22Z</time>
      </trkpt>
      <trkpt lat="31.11117110514595" lon="121.23661178960263">
        <ele>0.0</ele>
        <time>2025-07-05T12:10:23Z</time>
      </trkpt>
      <trkpt lat="31.11114812041075" lon="121.23661979364424">
        <ele>0.0</ele>
        <time>2025-07-05T12:10:24Z</time>
      </trkpt>
      <trkpt lat="31.111127136835854" lon="121.2366347993503">
        <ele>0.0</ele>
        <time>2025-07-05T12:10:25Z</time>
      </trkpt>
      <trkpt lat="31.111104152094324" lon="121.23664280338403">
        <ele>0.0</ele>
        <time>2025-07-05T12:10:26Z</time>
      </trkpt>
      <trkpt lat="31.111081167027923" lon="121.23664980715357">
        <ele>0.0</ele>
        <time>2025-07-05T12:10:27Z</time>
      </trkpt>
      <trkpt lat="31.11106018375918" lon="121.23666581310114">
        <ele>0.0</ele>
        <time>2025-07-05T12:10:28Z</time>
      </trkpt>
      <trkpt lat="31.111037198687306" lon="121.23667281686377">
        <ele>0.0</ele>
        <time>2025-07-05T12:10:29Z</time>
      </trkpt>
      <trkpt lat="31.111016215405307" lon="121.23668882279557">
        <ele>0.0</ele>
        <time>2025-07-05T12:10:30Z</time>
      </trkpt>
      <trkpt lat="31.110995229225846" lon="121.23669582638276">
        <ele>0.0</ele>
        <time>2025-07-05T12:10:31Z</time>
      </trkpt>
      <trkpt lat="31.110976244507935" lon="121.23671083187142">
        <ele>0.0</ele>
        <time>2025-07-05T12:10:32Z</time>
      </trkpt>
      <trkpt lat="31.1109552612039" lon="121.23672683777714">
        <ele>0.0</ele>
        <time>2025-07-05T12:10:33Z</time>
      </trkpt>
      <trkpt lat="31.110934277571197" lon="121.23674184341442">
        <ele>0.0</ele>
        <time>2025-07-05T12:10:34Z</time>
      </trkpt>
      <trkpt lat="31.11091529059566" lon="121.23674984707435">
        <ele>0.0</ele>
        <time>2025-07-05T12:10:35Z</time>
      </trkpt>
      <trkpt lat="31.110894306950513" lon="121.23676485269682">
        <ele>0.0</ele>
        <time>2025-07-05T12:10:36Z</time>
      </trkpt>
      <trkpt lat="31.110873323297188" lon="121.23677985830966">
        <ele>0.0</ele>
        <time>2025-07-05T12:10:37Z</time>
      </trkpt>
      <trkpt lat="31.110852337413185" lon="121.2367878621251">
        <ele>0.0</ele>
        <time>2025-07-05T12:10:38Z</time>
      </trkpt>
      <trkpt lat="31.110831353747436" lon="121.23680286772314">
        <ele>0.0</ele>
        <time>2025-07-05T12:10:39Z</time>
      </trkpt>
      <trkpt lat="31.11081036785703" lon="121.2368108715307">
        <ele>0.0</ele>
        <time>2025-07-05T12:10:40Z</time>
      </trkpt>
      <trkpt lat="31.110789384178858" lon="121.23682587711394">
        <ele>0.0</ele>
        <time>2025-07-05T12:10:41Z</time>
      </trkpt>
      <trkpt lat="31.11076839796612" lon="121.23683288066002">
        <ele>0.0</ele>
        <time>2025-07-05T12:10:42Z</time>
      </trkpt>
      <trkpt lat="31.110747414591447" lon="121.23684888648206">
        <ele>0.0</ele>
        <time>2025-07-05T12:10:43Z</time>
      </trkpt>
      <trkpt lat="31.11072442947557" lon="121.23685589018977">
        <ele>0.0</ele>
        <time>2025-07-05T12:10:44Z</time>
      </trkpt>
      <trkpt lat="31.110703446087633" lon="121.23687189599605">
        <ele>0.0</ele>
        <time>2025-07-05T12:10:45Z</time>
      </trkpt>
      <trkpt lat="31.110682459863828" lon="121.23687889952829">
        <ele>0.0</ele>
        <time>2025-07-05T12:10:46Z</time>
      </trkpt>
      <trkpt lat="31.11066147614895" lon="121.23689390506782">
        <ele>0.0</ele>
        <time>2025-07-05T12:10:47Z</time>
      </trkpt>
      <trkpt lat="31.110640492738984" lon="121.236909910848">
        <ele>0.0</ele>
        <time>2025-07-05T12:10:48Z</time>
      </trkpt>
      <trkpt lat="31.110621505403415" lon="121.23691691420031">
        <ele>0.0</ele>
        <time>2025-07-05T12:10:49Z</time>
      </trkpt>
      <trkpt lat="31.110600521980132" lon="121.23693291996472">
        <ele>0.0</ele>
        <time>2025-07-05T12:10:50Z</time>
      </trkpt>
      <trkpt lat="31.11057953823588" lon="121.23694792546948">
        <ele>0.0</ele>
        <time>2025-07-05T12:10:51Z</time>
      </trkpt>
      <trkpt lat="31.11056055338086" lon="121.23696293079604">
        <ele>0.0</ele>
        <time>2025-07-05T12:10:52Z</time>
      </trkpt>
      <trkpt lat="31.110539567445645" lon="121.2369709345487">
        <ele>0.0</ele>
        <time>2025-07-05T12:10:53Z</time>
      </trkpt>
      <trkpt lat="31.110520582578122" lon="121.23698593986046">
        <ele>0.0</ele>
        <time>2025-07-05T12:10:54Z</time>
      </trkpt>
      <trkpt lat="31.110499598805028" lon="121.23700094533113">
        <ele>0.0</ele>
        <time>2025-07-05T12:10:55Z</time>
      </trkpt>
      <trkpt lat="31.110480611756454" lon="121.2370089489022">
        <ele>0.0</ele>
        <time>2025-07-05T12:10:56Z</time>
      </trkpt>
      <trkpt lat="31.110459627970904" lon="121.23702395435805">
        <ele>0.0</ele>
        <time>2025-07-05T12:10:57Z</time>
      </trkpt>
      <trkpt lat="31.11043864417717" lon="121.23703895980425">
        <ele>0.0</ele>
        <time>2025-07-05T12:10:58Z</time>
      </trkpt>
      <trkpt lat="31.110417658220584" lon="121.2370469635308">
        <ele>0.0</ele>
        <time>2025-07-05T12:10:59Z</time>
      </trkpt>
      <trkpt lat="31.11039667441441" lon="121.23706196896221">
        <ele>0.0</ele>
        <time>2025-07-05T12:11:00Z</time>
      </trkpt>
      <trkpt lat="31.110377687348628" lon="121.23706997251232">
        <ele>0.0</ele>
        <time>2025-07-05T12:11:01Z</time>
      </trkpt>
      <trkpt lat="31.110356703529995" lon="121.23708497792892">
        <ele>0.0</ele>
        <time>2025-07-05T12:11:02Z</time>
      </trkpt>
      <trkpt lat="31.110335719703173" lon="121.23709998333587">
        <ele>0.0</ele>
        <time>2025-07-05T12:11:03Z</time>
      </trkpt>
      <trkpt lat="31.11031473372949" lon="121.23710798704147">
        <ele>0.0</ele>
        <time>2025-07-05T12:11:04Z</time>
      </trkpt>
      <trkpt lat="31.110295748787355" lon="121.23712299226507">
        <ele>0.0</ele>
        <time>2025-07-05T12:11:05Z</time>
      </trkpt>
      <trkpt lat="31.11027576438843" lon="121.23713799756327">
        <ele>0.0</ele>
        <time>2025-07-05T12:11:06Z</time>
      </trkpt>
      <trkpt lat="31.110254778404045" lon="121.23714600125582">
        <ele>0.0</ele>
        <time>2025-07-05T12:11:07Z</time>
      </trkpt>
      <trkpt lat="31.11023579344118" lon="121.23716100645495">
        <ele>0.0</ele>
        <time>2025-07-05T12:11:08Z</time>
      </trkpt>
      <trkpt lat="31.110214807450358" lon="121.23716901013961">
        <ele>0.0</ele>
        <time>2025-07-05T12:11:09Z</time>
      </trkpt>
      <trkpt lat="31.11019582247498" lon="121.23718401532393">
        <ele>0.0</ele>
        <time>2025-07-05T12:11:10Z</time>
      </trkpt>
      <trkpt lat="31.110176837491377" lon="121.23719902049858">
        <ele>0.0</ele>
        <time>2025-07-05T12:11:11Z</time>
      </trkpt>
      <trkpt lat="31.11015585390423" lon="121.23721502606936">
        <ele>0.0</ele>
        <time>2025-07-05T12:11:12Z</time>
      </trkpt>
      <trkpt lat="31.11013686649372" lon="121.23722202933003">
        <ele>0.0</ele>
        <time>2025-07-05T12:11:13Z</time>
      </trkpt>
      <trkpt lat="31.110117881790174" lon="121.23723803471647">
        <ele>0.0</ele>
        <time>2025-07-05T12:11:14Z</time>
      </trkpt>
      <trkpt lat="31.11009689547711" lon="121.23724503813877">
        <ele>0.0</ele>
        <time>2025-07-05T12:11:15Z</time>
      </trkpt>
      <trkpt lat="31.110075909462694" lon="121.23725304179457">
        <ele>0.0</ele>
        <time>2025-07-05T12:11:16Z</time>
      </trkpt>
      <trkpt lat="31.110054923146173" lon="121.23726004521235">
        <ele>0.0</ele>
        <time>2025-07-05T12:11:17Z</time>
      </trkpt>
      <trkpt lat="31.11003393712774" lon="121.237268048863">
        <ele>0.0</ele>
        <time>2025-07-05T12:11:18Z</time>
      </trkpt>
      <trkpt lat="31.110010952210327" lon="121.23727605267943">
        <ele>0.0</ele>
        <time>2025-07-05T12:11:19Z</time>
      </trkpt>
      <trkpt lat="31.10998796699172" lon="121.23728305625883">
        <ele>0.0</ele>
        <time>2025-07-05T12:11:20Z</time>
      </trkpt>
      <trkpt lat="31.10996698096715" lon="121.23729105990158">
        <ele>0.0</ele>
        <time>2025-07-05T12:11:21Z</time>
      </trkpt>
      <trkpt lat="31.10994599494042" lon="121.23729906354157">
        <ele>0.0</ele>
        <time>2025-07-05T12:11:22Z</time>
      </trkpt>
      <trkpt lat="31.109923007627984" lon="121.23729906547976">
        <ele>0.0</ele>
        <time>2025-07-05T12:11:23Z</time>
      </trkpt>
      <trkpt lat="31.109900020315834" lon="121.23729906741796">
        <ele>0.0</ele>
        <time>2025-07-05T12:11:24Z</time>
      </trkpt>
      <trkpt lat="31.109878034540905" lon="121.23730607090617">
        <ele>0.0</ele>
        <time>2025-07-05T12:11:25Z</time>
      </trkpt>
      <trkpt lat="31.10985704851069" lon="121.23731407454102">
        <ele>0.0</ele>
        <time>2025-07-05T12:11:26Z</time>
      </trkpt>
      <trkpt lat="31.109837061628962" lon="121.23732107785617">
        <ele>0.0</ele>
        <time>2025-07-05T12:11:27Z</time>
      </trkpt>
      <trkpt lat="31.109822074662375" lon="121.23733708283751">
        <ele>0.0</ele>
        <time>2025-07-05T12:11:28Z</time>
      </trkpt>
      <trkpt lat="31.10980308959662" lon="121.23735208791359">
        <ele>0.0</ele>
        <time>2025-07-05T12:11:29Z</time>
      </trkpt>
      <trkpt lat="31.1097801046569" lon="121.23736009170116">
        <ele>0.0</ele>
        <time>2025-07-05T12:11:30Z</time>
      </trkpt>
      <trkpt lat="31.109757117346515" lon="121.23736009363935">
        <ele>0.0</ele>
        <time>2025-07-05T12:11:31Z</time>
      </trkpt>
      <trkpt lat="31.109734130036422" lon="121.23736009557753">
        <ele>0.0</ele>
        <time>2025-07-05T12:11:32Z</time>
      </trkpt>
      <trkpt lat="31.109711144799217" lon="121.23736709913166">
        <ele>0.0</ele>
        <time>2025-07-05T12:11:33Z</time>
      </trkpt>
      <trkpt lat="31.109690158752603" lon="121.23737510274553">
        <ele>0.0</ele>
        <time>2025-07-05T12:11:34Z</time>
      </trkpt>
      <trkpt lat="31.109669174770396" lon="121.23739010796567">
        <ele>0.0</ele>
        <time>2025-07-05T12:11:35Z</time>
      </trkpt>
      <trkpt lat="31.109648188717358" lon="121.23739811157164">
        <ele>0.0</ele>
        <time>2025-07-05T12:11:36Z</time>
      </trkpt>
      <trkpt lat="31.109626202919447" lon="121.23740511503006">
        <ele>0.0</ele>
        <time>2025-07-05T12:11:37Z</time>
      </trkpt>
      <trkpt lat="31.1096052168624" lon="121.23741311863085">
        <ele>0.0</ele>
        <time>2025-07-05T12:11:38Z</time>
      </trkpt>
      <trkpt lat="31.109584230803193" lon="121.23742112222891">
        <ele>0.0</ele>
        <time>2025-07-05T12:11:39Z</time>
      </trkpt>
      <trkpt lat="31.109563246796323" lon="121.2374361274194">
        <ele>0.0</ele>
        <time>2025-07-05T12:11:40Z</time>
      </trkpt>
      <trkpt lat="31.109542260437607" lon="121.23744313078214">
        <ele>0.0</ele>
        <time>2025-07-05T12:11:41Z</time>
      </trkpt>
      <trkpt lat="31.109521276711366" lon="121.23745913618521">
        <ele>0.0</ele>
        <time>2025-07-05T12:11:42Z</time>
      </trkpt>
      <trkpt lat="31.109500290347086" lon="121.23746613954103">
        <ele>0.0</ele>
        <time>2025-07-05T12:11:43Z</time>
      </trkpt>
      <trkpt lat="31.10947930427317" lon="121.23747414312085">
        <ele>0.0</ele>
        <time>2025-07-05T12:11:44Z</time>
      </trkpt>
      <trkpt lat="31.109459319685797" lon="121.23748914819292">
        <ele>0.0</ele>
        <time>2025-07-05T12:11:45Z</time>
      </trkpt>
      <trkpt lat="31.109440334538302" lon="121.23750415317106">
        <ele>0.0</ele>
        <time>2025-07-05T12:11:46Z</time>
      </trkpt>
      <trkpt lat="31.109421347349848" lon="121.23751215656928">
        <ele>0.0</ele>
        <time>2025-07-05T12:11:47Z</time>
      </trkpt>
      <trkpt lat="31.10940036329365" lon="121.23752716170114">
        <ele>0.0</ele>
        <time>2025-07-05T12:11:48Z</time>
      </trkpt>
      <trkpt lat="31.109379377202565" lon="121.23753516525998">
        <ele>0.0</ele>
        <time>2025-07-05T12:11:49Z</time>
      </trkpt>
      <trkpt lat="31.109358391109318" lon="121.23754316881607">
        <ele>0.0</ele>
        <time>2025-07-05T12:11:50Z</time>
      </trkpt>
      <trkpt lat="31.109337407036396" lon="121.23755817392794">
        <ele>0.0</ele>
        <time>2025-07-05T12:11:51Z</time>
      </trkpt>
      <trkpt lat="31.109314421752146" lon="121.23756517742248">
        <ele>0.0</ele>
        <time>2025-07-05T12:11:52Z</time>
      </trkpt>
      <trkpt lat="31.109295436851337" lon="121.23758118257315">
        <ele>0.0</ele>
        <time>2025-07-05T12:11:53Z</time>
      </trkpt>
      <trkpt lat="31.1092784505498" lon="121.23759618732345">
        <ele>0.0</ele>
        <time>2025-07-05T12:11:54Z</time>
      </trkpt>
      <trkpt lat="31.109259463335402" lon="121.23760419069002">
        <ele>0.0</ele>
        <time>2025-07-05T12:11:55Z</time>
      </trkpt>
      <trkpt lat="31.10924247702125" lon="121.2376191954255">
        <ele>0.0</ele>
        <time>2025-07-05T12:11:56Z</time>
      </trkpt>
      <trkpt lat="31.10922548841006" lon="121.23762619839607">
        <ele>0.0</ele>
        <time>2025-07-05T12:11:57Z</time>
      </trkpt>
      <trkpt lat="31.109204502291252" lon="121.23763420192088">
        <ele>0.0</ele>
        <time>2025-07-05T12:11:58Z</time>
      </trkpt>
      <trkpt lat="31.10918551506621" lon="121.2376422052744">
        <ele>0.0</ele>
        <time>2025-07-05T12:11:59Z</time>
      </trkpt>
      <trkpt lat="31.109166527553587" lon="121.2376492084066">
        <ele>0.0</ele>
        <time>2025-07-05T12:12:00Z</time>
      </trkpt>
      <trkpt lat="31.109146540876484" lon="121.23765721183922">
        <ele>0.0</ele>
        <time>2025-07-05T12:12:01Z</time>
      </trkpt>
      <trkpt lat="31.10912755364513" lon="121.23766521518482">
        <ele>0.0</ele>
        <time>2025-07-05T12:12:02Z</time>
      </trkpt>
      <trkpt lat="31.109108566127063" lon="121.23767221831008">
        <ele>0.0</ele>
        <time>2025-07-05T12:12:03Z</time>
      </trkpt>
      <trkpt lat="31.109091577787417" lon="121.23768022148201">
        <ele>0.0</ele>
        <time>2025-07-05T12:12:04Z</time>
      </trkpt>
      <trkpt lat="31.109072590265782" lon="121.23768722460275">
        <ele>0.0</ele>
        <time>2025-07-05T12:12:05Z</time>
      </trkpt>
      <trkpt lat="31.109059597443085" lon="121.23768722569822">
        <ele>0.0</ele>
        <time>2025-07-05T12:12:06Z</time>
      </trkpt>
      <trkpt lat="31.109045603183976" lon="121.23768022535825">
        <ele>0.0</ele>
        <time>2025-07-05T12:12:07Z</time>
      </trkpt>
      <trkpt lat="31.10903860704877" lon="121.23768022594811">
        <ele>0.0</ele>
        <time>2025-07-05T12:12:08Z</time>
      </trkpt>
      <trkpt lat="31.109028614558564" lon="121.23768722831048">
        <ele>0.0</ele>
        <time>2025-07-05T12:12:09Z</time>
      </trkpt>
      <trkpt lat="31.109020621246003" lon="121.23769523071881">
        <ele>0.0</ele>
        <time>2025-07-05T12:12:10Z</time>
      </trkpt>
      <trkpt lat="31.10901362511089" lon="121.23769523130868">
        <ele>0.0</ele>
        <time>2025-07-05T12:12:11Z</time>
      </trkpt>
      <trkpt lat="31.109001634004525" lon="121.23770323405135">
        <ele>0.0</ele>
        <time>2025-07-05T12:12:12Z</time>
      </trkpt>
      <trkpt lat="31.10899063780999" lon="121.2376952332468">
        <ele>0.0</ele>
        <time>2025-07-05T12:12:13Z</time>
      </trkpt>
      <trkpt lat="31.10897864443572" lon="121.237695234258">
        <ele>0.0</ele>
        <time>2025-07-05T12:12:14Z</time>
      </trkpt>
      <trkpt lat="31.10896565161368" lon="121.23769523535346">
        <ele>0.0</ele>
        <time>2025-07-05T12:12:15Z</time>
      </trkpt>
      <trkpt lat="31.10895465995546" lon="121.23770323801185">
        <ele>0.0</ele>
        <time>2025-07-05T12:12:16Z</time>
      </trkpt>
      <trkpt lat="31.10894266658142" lon="121.23770323902305">
        <ele>0.0</ele>
        <time>2025-07-05T12:12:17Z</time>
      </trkpt>
      <trkpt lat="31.108931674637866" lon="121.23771024146274">
        <ele>0.0</ele>
        <time>2025-07-05T12:12:18Z</time>
      </trkpt>
      <trkpt lat="31.108917682368336" lon="121.23771024264246">
        <ele>0.0</ele>
        <time>2025-07-05T12:12:19Z</time>
      </trkpt>
      <trkpt lat="31.1089066907059" lon="121.23771824529568">
        <ele>0.0</ele>
        <time>2025-07-05T12:12:20Z</time>
      </trkpt>
      <trkpt lat="31.108895696779978" lon="121.23771824622261">
        <ele>0.0</ele>
        <time>2025-07-05T12:12:21Z</time>
      </trkpt>
      <trkpt lat="31.108883705667466" lon="121.23772624895736">
        <ele>0.0</ele>
        <time>2025-07-05T12:12:22Z</time>
      </trkpt>
      <trkpt lat="31.108872711741682" lon="121.23772624988429">
        <ele>0.0</ele>
        <time>2025-07-05T12:12:23Z</time>
      </trkpt>
      <trkpt lat="31.108858719472593" lon="121.237726251064">
        <ele>0.0</ele>
        <time>2025-07-05T12:12:24Z</time>
      </trkpt>
      <trkpt lat="31.10884772752349" lon="121.23773325349677">
        <ele>0.0</ele>
        <time>2025-07-05T12:12:25Z</time>
      </trkpt>
      <trkpt lat="31.108837733045693" lon="121.23773325433943">
        <ele>0.0</ele>
        <time>2025-07-05T12:12:26Z</time>
      </trkpt>
      <trkpt lat="31.108826739120175" lon="121.23773325526635">
        <ele>0.0</ele>
        <time>2025-07-05T12:12:27Z</time>
      </trkpt>
      <trkpt lat="31.108814745746955" lon="121.23773325627754">
        <ele>0.0</ele>
        <time>2025-07-05T12:12:28Z</time>
      </trkpt>
      <trkpt lat="31.108801755182707" lon="121.2377412590914">
        <ele>0.0</ele>
        <time>2025-07-05T12:12:29Z</time>
      </trkpt>
      <trkpt lat="31.1087887623619" lon="121.23774126018684">
        <ele>0.0</ele>
        <time>2025-07-05T12:12:30Z</time>
      </trkpt>
      <trkpt lat="31.10877277317055" lon="121.23774826303642">
        <ele>0.0</ele>
        <time>2025-07-05T12:12:31Z</time>
      </trkpt>
      <trkpt lat="31.108753783663545" lon="121.23774826463746">
        <ele>0.0</ele>
        <time>2025-07-05T12:12:32Z</time>
      </trkpt>
      <trkpt lat="31.108728799722552" lon="121.23775626845732">
        <ele>0.0</ele>
        <time>2025-07-05T12:12:33Z</time>
      </trkpt>
      <trkpt lat="31.108702814082044" lon="121.23775627064822">
        <ele>0.0</ele>
        <time>2025-07-05T12:12:34Z</time>
      </trkpt>
      <trkpt lat="31.108675828994205" lon="121.23775627292338">
        <ele>0.0</ele>
        <time>2025-07-05T12:12:35Z</time>
      </trkpt>
      <trkpt lat="31.108650845051855" lon="121.23776427674049">
        <ele>0.0</ele>
        <time>2025-07-05T12:12:36Z</time>
      </trkpt>
      <trkpt lat="31.10862585886009" lon="121.23776427884711">
        <ele>0.0</ele>
        <time>2025-07-05T12:12:37Z</time>
      </trkpt>
      <trkpt lat="31.108602871563964" lon="121.2377642807852">
        <ele>0.0</ele>
        <time>2025-07-05T12:12:38Z</time>
      </trkpt>
      <trkpt lat="31.10858088568232" lon="121.23777128413344">
        <ele>0.0</ele>
        <time>2025-07-05T12:12:39Z</time>
      </trkpt>
      <trkpt lat="31.108557898386746" lon="121.23777128607152">
        <ele>0.0</ele>
        <time>2025-07-05T12:12:40Z</time>
      </trkpt>
      <trkpt lat="31.10853491109145" lon="121.23777128800961">
        <ele>0.0</ele>
        <time>2025-07-05T12:12:41Z</time>
      </trkpt>
      <trkpt lat="31.10851392269165" lon="121.23777128977918">
        <ele>0.0</ele>
        <time>2025-07-05T12:12:42Z</time>
      </trkpt>
      <trkpt lat="31.108490937642145" lon="121.23777929342256">
        <ele>0.0</ele>
        <time>2025-07-05T12:12:43Z</time>
      </trkpt>
      <trkpt lat="31.108467950347677" lon="121.23777929536065">
        <ele>0.0</ele>
        <time>2025-07-05T12:12:44Z</time>
      </trkpt>
      <trkpt lat="31.10844695970338" lon="121.23777129542488">
        <ele>0.0</ele>
        <time>2025-07-05T12:12:45Z</time>
      </trkpt>
      <trkpt lat="31.10842397044289" lon="121.23776429586856">
        <ele>0.0</ele>
        <time>2025-07-05T12:12:46Z</time>
      </trkpt>
      <trkpt lat="31.108402977542433" lon="121.23774829421438">
        <ele>0.0</ele>
        <time>2025-07-05T12:12:47Z</time>
      </trkpt>
      <trkpt lat="31.108379986019784" lon="121.23773329293273">
        <ele>0.0</ele>
        <time>2025-07-05T12:12:48Z</time>
      </trkpt>
      <trkpt lat="31.108358993384016" lon="121.23771829147287">
        <ele>0.0</ele>
        <time>2025-07-05T12:12:49Z</time>
      </trkpt>
      <trkpt lat="31.108339999635067" lon="121.23770328983483">
        <ele>0.0</ele>
        <time>2025-07-05T12:12:50Z</time>
      </trkpt>
      <trkpt lat="31.10832300250031" lon="121.23768028628196">
        <ele>0.0</ele>
        <time>2025-07-05T12:12:51Z</time>
      </trkpt>
      <trkpt lat="31.108308004240847" lon="121.23765728253781">
        <ele>0.0</ele>
        <time>2025-07-05T12:12:52Z</time>
      </trkpt>
      <trkpt lat="31.10829600201535" lon="121.23762627676295">
        <ele>0.0</ele>
        <time>2025-07-05T12:12:53Z</time>
      </trkpt>
      <trkpt lat="31.108285001786534" lon="121.23760427284891">
        <ele>0.0</ele>
        <time>2025-07-05T12:12:54Z</time>
      </trkpt>
      <trkpt lat="31.108272999499565" lon="121.23757326700344">
        <ele>0.0</ele>
        <time>2025-07-05T12:12:55Z</time>
      </trkpt>
      <trkpt lat="31.108263997833014" lon="121.23755026264796">
        <ele>0.0</ele>
        <time>2025-07-05T12:12:56Z</time>
      </trkpt>
      <trkpt lat="31.108253994668573" lon="121.23752025678615">
        <ele>0.0</ele>
        <time>2025-07-05T12:12:57Z</time>
      </trkpt>
      <trkpt lat="31.1082449929564" lon="121.23749725237829">
        <ele>0.0</ele>
        <time>2025-07-05T12:12:58Z</time>
      </trkpt>
      <trkpt lat="31.108236988335133" lon="121.23746624605324">
        <ele>0.0</ele>
        <time>2025-07-05T12:12:59Z</time>
      </trkpt>
      <trkpt lat="31.108232981761073" lon="121.23743623957762">
        <ele>0.0</ele>
        <time>2025-07-05T12:13:00Z</time>
      </trkpt>
      <trkpt lat="31.108227979825088" lon="121.2374202363497">
        <ele>0.0</ele>
        <time>2025-07-05T12:13:01Z</time>
      </trkpt>
      <trkpt lat="31.108219982186778" lon="121.23741323542382">
        <ele>0.0</ele>
        <time>2025-07-05T12:13:02Z</time>
      </trkpt>
      <trkpt lat="31.108215986455704" lon="121.23742023736088">
        <ele>0.0</ele>
        <time>2025-07-05T12:13:03Z</time>
      </trkpt>
      <trkpt lat="31.108217992101988" lon="121.23744324243467">
        <ele>0.0</ele>
        <time>2025-07-05T12:13:04Z</time>
      </trkpt>
      <trkpt lat="31.108223993471604" lon="121.2374592455625">
        <ele>0.0</ele>
        <time>2025-07-05T12:13:05Z</time>
      </trkpt>
      <trkpt lat="31.108230993987167" lon="121.23747424836901">
        <ele>0.0</ele>
        <time>2025-07-05T12:13:06Z</time>
      </trkpt>
      <trkpt lat="31.10823899627165" lon="121.23749725288387">
        <ele>0.0</ele>
        <time>2025-07-05T12:13:07Z</time>
      </trkpt>
      <trkpt lat="31.10824699621336" lon="121.23751225558163">
        <ele>0.0</ele>
        <time>2025-07-05T12:13:08Z</time>
      </trkpt>
      <trkpt lat="31.10825200012274" lon="121.23753526031173">
        <ele>0.0</ele>
        <time>2025-07-05T12:13:09Z</time>
      </trkpt>
      <trkpt lat="31.10826199893807" lon="121.23755026281648">
        <ele>0.0</ele>
        <time>2025-07-05T12:13:10Z</time>
      </trkpt>
      <trkpt lat="31.108268002262193" lon="121.23757326742476">
        <ele>0.0</ele>
        <time>2025-07-05T12:13:11Z</time>
      </trkpt>
      <trkpt lat="31.108277003908928" lon="121.23759627175752">
        <ele>0.0</ele>
        <time>2025-07-05T12:13:12Z</time>
      </trkpt>
      <trkpt lat="31.108289001585046" lon="121.2376112740544">
        <ele>0.0</ele>
        <time>2025-07-05T12:13:13Z</time>
      </trkpt>
      <trkpt lat="31.108300002094076" lon="121.23763427818109">
        <ele>0.0</ele>
        <time>2025-07-05T12:13:14Z</time>
      </trkpt>
      <trkpt lat="31.108314998091455" lon="121.23764928020069">
        <ele>0.0</ele>
        <time>2025-07-05T12:13:15Z</time>
      </trkpt>
      <trkpt lat="31.108330993812817" lon="121.23766528234427">
        <ele>0.0</ele>
        <time>2025-07-05T12:13:16Z</time>
      </trkpt>
      <trkpt lat="31.108347988688028" lon="121.23768028417535">
        <ele>0.0</ele>
        <time>2025-07-05T12:13:17Z</time>
      </trkpt>
      <trkpt lat="31.108368981345055" lon="121.2376952856597">
        <ele>0.0</ele>
        <time>2025-07-05T12:13:18Z</time>
      </trkpt>
      <trkpt lat="31.108389973993877" lon="121.23771028713439">
        <ele>0.0</ele>
        <time>2025-07-05T12:13:19Z</time>
      </trkpt>
      <trkpt lat="31.10841096465585" lon="121.23771828709114">
        <ele>0.0</ele>
        <time>2025-07-05T12:13:20Z</time>
      </trkpt>
      <trkpt lat="31.10843395194962" lon="121.23771828515306">
        <ele>0.0</ele>
        <time>2025-07-05T12:13:21Z</time>
      </trkpt>
      <trkpt lat="31.108456939243673" lon="121.23771828321497">
        <ele>0.0</ele>
        <time>2025-07-05T12:13:22Z</time>
      </trkpt>
      <trkpt lat="31.108480925985596" lon="121.23771828119263">
        <ele>0.0</ele>
        <time>2025-07-05T12:13:23Z</time>
      </trkpt>
      <trkpt lat="31.108503913280224" lon="121.23771827925455">
        <ele>0.0</ele>
        <time>2025-07-05T12:13:24Z</time>
      </trkpt>
      <trkpt lat="31.10852690057514" lon="121.23771827731646">
        <ele>0.0</ele>
        <time>2025-07-05T12:13:25Z</time>
      </trkpt>
      <trkpt lat="31.108549887870332" lon="121.23771827537837">
        <ele>0.0</ele>
        <time>2025-07-05T12:13:26Z</time>
      </trkpt>
      <trkpt lat="31.10857487406108" lon="121.23771827327175">
        <ele>0.0</ele>
        <time>2025-07-05T12:13:27Z</time>
      </trkpt>
      <trkpt lat="31.108597859093308" lon="121.23771026960738">
        <ele>0.0</ele>
        <time>2025-07-05T12:13:28Z</time>
      </trkpt>
      <trkpt lat="31.108620846389375" lon="121.23771026766927">
        <ele>0.0</ele>
        <time>2025-07-05T12:13:29Z</time>
      </trkpt>
      <trkpt lat="31.108643833685726" lon="121.23771026573118">
        <ele>0.0</ele>
        <time>2025-07-05T12:13:30Z</time>
      </trkpt>
      <trkpt lat="31.108665823798226" lon="121.23771826560365">
        <ele>0.0</ele>
        <time>2025-07-05T12:13:31Z</time>
      </trkpt>
      <trkpt lat="31.108688811095128" lon="121.23771826366556">
        <ele>0.0</ele>
        <time>2025-07-05T12:13:32Z</time>
      </trkpt>
      <trkpt lat="31.10871179612876" lon="121.23771026000115">
        <ele>0.0</ele>
        <time>2025-07-05T12:13:33Z</time>
      </trkpt>
      <trkpt lat="31.108734783426225" lon="121.23771025806306">
        <ele>0.0</ele>
        <time>2025-07-05T12:13:34Z</time>
      </trkpt>
      <trkpt lat="31.108757770723976" lon="121.23771025612496">
        <ele>0.0</ele>
        <time>2025-07-05T12:13:35Z</time>
      </trkpt>
      <trkpt lat="31.10878075802201" lon="121.23771025418685">
        <ele>0.0</ele>
        <time>2025-07-05T12:13:36Z</time>
      </trkpt>
      <trkpt lat="31.108803745320326" lon="121.23771025224875">
        <ele>0.0</ele>
        <time>2025-07-05T12:13:37Z</time>
      </trkpt>
      <trkpt lat="31.108826732618926" lon="121.23771025031064">
        <ele>0.0</ele>
        <time>2025-07-05T12:13:38Z</time>
      </trkpt>
      <trkpt lat="31.10885171881338" lon="121.237710248204">
        <ele>0.0</ele>
        <time>2025-07-05T12:13:39Z</time>
      </trkpt>
      <trkpt lat="31.108872705234397" lon="121.23770324492165">
        <ele>0.0</ele>
        <time>2025-07-05T12:13:40Z</time>
      </trkpt>
      <trkpt lat="31.108895692533842" lon="121.23770324298354">
        <ele>0.0</ele>
        <time>2025-07-05T12:13:41Z</time>
      </trkpt>
      <trkpt lat="31.1089176781177" lon="121.23769523939822">
        <ele>0.0</ele>
        <time>2025-07-05T12:13:42Z</time>
      </trkpt>
      <trkpt lat="31.108940663147244" lon="121.23768723572589">
        <ele>0.0</ele>
        <time>2025-07-05T12:13:43Z</time>
      </trkpt>
      <trkpt lat="31.10896365044753" lon="121.23768723378777">
        <ele>0.0</ele>
        <time>2025-07-05T12:13:44Z</time>
      </trkpt>
      <trkpt lat="31.108986637748103" lon="121.23768723184965">
        <ele>0.0</ele>
        <time>2025-07-05T12:13:45Z</time>
      </trkpt>
      <trkpt lat="31.10900962504895" lon="121.23768722991153">
        <ele>0.0</ele>
        <time>2025-07-05T12:13:46Z</time>
      </trkpt>
      <trkpt lat="31.10903261036147" lon="121.23768022645372">
        <ele>0.0</ele>
        <time>2025-07-05T12:13:47Z</time>
      </trkpt>
      <trkpt lat="31.10905559766289" lon="121.23768022451559">
        <ele>0.0</ele>
        <time>2025-07-05T12:13:48Z</time>
      </trkpt>
      <trkpt lat="31.109078582689634" lon="121.23767222083808">
        <ele>0.0</ele>
        <time>2025-07-05T12:13:49Z</time>
      </trkpt>
      <trkpt lat="31.109099571095786" lon="121.23767221906849">
        <ele>0.0</ele>
        <time>2025-07-05T12:13:50Z</time>
      </trkpt>
      <trkpt lat="31.109118560606312" lon="121.23767221746742">
        <ele>0.0</ele>
        <time>2025-07-05T12:13:51Z</time>
      </trkpt>
      <trkpt lat="31.109139549012912" lon="121.23767221569783">
        <ele>0.0</ele>
        <time>2025-07-05T12:13:52Z</time>
      </trkpt>
      <trkpt lat="31.109160535427193" lon="121.23766521240401">
        <ele>0.0</ele>
        <time>2025-07-05T12:13:53Z</time>
      </trkpt>
      <trkpt lat="31.10917952037703" lon="121.23764920731112">
        <ele>0.0</ele>
        <time>2025-07-05T12:13:54Z</time>
      </trkpt>
      <trkpt lat="31.10919650670748" lon="121.23763420259502">
        <ele>0.0</ele>
        <time>2025-07-05T12:13:55Z</time>
      </trkpt>
      <trkpt lat="31.1092174928262" lon="121.2376261990702">
        <ele>0.0</ele>
        <time>2025-07-05T12:13:56Z</time>
      </trkpt>
      <trkpt lat="31.109238479229283" lon="121.23761919576256">
        <ele>0.0</ele>
        <time>2025-07-05T12:13:57Z</time>
      </trkpt>
      <trkpt lat="31.109257466447968" lon="121.23761119240112">
        <ele>0.0</ele>
        <time>2025-07-05T12:13:58Z</time>
      </trkpt>
      <trkpt lat="31.109276453951537" lon="121.23760418925748">
        <ele>0.0</ele>
        <time>2025-07-05T12:13:59Z</time>
      </trkpt>
      <trkpt lat="31.109295438865946" lon="121.23758818412263">
        <ele>0.0</ele>
        <time>2025-07-05T12:14:00Z</time>
      </trkpt>
      <trkpt lat="31.109313426915833" lon="121.23758118105634">
        <ele>0.0</ele>
        <time>2025-07-05T12:14:01Z</time>
      </trkpt>
      <trkpt lat="31.109332411816823" lon="121.23756517590567">
        <ele>0.0</ele>
        <time>2025-07-05T12:14:02Z</time>
      </trkpt>
      <trkpt lat="31.10935139930908" lon="121.2375581727482">
        <ele>0.0</ele>
        <time>2025-07-05T12:14:03Z</time>
      </trkpt>
      <trkpt lat="31.109370384486034" lon="121.23754316780486">
        <ele>0.0</ele>
        <time>2025-07-05T12:14:04Z</time>
      </trkpt>
      <trkpt lat="31.109391368260955" lon="121.23752716245954">
        <ele>0.0</ele>
        <time>2025-07-05T12:14:05Z</time>
      </trkpt>
      <trkpt lat="31.109412352317054" lon="121.2375121573277">
        <ele>0.0</ele>
        <time>2025-07-05T12:14:06Z</time>
      </trkpt>
      <trkpt lat="31.109435337297807" lon="121.2375041535924">
        <ele>0.0</ele>
        <time>2025-07-05T12:14:07Z</time>
      </trkpt>
      <trkpt lat="31.109458322567544" lon="121.23749715007949">
        <ele>0.0</ele>
        <time>2025-07-05T12:14:08Z</time>
      </trkpt>
      <trkpt lat="31.10948030809624" lon="121.2374891464233">
        <ele>0.0</ele>
        <time>2025-07-05T12:14:09Z</time>
      </trkpt>
      <trkpt lat="31.109503291028243" lon="121.23747414109842">
        <ele>0.0</ele>
        <time>2025-07-05T12:14:10Z</time>
      </trkpt>
      <trkpt lat="31.10952627599872" lon="121.23746613735007">
        <ele>0.0</ele>
        <time>2025-07-05T12:14:11Z</time>
      </trkpt>
      <trkpt lat="31.10954726002204" lon="121.23745113217889">
        <ele>0.0</ele>
        <time>2025-07-05T12:14:12Z</time>
      </trkpt>
      <trkpt lat="31.10956824608983" lon="121.23744312859117">
        <ele>0.0</ele>
        <time>2025-07-05T12:14:13Z</time>
      </trkpt>
      <trkpt lat="31.10958923244884" lon="121.23743612522843">
        <ele>0.0</ele>
        <time>2025-07-05T12:14:14Z</time>
      </trkpt>
      <trkpt lat="31.109612217408987" lon="121.237428121467">
        <ele>0.0</ele>
        <time>2025-07-05T12:14:15Z</time>
      </trkpt>
      <trkpt lat="31.109635200308325" lon="121.2374131161028">
        <ele>0.0</ele>
        <time>2025-07-05T12:14:16Z</time>
      </trkpt>
      <trkpt lat="31.109658185262145" lon="121.23740511233346">
        <ele>0.0</ele>
        <time>2025-07-05T12:14:17Z</time>
      </trkpt>
      <trkpt lat="31.109681168149116" lon="121.23739010695445">
        <ele>0.0</ele>
        <time>2025-07-05T12:14:18Z</time>
      </trkpt>
      <trkpt lat="31.10970614992443" lon="121.23737510139723">
        <ele>0.0</ele>
        <time>2025-07-05T12:14:19Z</time>
      </trkpt>
      <trkpt lat="31.10972913486774" lon="121.23736709761482">
        <ele>0.0</ele>
        <time>2025-07-05T12:14:20Z</time>
      </trkpt>
      <trkpt lat="31.10975311955344" lon="121.23736009397642">
        <ele>0.0</ele>
        <time>2025-07-05T12:14:21Z</time>
      </trkpt>
      <trkpt lat="31.109778101016058" lon="121.2373440881682">
        <ele>0.0</ele>
        <time>2025-07-05T12:14:22Z</time>
      </trkpt>
      <trkpt lat="31.10980308514465" lon="121.23733708443862">
        <ele>0.0</ele>
        <time>2025-07-05T12:14:23Z</time>
      </trkpt>
      <trkpt lat="31.10982607007777" lon="121.23732908064315">
        <ele>0.0</ele>
        <time>2025-07-05T12:14:24Z</time>
      </trkpt>
      <trkpt lat="31.109849055008773" lon="121.23732107684494">
        <ele>0.0</ele>
        <time>2025-07-05T12:14:25Z</time>
      </trkpt>
      <trkpt lat="31.1098720378509" lon="121.2373060714118">
        <ele>0.0</ele>
        <time>2025-07-05T12:14:26Z</time>
      </trkpt>
      <trkpt lat="31.10989302417741" lon="121.23729906800786">
        <ele>0.0</ele>
        <time>2025-07-05T12:14:27Z</time>
      </trkpt>
      <trkpt lat="31.10991600910025" lon="121.23729106419933">
        <ele>0.0</ele>
        <time>2025-07-05T12:14:28Z</time>
      </trkpt>
      <trkpt lat="31.109938994020983" lon="121.23728306038805">
        <ele>0.0</ele>
        <time>2025-07-05T12:14:29Z</time>
      </trkpt>
      <trkpt lat="31.10996197923898" lon="121.23727605680865">
        <ele>0.0</ele>
        <time>2025-07-05T12:14:30Z</time>
      </trkpt>
      <trkpt lat="31.10998396230888" lon="121.2372600511955">
        <ele>0.0</ele>
        <time>2025-07-05T12:14:31Z</time>
      </trkpt>
      <trkpt lat="31.110006947521406" lon="121.2372530476092">
        <ele>0.0</ele>
        <time>2025-07-05T12:14:32Z</time>
      </trkpt>
      <trkpt lat="31.110029932431875" lon="121.23724504378485">
        <ele>0.0</ele>
        <time>2025-07-05T12:14:33Z</time>
      </trkpt>
      <trkpt lat="31.110052917641042" lon="121.23723804019403">
        <ele>0.0</ele>
        <time>2025-07-05T12:14:34Z</time>
      </trkpt>
      <trkpt lat="31.110075900137687" lon="121.2372220344705">
        <ele>0.0</ele>
        <time>2025-07-05T12:14:35Z</time>
      </trkpt>
      <trkpt lat="31.11009688644448" lon="121.23721503104132">
        <ele>0.0</ele>
        <time>2025-07-05T12:14:36Z</time>
      </trkpt>
      <trkpt lat="31.11011987134468" lon="121.23720702720392">
        <ele>0.0</ele>
        <time>2025-07-05T12:14:37Z</time>
      </trkpt>
      <trkpt lat="31.11014085522915" lon="121.23719202186588">
        <ele>0.0</ele>
        <time>2025-07-05T12:14:38Z</time>
      </trkpt>
      <trkpt lat="31.11015984020846" lon="121.23717701668672">
        <ele>0.0</ele>
        <time>2025-07-05T12:14:39Z</time>
      </trkpt>
      <trkpt lat="31.110178824875877" lon="121.23716101125838">
        <ele>0.0</ele>
        <time>2025-07-05T12:14:40Z</time>
      </trkpt>
      <trkpt lat="31.11019981116785" lon="121.23715400781083">
        <ele>0.0</ele>
        <time>2025-07-05T12:14:41Z</time>
      </trkpt>
      <trkpt lat="31.11022079471894" lon="121.23713800219815">
        <ele>0.0</ele>
        <time>2025-07-05T12:14:42Z</time>
      </trkpt>
      <trkpt lat="31.110243779902426" lon="121.23713099857517">
        <ele>0.0</ele>
        <time>2025-07-05T12:14:43Z</time>
      </trkpt>
      <trkpt lat="31.110266762642702" lon="121.23711599301966">
        <ele>0.0</ele>
        <time>2025-07-05T12:14:44Z</time>
      </trkpt>
      <trkpt lat="31.110287748618237" lon="121.23710798931678">
        <ele>0.0</ele>
        <time>2025-07-05T12:14:45Z</time>
      </trkpt>
      <trkpt lat="31.110308732449006" lon="121.23709298391499">
        <ele>0.0</ele>
        <time>2025-07-05T12:14:46Z</time>
      </trkpt>
      <trkpt lat="31.11032971596479" lon="121.23707697826043">
        <ele>0.0</ele>
        <time>2025-07-05T12:14:47Z</time>
      </trkpt>
      <trkpt lat="31.11035070223646" lon="121.23706997478764">
        <ele>0.0</ele>
        <time>2025-07-05T12:14:48Z</time>
      </trkpt>
      <trkpt lat="31.110373684943806" lon="121.23705496919285">
        <ele>0.0</ele>
        <time>2025-07-05T12:14:49Z</time>
      </trkpt>
      <trkpt lat="31.110394668437568" lon="121.23703896351219">
        <ele>0.0</ele>
        <time>2025-07-05T12:14:50Z</time>
      </trkpt>
      <trkpt lat="31.110417653597267" lon="121.23703195985946">
        <ele>0.0</ele>
        <time>2025-07-05T12:14:51Z</time>
      </trkpt>
      <trkpt lat="31.110438637077753" lon="121.237015954163">
        <ele>0.0</ele>
        <time>2025-07-05T12:14:52Z</time>
      </trkpt>
      <trkpt lat="31.110461619755874" lon="121.23700094853345">
        <ele>0.0</ele>
        <time>2025-07-05T12:14:53Z</time>
      </trkpt>
      <trkpt lat="31.11048260600913" lon="121.23699394503784">
        <ele>0.0</ele>
        <time>2025-07-05T12:14:54Z</time>
      </trkpt>
      <trkpt lat="31.110503589467594" lon="121.2369779393153">
        <ele>0.0</ele>
        <time>2025-07-05T12:14:55Z</time>
      </trkpt>
      <trkpt lat="31.11052457322782" lon="121.23696293382983">
        <ele>0.0</ele>
        <time>2025-07-05T12:14:56Z</time>
      </trkpt>
      <trkpt lat="31.11054555916047" lon="121.23695493007445">
        <ele>0.0</ele>
        <time>2025-07-05T12:14:57Z</time>
      </trkpt>
      <trkpt lat="31.110566542908263" lon="121.23693992457419">
        <ele>0.0</ele>
        <time>2025-07-05T12:14:58Z</time>
      </trkpt>
      <trkpt lat="31.110589525545315" lon="121.23692491889574">
        <ele>0.0</ele>
        <time>2025-07-05T12:14:59Z</time>
      </trkpt>
      <trkpt lat="31.11061151091606" lon="121.23691691504303">
        <ele>0.0</ele>
        <time>2025-07-05T12:15:00Z</time>
      </trkpt>
      <trkpt lat="31.11063149519453" lon="121.2369019096026">
        <ele>0.0</ele>
        <time>2025-07-05T12:15:01Z</time>
      </trkpt>
      <trkpt lat="31.110648478605913" lon="121.23687890239356">
        <ele>0.0</ele>
        <time>2025-07-05T12:15:02Z</time>
      </trkpt>
      <trkpt lat="31.110667463414696" lon="121.23686389701297">
        <ele>0.0</ele>
        <time>2025-07-05T12:15:03Z</time>
      </trkpt>
      <trkpt lat="31.110690446010356" lon="121.2368488912856">
        <ele>0.0</ele>
        <time>2025-07-05T12:15:04Z</time>
      </trkpt>
      <trkpt lat="31.11071542970592" lon="121.23684088715402">
        <ele>0.0</ele>
        <time>2025-07-05T12:15:05Z</time>
      </trkpt>
      <trkpt lat="31.110739413950625" lon="121.23683288310393">
        <ele>0.0</ele>
        <time>2025-07-05T12:15:06Z</time>
      </trkpt>
      <trkpt lat="31.110762399060665" lon="121.23682587938931">
        <ele>0.0</ele>
        <time>2025-07-05T12:15:07Z</time>
      </trkpt>
      <trkpt lat="31.110785381636187" lon="121.23681087363752">
        <ele>0.0</ele>
        <time>2025-07-05T12:15:08Z</time>
      </trkpt>
      <trkpt lat="31.110806364988548" lon="121.23679486778941">
        <ele>0.0</ele>
        <time>2025-07-05T12:15:09Z</time>
      </trkpt>
      <trkpt lat="31.110829347547224" lon="121.23677986201768">
        <ele>0.0</ele>
        <time>2025-07-05T12:15:10Z</time>
      </trkpt>
      <trkpt lat="31.110850333428573" lon="121.23677185819949">
        <ele>0.0</ele>
        <time>2025-07-05T12:15:11Z</time>
      </trkpt>
      <trkpt lat="31.110873315974892" lon="121.23675685241298">
        <ele>0.0</ele>
        <time>2025-07-05T12:15:12Z</time>
      </trkpt>
      <trkpt lat="31.110894299615314" lon="121.23674184678535">
        <ele>0.0</ele>
        <time>2025-07-05T12:15:13Z</time>
      </trkpt>
      <trkpt lat="31.11091728438383" lon="121.2367338427856">
        <ele>0.0</ele>
        <time>2025-07-05T12:15:14Z</time>
      </trkpt>
      <trkpt lat="31.11093826801185" lon="121.23671883714317">
        <ele>0.0</ele>
        <time>2025-07-05T12:15:15Z</time>
      </trkpt>
      <trkpt lat="31.110961252774036" lon="121.23671083313552">
        <ele>0.0</ele>
        <time>2025-07-05T12:15:16Z</time>
      </trkpt>
      <trkpt lat="31.11098223638966" lon="121.23669582747833">
        <ele>0.0</ele>
        <time>2025-07-05T12:15:17Z</time>
      </trkpt>
      <trkpt lat="31.111003222568975" lon="121.23668882389113">
        <ele>0.0</ele>
        <time>2025-07-05T12:15:18Z</time>
      </trkpt>
      <trkpt lat="31.111026204748736" lon="121.23667281779079">
        <ele>0.0</ele>
        <time>2025-07-05T12:15:19Z</time>
      </trkpt>
      <trkpt lat="31.111047190922534" lon="121.2366658141967">
        <ele>0.0</ele>
        <time>2025-07-05T12:15:20Z</time>
      </trkpt>
      <trkpt lat="31.111070175670225" lon="121.23665781017085">
        <ele>0.0</ele>
        <time>2025-07-05T12:15:21Z</time>
      </trkpt>
      <trkpt lat="31.11109115925737" lon="121.2366428044796">
        <ele>0.0</ele>
        <time>2025-07-05T12:15:22Z</time>
      </trkpt>
      <trkpt lat="31.11111314454973" lon="121.23663480053014">
        <ele>0.0</ele>
        <time>2025-07-05T12:15:23Z</time>
      </trkpt>
      <trkpt lat="31.111138128510646" lon="121.23662779658756">
        <ele>0.0</ele>
        <time>2025-07-05T12:15:24Z</time>
      </trkpt>
      <trkpt lat="31.11116111065561" lon="121.23661179044538">
        <ele>0.0</ele>
        <time>2025-07-05T12:15:25Z</time>
      </trkpt>
      <trkpt lat="31.111184095713067" lon="121.23660478666444">
        <ele>0.0</ele>
        <time>2025-07-05T12:15:26Z</time>
      </trkpt>
      <trkpt lat="31.11120707816991" lon="121.23658978077054">
        <ele>0.0</ele>
        <time>2025-07-05T12:15:27Z</time>
      </trkpt>
      <trkpt lat="31.111230062896873" lon="121.23658177671865">
        <ele>0.0</ele>
        <time>2025-07-05T12:15:28Z</time>
      </trkpt>
      <trkpt lat="31.111253047621734" lon="121.236573772664">
        <ele>0.0</ele>
        <time>2025-07-05T12:15:29Z</time>
      </trkpt>
      <trkpt lat="31.111276030062058" lon="121.2365587667502">
        <ele>0.0</ele>
        <time>2025-07-05T12:15:30Z</time>
      </trkpt>
      <trkpt lat="31.111299014780617" lon="121.23655076268767">
        <ele>0.0</ele>
        <time>2025-07-05T12:15:31Z</time>
      </trkpt>
      <trkpt lat="31.111321999823843" lon="121.23654375888843">
        <ele>0.0</ele>
        <time>2025-07-05T12:15:32Z</time>
      </trkpt>
      <trkpt lat="31.111345986602846" lon="121.23654375686583">
        <ele>0.0</ele>
        <time>2025-07-05T12:15:33Z</time>
      </trkpt>
      <trkpt lat="31.1113689713178" lon="121.23653575279815">
        <ele>0.0</ele>
        <time>2025-07-05T12:15:34Z</time>
      </trkpt>
      <trkpt lat="31.111393955256293" lon="121.23652874882585">
        <ele>0.0</ele>
        <time>2025-07-05T12:15:35Z</time>
      </trkpt>
      <trkpt lat="31.111416942587066" lon="121.23652874688752">
        <ele>0.0</ele>
        <time>2025-07-05T12:15:36Z</time>
      </trkpt>
      <trkpt lat="31.111441928816493" lon="121.23652874478063">
        <ele>0.0</ele>
        <time>2025-07-05T12:15:37Z</time>
      </trkpt>
      <trkpt lat="31.111466917336536" lon="121.23653574453915">
        <ele>0.0</ele>
        <time>2025-07-05T12:15:38Z</time>
      </trkpt>
      <trkpt lat="31.11149090411743" lon="121.23653574251655">
        <ele>0.0</ele>
        <time>2025-07-05T12:15:39Z</time>
      </trkpt>
      <trkpt lat="31.111515890347864" lon="121.23653574040965">
        <ele>0.0</ele>
        <time>2025-07-05T12:15:40Z</time>
      </trkpt>
      <trkpt lat="31.111540879193857" lon="121.23654374043211">
        <ele>0.0</ele>
        <time>2025-07-05T12:15:41Z</time>
      </trkpt>
      <trkpt lat="31.111563866526467" lon="121.23654373849376">
        <ele>0.0</ele>
        <time>2025-07-05T12:15:42Z</time>
      </trkpt>
      <trkpt lat="31.111588852757894" lon="121.23654373638688">
        <ele>0.0</ele>
        <time>2025-07-05T12:15:43Z</time>
      </trkpt>
      <trkpt lat="31.111613841276014" lon="121.2365507361409">
        <ele>0.0</ele>
        <time>2025-07-05T12:15:44Z</time>
      </trkpt>
      <trkpt lat="31.111635831770982" lon="121.23655873641104">
        <ele>0.0</ele>
        <time>2025-07-05T12:15:45Z</time>
      </trkpt>
      <trkpt lat="31.111658819104782" lon="121.2365587344727">
        <ele>0.0</ele>
        <time>2025-07-05T12:15:46Z</time>
      </trkpt>
      <trkpt lat="31.111683807945845" lon="121.23656673448725">
        <ele>0.0</ele>
        <time>2025-07-05T12:15:47Z</time>
      </trkpt>
      <trkpt lat="31.111706795280245" lon="121.23656673254891">
        <ele>0.0</ele>
        <time>2025-07-05T12:15:48Z</time>
      </trkpt>
      <trkpt lat="31.111731783793953" lon="121.23657373229602">
        <ele>0.0</ele>
        <time>2025-07-05T12:15:49Z</time>
      </trkpt>
      <trkpt lat="31.111752774834105" lon="121.23658173264256">
        <ele>0.0</ele>
        <time>2025-07-05T12:15:50Z</time>
      </trkpt>
      <trkpt lat="31.111773765872105" lon="121.23658973298635">
        <ele>0.0</ele>
        <time>2025-07-05T12:15:51Z</time>
      </trkpt>
      <trkpt lat="31.11179675807893" lon="121.23660473500358">
        <ele>0.0</ele>
        <time>2025-07-05T12:15:52Z</time>
      </trkpt>
      <trkpt lat="31.111817748786365" lon="121.23661173507641">
        <ele>0.0</ele>
        <time>2025-07-05T12:15:53Z</time>
      </trkpt>
      <trkpt lat="31.111840738714935" lon="121.23661973524135">
        <ele>0.0</ele>
        <time>2025-07-05T12:15:54Z</time>
      </trkpt>
      <trkpt lat="31.111859733108133" lon="121.23663473757641">
        <ele>0.0</ele>
        <time>2025-07-05T12:15:55Z</time>
      </trkpt>
      <trkpt lat="31.11187872781588" lon="121.23665074016327">
        <ele>0.0</ele>
        <time>2025-07-05T12:15:56Z</time>
      </trkpt>
      <trkpt lat="31.111899721090953" lon="121.23666574230987">
        <ele>0.0</ele>
        <time>2025-07-05T12:15:57Z</time>
      </trkpt>
      <trkpt lat="31.11192071435785" lon="121.2366807444468">
        <ele>0.0</ele>
        <time>2025-07-05T12:15:58Z</time>
      </trkpt>
      <trkpt lat="31.111939708717667" lon="121.23669574674265">
        <ele>0.0</ele>
        <time>2025-07-05T12:15:59Z</time>
      </trkpt>
      <trkpt lat="31.111958703389753" lon="121.23671174928771">
        <ele>0.0</ele>
        <time>2025-07-05T12:16:00Z</time>
      </trkpt>
      <trkpt lat="31.111977697732573" lon="121.23672675156362">
        <ele>0.0</ele>
        <time>2025-07-05T12:16:01Z</time>
      </trkpt>
      <trkpt lat="31.111994693168207" lon="121.23674175399847">
        <ele>0.0</ele>
        <time>2025-07-05T12:16:02Z</time>
      </trkpt>
      <trkpt lat="31.112013687494567" lon="121.23675675625512">
        <ele>0.0</ele>
        <time>2025-07-05T12:16:03Z</time>
      </trkpt>
      <trkpt lat="31.112030685458336" lon="121.23677976071914">
        <ele>0.0</ele>
        <time>2025-07-05T12:16:04Z</time>
      </trkpt>
      <trkpt lat="31.11204868031424" lon="121.23679476303565">
        <ele>0.0</ele>
        <time>2025-07-05T12:16:05Z</time>
      </trkpt>
      <trkpt lat="31.112063679346598" lon="121.23681776763077">
        <ele>0.0</ele>
        <time>2025-07-05T12:16:06Z</time>
      </trkpt>
      <trkpt lat="31.112078678359286" lon="121.23684077220321">
        <ele>0.0</ele>
        <time>2025-07-05T12:16:07Z</time>
      </trkpt>
      <trkpt lat="31.11209367735231" lon="121.23686377675297">
        <ele>0.0</ele>
        <time>2025-07-05T12:16:08Z</time>
      </trkpt>
      <trkpt lat="31.112107676876118" lon="121.23688678136433">
        <ele>0.0</ele>
        <time>2025-07-05T12:16:09Z</time>
      </trkpt>
      <trkpt lat="31.112118678031578" lon="121.23690978620584">
        <ele>0.0</ele>
        <time>2025-07-05T12:16:10Z</time>
      </trkpt>
      <trkpt lat="31.112128679717753" lon="121.23693279110894">
        <ele>0.0</ele>
        <time>2025-07-05T12:16:11Z</time>
      </trkpt>
      <trkpt lat="31.11213768193462" lon="121.23695579607364">
        <ele>0.0</ele>
        <time>2025-07-05T12:16:12Z</time>
      </trkpt>
      <trkpt lat="31.11214368795551" lon="121.2369858029989">
        <ele>0.0</ele>
        <time>2025-07-05T12:16:13Z</time>
      </trkpt>
      <trkpt lat="31.11214769287898" lon="121.23700880833272">
        <ele>0.0</ele>
        <time>2025-07-05T12:16:14Z</time>
      </trkpt>
      <trkpt lat="31.11215070079989" lon="121.23703981568738">
        <ele>0.0</ele>
        <time>2025-07-05T12:16:15Z</time>
      </trkpt>
      <trkpt lat="31.112156704268678" lon="121.23706182055558">
        <ele>0.0</ele>
        <time>2025-07-05T12:16:16Z</time>
      </trkpt>
      <trkpt lat="31.112164709375975" lon="121.23709282741837">
        <ele>0.0</ele>
        <time>2025-07-05T12:16:17Z</time>
      </trkpt>
      <trkpt lat="31.112175710354432" lon="121.23711583205667">
        <ele>0.0</ele>
        <time>2025-07-05T12:16:18Z</time>
      </trkpt>
      <trkpt lat="31.11219270557354" lon="121.23713083424128">
        <ele>0.0</ele>
        <time>2025-07-05T12:16:19Z</time>
      </trkpt>
      <trkpt lat="31.112213696452255" lon="121.23713883439679">
        <ele>0.0</ele>
        <time>2025-07-05T12:16:20Z</time>
      </trkpt>
      <trkpt lat="31.11223468245691" lon="121.23713083070166">
        <ele>0.0</ele>
        <time>2025-07-05T12:16:21Z</time>
      </trkpt>
      <trkpt lat="31.112244674513548" lon="121.23712282793085">
        <ele>0.0</ele>
        <time>2025-07-05T12:16:22Z</time>
      </trkpt>
      <trkpt lat="31.112236674335993" lon="121.23710782498257">
        <ele>0.0</ele>
        <time>2025-07-05T12:16:23Z</time>
      </trkpt>
      <trkpt lat="31.1122216825918" lon="121.23710782624673">
        <ele>0.0</ele>
        <time>2025-07-05T12:16:24Z</time>
      </trkpt>
      <trkpt lat="31.11220868974694" lon="121.23710782734233">
        <ele>0.0</ele>
        <time>2025-07-05T12:16:25Z</time>
      </trkpt>
      <trkpt lat="31.112192696412887" lon="121.23710082699696">
        <ele>0.0</ele>
        <time>2025-07-05T12:16:26Z</time>
      </trkpt>
      <trkpt lat="31.11217969866877" lon="121.23708482421314">
        <ele>0.0</ele>
        <time>2025-07-05T12:16:27Z</time>
      </trkpt>
      <trkpt lat="31.112170696562753" lon="121.23706181937571">
        <ele>0.0</ele>
        <time>2025-07-05T12:16:28Z</time>
      </trkpt>
      <trkpt lat="31.112162691727967" lon="121.2370318127168">
        <ele>0.0</ele>
        <time>2025-07-05T12:16:29Z</time>
      </trkpt>
      <trkpt lat="31.11215468902597" lon="121.23700880774278">
        <ele>0.0</ele>
        <time>2025-07-05T12:16:30Z</time>
      </trkpt>
      <trkpt lat="31.112147685753776" lon="121.2369858026618">
        <ele>0.0</ele>
        <time>2025-07-05T12:16:31Z</time>
      </trkpt>
      <trkpt lat="31.11213768411312" lon="121.23696279781097">
        <ele>0.0</ele>
        <time>2025-07-05T12:16:32Z</time>
      </trkpt>
      <trkpt lat="31.112126683003158" lon="121.23693979302173">
        <ele>0.0</ele>
        <time>2025-07-05T12:16:33Z</time>
      </trkpt>
      <trkpt lat="31.11211468242392" lon="121.2369167882941">
        <ele>0.0</ele>
        <time>2025-07-05T12:16:34Z</time>
      </trkpt>
      <trkpt lat="31.112103681588152" lon="121.23689478371045">
        <ele>0.0</ele>
        <time>2025-07-05T12:16:35Z</time>
      </trkpt>
      <trkpt lat="31.112091680970334" lon="121.23687177893844">
        <ele>0.0</ele>
        <time>2025-07-05T12:16:36Z</time>
      </trkpt>
      <trkpt lat="31.11207668198421" lon="121.23684877439656">
        <ele>0.0</ele>
        <time>2025-07-05T12:16:37Z</time>
      </trkpt>
      <trkpt lat="31.112061685506895" lon="121.23683377186195">
        <ele>0.0</ele>
        <time>2025-07-05T12:16:38Z</time>
      </trkpt>
      <trkpt lat="31.112044687589293" lon="121.23681076745116">
        <ele>0.0</ele>
        <time>2025-07-05T12:16:39Z</time>
      </trkpt>
      <trkpt lat="31.112028689101567" lon="121.23678776293342">
        <ele>0.0</ele>
        <time>2025-07-05T12:16:40Z</time>
      </trkpt>
      <trkpt lat="31.11201169369143" lon="121.23677276052815">
        <ele>0.0</ele>
        <time>2025-07-05T12:16:41Z</time>
      </trkpt>
      <trkpt lat="31.111994695721815" lon="121.23674975605724">
        <ele>0.0</ele>
        <time>2025-07-05T12:16:42Z</time>
      </trkpt>
      <trkpt lat="31.111975701072087" lon="121.23673375353825">
        <ele>0.0</ele>
        <time>2025-07-05T12:16:43Z</time>
      </trkpt>
      <trkpt lat="31.111954707834286" lon="121.23671875143536">
        <ele>0.0</ele>
        <time>2025-07-05T12:16:44Z</time>
      </trkpt>
      <trkpt lat="31.11193571348722" lon="121.23670374915427">
        <ele>0.0</ele>
        <time>2025-07-05T12:16:45Z</time>
      </trkpt>
      <trkpt lat="31.111916719131933" lon="121.23668874686358">
        <ele>0.0</ele>
        <time>2025-07-05T12:16:46Z</time>
      </trkpt>
      <trkpt lat="31.111895728121905" lon="121.23668074655372">
        <ele>0.0</ele>
        <time>2025-07-05T12:16:47Z</time>
      </trkpt>
      <trkpt lat="31.111876733754137" lon="121.23666574424823">
        <ele>0.0</ele>
        <time>2025-07-05T12:16:48Z</time>
      </trkpt>
      <trkpt lat="31.11185574047933" lon="121.23665074210163">
        <ele>0.0</ele>
        <time>2025-07-05T12:16:49Z</time>
      </trkpt>
      <trkpt lat="31.11183474687302" lon="121.23663473968332">
        <ele>0.0</ele>
        <time>2025-07-05T12:16:50Z</time>
      </trkpt>
      <trkpt lat="31.111815755070182" lon="121.23662773944883">
        <ele>0.0</ele>
        <time>2025-07-05T12:16:51Z</time>
      </trkpt>
      <trkpt lat="31.11179476145057" lon="121.23661173701477">
        <ele>0.0</ele>
        <time>2025-07-05T12:16:52Z</time>
      </trkpt>
      <trkpt lat="31.111771771844676" lon="121.23660473711048">
        <ele>0.0</ele>
        <time>2025-07-05T12:16:53Z</time>
      </trkpt>
      <trkpt lat="31.111748781912482" lon="121.23659673694038">
        <ele>0.0</ele>
        <time>2025-07-05T12:16:54Z</time>
      </trkpt>
      <trkpt lat="31.111725792303233" lon="121.23658973703161">
        <ele>0.0</ele>
        <time>2025-07-05T12:16:55Z</time>
      </trkpt>
      <trkpt lat="31.111700803468484" lon="121.23658173702492">
        <ele>0.0</ele>
        <time>2025-07-05T12:16:56Z</time>
      </trkpt>
      <trkpt lat="31.111677816134154" lon="121.23658173896328">
        <ele>0.0</ele>
        <time>2025-07-05T12:16:57Z</time>
      </trkpt>
      <trkpt lat="31.111653829350818" lon="121.2365817409859">
        <ele>0.0</ele>
        <time>2025-07-05T12:16:58Z</time>
      </trkpt>
      <trkpt lat="31.111630839413223" lon="121.23657374080791">
        <ele>0.0</ele>
        <time>2025-07-05T12:16:59Z</time>
      </trkpt>
      <trkpt lat="31.11160784979944" lon="121.23656674089223">
        <ele>0.0</ele>
        <time>2025-07-05T12:17:00Z</time>
      </trkpt>
      <trkpt lat="31.11158485985793" lon="121.23655874070911">
        <ele>0.0</ele>
        <time>2025-07-05T12:17:01Z</time>
      </trkpt>
      <trkpt lat="31.11155987362656" lon="121.23655874281602">
        <ele>0.0</ele>
        <time>2025-07-05T12:17:02Z</time>
      </trkpt>
      <trkpt lat="31.111536886294" lon="121.23655874475436">
        <ele>0.0</ele>
        <time>2025-07-05T12:17:03Z</time>
      </trkpt>
      <trkpt lat="31.111511900063284" lon="121.23655874686125">
        <ele>0.0</ele>
        <time>2025-07-05T12:17:04Z</time>
      </trkpt>
      <trkpt lat="31.11148891012059" lon="121.23655074667538">
        <ele>0.0</ele>
        <time>2025-07-05T12:17:05Z</time>
      </trkpt>
      <trkpt lat="31.11146492333972" lon="121.23655074869798">
        <ele>0.0</ele>
        <time>2025-07-05T12:17:06Z</time>
      </trkpt>
      <trkpt lat="31.11143993710998" lon="121.23655075080487">
        <ele>0.0</ele>
        <time>2025-07-05T12:17:07Z</time>
      </trkpt>
      <trkpt lat="31.111412951982246" lon="121.23655075308031">
        <ele>0.0</ele>
        <time>2025-07-05T12:17:08Z</time>
      </trkpt>
      <trkpt lat="31.111385969465644" lon="121.23655875747995">
        <ele>0.0</ele>
        <time>2025-07-05T12:17:09Z</time>
      </trkpt>
      <trkpt lat="31.11136198268612" lon="121.23655875950256">
        <ele>0.0</ele>
        <time>2025-07-05T12:17:10Z</time>
      </trkpt>
      <trkpt lat="31.111336999066125" lon="121.23656676373089">
        <ele>0.0</ele>
        <time>2025-07-05T12:17:11Z</time>
      </trkpt>
      <trkpt lat="31.1113100139399" lon="121.2365667660063">
        <ele>0.0</ele>
        <time>2025-07-05T12:17:12Z</time>
      </trkpt>
      <trkpt lat="31.111287028890803" lon="121.23657376979867">
        <ele>0.0</ele>
        <time>2025-07-05T12:17:13Z</time>
      </trkpt>
      <trkpt lat="31.11126204526735" lon="121.23658177402186">
        <ele>0.0</ele>
        <time>2025-07-05T12:17:14Z</time>
      </trkpt>
      <trkpt lat="31.11123906053998" lon="121.23658977807375">
        <ele>0.0</ele>
        <time>2025-07-05T12:17:15Z</time>
      </trkpt>
      <trkpt lat="31.111215076036697" lon="121.23659678194348">
        <ele>0.0</ele>
        <time>2025-07-05T12:17:16Z</time>
      </trkpt>
      <trkpt lat="31.111192091305437" lon="121.23660478599024">
        <ele>0.0</ele>
        <time>2025-07-05T12:17:17Z</time>
      </trkpt>
      <trkpt lat="31.111167107349804" lon="121.23661178993973">
        <ele>0.0</ele>
        <time>2025-07-05T12:17:18Z</time>
      </trkpt>
      <trkpt lat="31.111144122614657" lon="121.23661979398133">
        <ele>0.0</ele>
        <time>2025-07-05T12:17:19Z</time>
      </trkpt>
      <trkpt lat="31.111121140141787" lon="121.23663479985595">
        <ele>0.0</ele>
        <time>2025-07-05T12:17:20Z</time>
      </trkpt>
      <trkpt lat="31.11110015429833" lon="121.23664280372113">
        <ele>0.0</ele>
        <time>2025-07-05T12:17:21Z</time>
      </trkpt>
      <trkpt lat="31.11107717181311" lon="121.23665780958095">
        <ele>0.0</ele>
        <time>2025-07-05T12:17:22Z</time>
      </trkpt>
      <trkpt lat="31.111056185963278" lon="121.23666581343824">
        <ele>0.0</ele>
        <time>2025-07-05T12:17:23Z</time>
      </trkpt>
      <trkpt lat="31.111035199789377" lon="121.23667281703233">
        <ele>0.0</ele>
        <time>2025-07-05T12:17:24Z</time>
      </trkpt>
      <trkpt lat="31.111014216507403" lon="121.23668882296413">
        <ele>0.0</ele>
        <time>2025-07-05T12:17:25Z</time>
      </trkpt>
      <trkpt lat="31.110993230327967" lon="121.23669582655131">
        <ele>0.0</ele>
        <time>2025-07-05T12:17:26Z</time>
      </trkpt>
      <trkpt lat="31.11097224671222" lon="121.23671083220852">
        <ele>0.0</ele>
        <time>2025-07-05T12:17:27Z</time>
      </trkpt>
      <trkpt lat="31.11095126340823" lon="121.23672683811424">
        <ele>0.0</ele>
        <time>2025-07-05T12:17:28Z</time>
      </trkpt>
      <trkpt lat="31.11093027977557" lon="121.2367418437515">
        <ele>0.0</ele>
        <time>2025-07-05T12:17:29Z</time>
      </trkpt>
      <trkpt lat="31.110911292800076" lon="121.23674984741145">
        <ele>0.0</ele>
        <time>2025-07-05T12:17:30Z</time>
      </trkpt>
      <trkpt lat="31.11089030915497" lon="121.23676485303392">
        <ele>0.0</ele>
        <time>2025-07-05T12:17:31Z</time>
      </trkpt>
      <trkpt lat="31.110869325501692" lon="121.23677985864676">
        <ele>0.0</ele>
        <time>2025-07-05T12:17:32Z</time>
      </trkpt>
      <trkpt lat="31.110848339617736" lon="121.2367878624622">
        <ele>0.0</ele>
        <time>2025-07-05T12:17:33Z</time>
      </trkpt>
      <trkpt lat="31.110827355952036" lon="121.23680286806024">
        <ele>0.0</ele>
        <time>2025-07-05T12:17:34Z</time>
      </trkpt>
      <trkpt lat="31.110806372278155" lon="121.23681787364865">
        <ele>0.0</ele>
        <time>2025-07-05T12:17:35Z</time>
      </trkpt>
      <trkpt lat="31.110787387493755" lon="121.23683287905884">
        <ele>0.0</ele>
        <time>2025-07-05T12:17:36Z</time>
      </trkpt>
      <trkpt lat="31.11076640159487" lon="121.2368408828561">
        <ele>0.0</ele>
        <time>2025-07-05T12:17:37Z</time>
      </trkpt>
      <trkpt lat="31.110743419002755" lon="121.2368558885886">
        <ele>0.0</ele>
        <time>2025-07-05T12:17:38Z</time>
      </trkpt>
      <trkpt lat="31.1107224356146" lon="121.23687189439487">
        <ele>0.0</ele>
        <time>2025-07-05T12:17:39Z</time>
      </trkpt>
      <trkpt lat="31.110699450493016" lon="121.23687889809567">
        <ele>0.0</ele>
        <time>2025-07-05T12:17:40Z</time>
      </trkpt>
      <trkpt lat="31.11067646568383" lon="121.2368869020457">
        <ele>0.0</ele>
        <time>2025-07-05T12:17:41Z</time>
      </trkpt>
      <trkpt lat="31.110655481964532" lon="121.23690190758006">
        <ele>0.0</ele>
        <time>2025-07-05T12:17:42Z</time>
      </trkpt>
      <trkpt lat="31.110636494943993" lon="121.2369099111851">
        <ele>0.0</ele>
        <time>2025-07-05T12:17:43Z</time>
      </trkpt>
      <trkpt lat="31.11061551121224" lon="121.23692491670467">
        <ele>0.0</ele>
        <time>2025-07-05T12:17:44Z</time>
      </trkpt>
      <trkpt lat="31.110596526369758" lon="121.23693992204602">
        <ele>0.0</ele>
        <time>2025-07-05T12:17:45Z</time>
      </trkpt>
      <trkpt lat="31.110575540441022" lon="121.23694792580658">
        <ele>0.0</ele>
        <time>2025-07-05T12:17:46Z</time>
      </trkpt>
      <trkpt lat="31.110556555586044" lon="121.23696293113314">
        <ele>0.0</ele>
        <time>2025-07-05T12:17:47Z</time>
      </trkpt>
      <trkpt lat="31.11053557182545" lon="121.2369779366186">
        <ele>0.0</ele>
        <time>2025-07-05T12:17:48Z</time>
      </trkpt>
      <trkpt lat="31.110518586161348" lon="121.23699394200406">
        <ele>0.0</ele>
        <time>2025-07-05T12:17:49Z</time>
      </trkpt>
      <trkpt lat="31.11049960344575" lon="121.23701594902244">
        <ele>0.0</ele>
        <time>2025-07-05T12:17:50Z</time>
      </trkpt>
      <trkpt lat="31.110480618861896" lon="121.23703195455035">
        <ele>0.0</ele>
        <time>2025-07-05T12:17:51Z</time>
      </trkpt>
      <trkpt lat="31.110459632598708" lon="121.23703895803456">
        <ele>0.0</ele>
        <time>2025-07-05T12:17:52Z</time>
      </trkpt>
      <trkpt lat="31.11043864910421" lon="121.23705496371522">
        <ele>0.0</ele>
        <time>2025-07-05T12:17:53Z</time>
      </trkpt>
      <trkpt lat="31.110417662835474" lon="121.23706196719252">
        <ele>0.0</ele>
        <time>2025-07-05T12:17:54Z</time>
      </trkpt>
      <trkpt lat="31.11039667902088" lon="121.23707697261426">
        <ele>0.0</ele>
        <time>2025-07-05T12:17:55Z</time>
      </trkpt>
      <trkpt lat="31.110375693053392" lon="121.23708497632776">
        <ele>0.0</ele>
        <time>2025-07-05T12:17:56Z</time>
      </trkpt>
      <trkpt lat="31.110354709226353" lon="121.23709998173472">
        <ele>0.0</ele>
        <time>2025-07-05T12:17:57Z</time>
      </trkpt>
      <trkpt lat="31.11033372325246" lon="121.23710798544032">
        <ele>0.0</ele>
        <time>2025-07-05T12:17:58Z</time>
      </trkpt>
      <trkpt lat="31.11031073837926" lon="121.23711598931173">
        <ele>0.0</ele>
        <time>2025-07-05T12:17:59Z</time>
      </trkpt>
      <trkpt lat="31.11028975453555" lon="121.2371309946987">
        <ele>0.0</ele>
        <time>2025-07-05T12:18:00Z</time>
      </trkpt>
      <trkpt lat="31.110268770683653" lon="121.23714600007604">
        <ele>0.0</ele>
        <time>2025-07-05T12:18:01Z</time>
      </trkpt>
      <trkpt lat="31.110247784696952" lon="121.23715400376584">
        <ele>0.0</ele>
        <time>2025-07-05T12:18:02Z</time>
      </trkpt>
      <trkpt lat="31.110228799729665" lon="121.23716900895982">
        <ele>0.0</ele>
        <time>2025-07-05T12:18:03Z</time>
      </trkpt>
      <trkpt lat="31.110207815857116" lon="121.23718401431269">
        <ele>0.0</ele>
        <time>2025-07-05T12:18:04Z</time>
      </trkpt>
      <trkpt lat="31.110186829859718" lon="121.23719201798943">
        <ele>0.0</ele>
        <time>2025-07-05T12:18:05Z</time>
      </trkpt>
      <trkpt lat="31.110163847077743" lon="121.23720702349603">
        <ele>0.0</ele>
        <time>2025-07-05T12:18:06Z</time>
      </trkpt>
      <trkpt lat="31.110142861073957" lon="121.23721502716488">
        <ele>0.0</ele>
        <time>2025-07-05T12:18:07Z</time>
      </trkpt>
      <trkpt lat="31.11012187476664" lon="121.23722203059408">
        <ele>0.0</ele>
        <time>2025-07-05T12:18:08Z</time>
      </trkpt>
      <trkpt lat="31.110098889861924" lon="121.23723003442633">
        <ele>0.0</ele>
        <time>2025-07-05T12:18:09Z</time>
      </trkpt>
      <trkpt lat="31.110077903851977" lon="121.23723803808728">
        <ele>0.0</ele>
        <time>2025-07-05T12:18:10Z</time>
      </trkpt>
      <trkpt lat="31.1100549186425" lon="121.23724504167811">
        <ele>0.0</ele>
        <time>2025-07-05T12:18:11Z</time>
      </trkpt>
      <trkpt lat="31.11003393262856" lon="121.23725304533392">
        <ele>0.0</ele>
        <time>2025-07-05T12:18:12Z</time>
      </trkpt>
      <trkpt lat="31.1100109474157" lon="121.23726004892022">
        <ele>0.0</ele>
        <time>2025-07-05T12:18:13Z</time>
      </trkpt>
      <trkpt lat="31.109989961397762" lon="121.23726805257087">
        <ele>0.0</ele>
        <time>2025-07-05T12:18:14Z</time>
      </trkpt>
      <trkpt lat="31.109966976480898" lon="121.2372760563873">
        <ele>0.0</ele>
        <time>2025-07-05T12:18:15Z</time>
      </trkpt>
      <trkpt lat="31.10994599015958" lon="121.23728305979816">
        <ele>0.0</ele>
        <time>2025-07-05T12:18:16Z</time>
      </trkpt>
      <trkpt lat="31.109923005238763" lon="121.23729106360945">
        <ele>0.0</ele>
        <time>2025-07-05T12:18:17Z</time>
      </trkpt>
      <trkpt lat="31.109902019212534" lon="121.23729906724942">
        <ele>0.0</ele>
        <time>2025-07-05T12:18:18Z</time>
      </trkpt>
      <trkpt lat="31.109879036373968" lon="121.23731407268708">
        <ele>0.0</ele>
        <time>2025-07-05T12:18:19Z</time>
      </trkpt>
      <trkpt lat="31.10985805004368" lon="121.23732107608652">
        <ele>0.0</ele>
        <time>2025-07-05T12:18:20Z</time>
      </trkpt>
      <trkpt lat="31.10983606456088" lon="121.23732907980046">
        <ele>0.0</ele>
        <time>2025-07-05T12:18:21Z</time>
      </trkpt>
      <trkpt lat="31.109815078524242" lon="121.23733708342739">
        <ele>0.0</ele>
        <time>2025-07-05T12:18:22Z</time>
      </trkpt>
      <trkpt lat="31.109792093292064" lon="121.23734408698844">
        <ele>0.0</ele>
        <time>2025-07-05T12:18:23Z</time>
      </trkpt>
      <trkpt lat="31.109769108354875" lon="121.23735209077874">
        <ele>0.0</ele>
        <time>2025-07-05T12:18:24Z</time>
      </trkpt>
      <trkpt lat="31.109748119941163" lon="121.23735209254839">
        <ele>0.0</ele>
        <time>2025-07-05T12:18:25Z</time>
      </trkpt>
      <trkpt lat="31.109727135971227" lon="121.23736709778336">
        <ele>0.0</ele>
        <time>2025-07-05T12:18:26Z</time>
      </trkpt>
      <trkpt lat="31.10970614992443" lon="121.23737510139723">
        <ele>0.0</ele>
        <time>2025-07-05T12:18:27Z</time>
      </trkpt>
      <trkpt lat="31.1096851635801" lon="121.2373821047783">
        <ele>0.0</ele>
        <time>2025-07-05T12:18:28Z</time>
      </trkpt>
      <trkpt lat="31.109664179888828" lon="121.23739811022334">
        <ele>0.0</ele>
        <time>2025-07-05T12:18:29Z</time>
      </trkpt>
      <trkpt lat="31.109643193538936" lon="121.23740511359749">
        <ele>0.0</ele>
        <time>2025-07-05T12:18:30Z</time>
      </trkpt>
      <trkpt lat="31.1096222074817" lon="121.23741311719829">
        <ele>0.0</ele>
        <time>2025-07-05T12:18:31Z</time>
      </trkpt>
      <trkpt lat="31.1096012214223" lon="121.23742112079634">
        <ele>0.0</ele>
        <time>2025-07-05T12:18:32Z</time>
      </trkpt>
      <trkpt lat="31.109580235067085" lon="121.23742812416359">
        <ele>0.0</ele>
        <time>2025-07-05T12:18:33Z</time>
      </trkpt>
      <trkpt lat="31.109559249003663" lon="121.23743612775647">
        <ele>0.0</ele>
        <time>2025-07-05T12:18:34Z</time>
      </trkpt>
      <trkpt lat="31.10953626374868" lon="121.23744313128775">
        <ele>0.0</ele>
        <time>2025-07-05T12:18:35Z</time>
      </trkpt>
      <trkpt lat="31.109515277681254" lon="121.23745113487547">
        <ele>0.0</ele>
        <time>2025-07-05T12:18:36Z</time>
      </trkpt>
      <trkpt lat="31.1094942936583" lon="121.23746614004664">
        <ele>0.0</ele>
        <time>2025-07-05T12:18:37Z</time>
      </trkpt>
      <trkpt lat="31.109475308815043" lon="121.23748214526539">
        <ele>0.0</ele>
        <time>2025-07-05T12:18:38Z</time>
      </trkpt>
      <trkpt lat="31.109456323671324" lon="121.23749715024802">
        <ele>0.0</ele>
        <time>2025-07-05T12:18:39Z</time>
      </trkpt>
      <trkpt lat="31.109435339623165" lon="121.23751215538954">
        <ele>0.0</ele>
        <time>2025-07-05T12:18:40Z</time>
      </trkpt>
      <trkpt lat="31.10941635446298" lon="121.23752716035285">
        <ele>0.0</ele>
        <time>2025-07-05T12:18:41Z</time>
      </trkpt>
      <trkpt lat="31.109395368371718" lon="121.2375351639117">
        <ele>0.0</ele>
        <time>2025-07-05T12:18:42Z</time>
      </trkpt>
      <trkpt lat="31.10937438227829" lon="121.23754316746779">
        <ele>0.0</ele>
        <time>2025-07-05T12:18:43Z</time>
      </trkpt>
      <trkpt lat="31.109355397101297" lon="121.23755817241113">
        <ele>0.0</ele>
        <time>2025-07-05T12:18:44Z</time>
      </trkpt>
      <trkpt lat="31.10933441301997" lon="121.23757317751331">
        <ele>0.0</ele>
        <time>2025-07-05T12:18:45Z</time>
      </trkpt>
      <trkpt lat="31.109313426915833" lon="121.23758118105634">
        <ele>0.0</ele>
        <time>2025-07-05T12:18:46Z</time>
      </trkpt>
      <trkpt lat="31.10929244052188" lon="121.23758818437544">
        <ele>0.0</ele>
        <time>2025-07-05T12:18:47Z</time>
      </trkpt>
      <trkpt lat="31.10927145671148" lon="121.23760418967882">
        <ele>0.0</ele>
        <time>2025-07-05T12:18:48Z</time>
      </trkpt>
      <trkpt lat="31.109248471415967" lon="121.23761119315952">
        <ele>0.0</ele>
        <time>2025-07-05T12:18:49Z</time>
      </trkpt>
      <trkpt lat="31.109230483645362" lon="121.2376191964367">
        <ele>0.0</ele>
        <time>2025-07-05T12:18:50Z</time>
      </trkpt>
      <trkpt lat="31.10921349503428" lon="121.23762619940727">
        <ele>0.0</ele>
        <time>2025-07-05T12:18:51Z</time>
      </trkpt>
      <trkpt lat="31.10919650670748" lon="121.23763420259502">
        <ele>0.0</ele>
        <time>2025-07-05T12:18:52Z</time>
      </trkpt>
      <trkpt lat="31.10917952037703" lon="121.23764920731112">
        <ele>0.0</ele>
        <time>2025-07-05T12:18:53Z</time>
      </trkpt>
      <trkpt lat="31.10916253204364" lon="121.23765721049095">
        <ele>0.0</ele>
        <time>2025-07-05T12:18:54Z</time>
      </trkpt>
      <trkpt lat="31.109143544812117" lon="121.23766521383655">
        <ele>0.0</ele>
        <time>2025-07-05T12:18:55Z</time>
      </trkpt>
      <trkpt lat="31.109124557293892" lon="121.23767221696183">
        <ele>0.0</ele>
        <time>2025-07-05T12:18:56Z</time>
      </trkpt>
      <trkpt lat="31.109104570610334" lon="121.23768022038654">
        <ele>0.0</ele>
        <time>2025-07-05T12:18:57Z</time>
      </trkpt>
      <trkpt lat="31.10908358220413" lon="121.23768022215613">
        <ele>0.0</ele>
        <time>2025-07-05T12:18:58Z</time>
      </trkpt>
      <trkpt lat="31.10906259578678" lon="121.23768722544543">
        <ele>0.0</ele>
        <time>2025-07-05T12:18:59Z</time>
      </trkpt>
      <trkpt lat="31.109041607381045" lon="121.23768722721502">
        <ele>0.0</ele>
        <time>2025-07-05T12:19:00Z</time>
      </trkpt>
      <trkpt lat="31.10901962179813" lon="121.23769523080308">
        <ele>0.0</ele>
        <time>2025-07-05T12:19:01Z</time>
      </trkpt>
      <trkpt lat="31.108996634497153" lon="121.2376952327412">
        <ele>0.0</ele>
        <time>2025-07-05T12:19:02Z</time>
      </trkpt>
      <trkpt lat="31.108975646092162" lon="121.2376952345108">
        <ele>0.0</ele>
        <time>2025-07-05T12:19:03Z</time>
      </trkpt>
      <trkpt lat="31.10895266105978" lon="121.23770323818039">
        <ele>0.0</ele>
        <time>2025-07-05T12:19:04Z</time>
      </trkpt>
      <trkpt lat="31.108929673759633" lon="121.23770324011849">
        <ele>0.0</ele>
        <time>2025-07-05T12:19:05Z</time>
      </trkpt>
      <trkpt lat="31.108906688442346" lon="121.23771024356938">
        <ele>0.0</ele>
        <time>2025-07-05T12:19:06Z</time>
      </trkpt>
      <trkpt lat="31.108885700038368" lon="121.23771024533896">
        <ele>0.0</ele>
        <time>2025-07-05T12:19:07Z</time>
      </trkpt>
      <trkpt lat="31.108860716107014" lon="121.2377182491719">
        <ele>0.0</ele>
        <time>2025-07-05T12:19:08Z</time>
      </trkpt>
      <trkpt lat="31.108839729964707" lon="121.23772625266506">
        <ele>0.0</ele>
        <time>2025-07-05T12:19:09Z</time>
      </trkpt>
      <trkpt lat="31.10881674464249" lon="121.23773325610901">
        <ele>0.0</ele>
        <time>2025-07-05T12:19:10Z</time>
      </trkpt>
      <trkpt lat="31.10879575623952" lon="121.23773325787859">
        <ele>0.0</ele>
        <time>2025-07-05T12:19:11Z</time>
      </trkpt>
      <trkpt lat="31.1087727689413" lon="121.23773325981668">
        <ele>0.0</ele>
        <time>2025-07-05T12:19:12Z</time>
      </trkpt>
      <trkpt lat="31.108749783900016" lon="121.2377412634732">
        <ele>0.0</ele>
        <time>2025-07-05T12:19:13Z</time>
      </trkpt>
      <trkpt lat="31.108725797154648" lon="121.23774126549556">
        <ele>0.0</ele>
        <time>2025-07-05T12:19:14Z</time>
      </trkpt>
      <trkpt lat="31.108702809857295" lon="121.23774126743366">
        <ele>0.0</ele>
        <time>2025-07-05T12:19:15Z</time>
      </trkpt>
      <trkpt lat="31.108675824769453" lon="121.2377412697088">
        <ele>0.0</ele>
        <time>2025-07-05T12:19:16Z</time>
      </trkpt>
      <trkpt lat="31.10865283747271" lon="121.23774127164691">
        <ele>0.0</ele>
        <time>2025-07-05T12:19:17Z</time>
      </trkpt>
      <trkpt lat="31.10862785325352" lon="121.23774827525486">
        <ele>0.0</ele>
        <time>2025-07-05T12:19:18Z</time>
      </trkpt>
      <trkpt lat="31.108606867104825" lon="121.23775627873765">
        <ele>0.0</ele>
        <time>2025-07-05T12:19:19Z</time>
      </trkpt>
      <trkpt lat="31.10858587870422" lon="121.23775628050721">
        <ele>0.0</ele>
        <time>2025-07-05T12:19:20Z</time>
      </trkpt>
      <trkpt lat="31.108562891408578" lon="121.2377562824453">
        <ele>0.0</ele>
        <time>2025-07-05T12:19:21Z</time>
      </trkpt>
      <trkpt lat="31.108540903560847" lon="121.23775628429912">
        <ele>0.0</ele>
        <time>2025-07-05T12:19:22Z</time>
      </trkpt>
      <trkpt lat="31.10851591737055" lon="121.23775628640574">
        <ele>0.0</ele>
        <time>2025-07-05T12:19:23Z</time>
      </trkpt>
      <trkpt lat="31.108492930075773" lon="121.23775628834382">
        <ele>0.0</ele>
        <time>2025-07-05T12:19:24Z</time>
      </trkpt>
      <trkpt lat="31.10846594273881" lon="121.23774828890573">
        <ele>0.0</ele>
        <time>2025-07-05T12:19:25Z</time>
      </trkpt>
      <trkpt lat="31.108438955681788" lon="121.23774128967955">
        <ele>0.0</ele>
        <time>2025-07-05T12:19:26Z</time>
      </trkpt>
      <trkpt lat="31.10841596415476" lon="121.23772628839338">
        <ele>0.0</ele>
        <time>2025-07-05T12:19:27Z</time>
      </trkpt>
      <trkpt lat="31.10839597067912" lon="121.23771028662881">
        <ele>0.0</ele>
        <time>2025-07-05T12:19:28Z</time>
      </trkpt>
      <trkpt lat="31.108375977477756" lon="121.23769528506985">
        <ele>0.0</ele>
        <time>2025-07-05T12:19:29Z</time>
      </trkpt>
      <trkpt lat="31.10835498482065" lon="121.2376802835855">
        <ele>0.0</ele>
        <time>2025-07-05T12:19:30Z</time>
      </trkpt>
      <trkpt lat="31.108333992155337" lon="121.23766528209147">
        <ele>0.0</ele>
        <time>2025-07-05T12:19:31Z</time>
      </trkpt>
      <trkpt lat="31.10831899588145" lon="121.23764927986362">
        <ele>0.0</ele>
        <time>2025-07-05T12:19:32Z</time>
      </trkpt>
      <trkpt lat="31.108303997595275" lon="121.23762627608883">
        <ele>0.0</ele>
        <time>2025-07-05T12:19:33Z</time>
      </trkpt>
      <trkpt lat="31.108290998471436" lon="121.23760427234332">
        <ele>0.0</ele>
        <time>2025-07-05T12:19:34Z</time>
      </trkpt>
      <trkpt lat="31.108276997289472" lon="121.23757326666639">
        <ele>0.0</ele>
        <time>2025-07-05T12:19:35Z</time>
      </trkpt>
      <trkpt lat="31.108265996727955" lon="121.23755026247942">
        <ele>0.0</ele>
        <time>2025-07-05T12:19:36Z</time>
      </trkpt>
      <trkpt lat="31.108255993563503" lon="121.23752025661763">
        <ele>0.0</ele>
        <time>2025-07-05T12:19:37Z</time>
      </trkpt>
      <trkpt lat="31.1082449929564" lon="121.23749725237829">
        <ele>0.0</ele>
        <time>2025-07-05T12:19:38Z</time>
      </trkpt>
      <trkpt lat="31.10823498944022" lon="121.23746624622179">
        <ele>0.0</ele>
        <time>2025-07-05T12:19:39Z</time>
      </trkpt>
      <trkpt lat="31.10823198436629" lon="121.23744324125498">
        <ele>0.0</ele>
        <time>2025-07-05T12:19:40Z</time>
      </trkpt>
      <trkpt lat="31.108229976661285" lon="121.23741323458117">
        <ele>0.0</ele>
        <time>2025-07-05T12:19:41Z</time>
      </trkpt>
      <trkpt lat="31.10822397319932" lon="121.23739022981479">
        <ele>0.0</ele>
        <time>2025-07-05T12:19:42Z</time>
      </trkpt>
      <trkpt lat="31.108208981487635" lon="121.23739023107876">
        <ele>0.0</ele>
        <time>2025-07-05T12:19:43Z</time>
      </trkpt>
      <trkpt lat="31.10820099474408" lon="121.23742023862484">
        <ele>0.0</ele>
        <time>2025-07-05T12:19:44Z</time>
      </trkpt>
      <trkpt lat="31.108205001628896" lon="121.23745124534818">
        <ele>0.0</ele>
        <time>2025-07-05T12:19:45Z</time>
      </trkpt>
      <trkpt lat="31.108212002148885" lon="121.23746624815985">
        <ele>0.0</ele>
        <time>2025-07-05T12:19:46Z</time>
      </trkpt>
      <trkpt lat="31.108218003504685" lon="121.2374822512719">
        <ele>0.0</ele>
        <time>2025-07-05T12:19:47Z</time>
      </trkpt>
      <trkpt lat="31.108226003454742" lon="121.2374972539793">
        <ele>0.0</ele>
        <time>2025-07-05T12:19:48Z</time>
      </trkpt>
      <trkpt lat="31.108231005054037" lon="121.23751225692986">
        <ele>0.0</ele>
        <time>2025-07-05T12:19:49Z</time>
      </trkpt>
      <trkpt lat="31.108237008410832" lon="121.2375352615757">
        <ele>0.0</ele>
        <time>2025-07-05T12:19:50Z</time>
      </trkpt>
      <trkpt lat="31.108247007226087" lon="121.23755026408044">
        <ele>0.0</ele>
        <time>2025-07-05T12:19:51Z</time>
      </trkpt>
      <trkpt lat="31.108256008892557" lon="121.23757326843592">
        <ele>0.0</ele>
        <time>2025-07-05T12:19:52Z</time>
      </trkpt>
      <trkpt lat="31.108266007686534" lon="121.23758827091616">
        <ele>0.0</ele>
        <time>2025-07-05T12:19:53Z</time>
      </trkpt>
      <trkpt lat="31.10827201097789" lon="121.23761127548688">
        <ele>0.0</ele>
        <time>2025-07-05T12:19:54Z</time>
      </trkpt>
      <trkpt lat="31.108281012591863" lon="121.2376342797821">
        <ele>0.0</ele>
        <time>2025-07-05T12:19:55Z</time>
      </trkpt>
      <trkpt lat="31.10829201308101" lon="121.23765728388604">
        <ele>0.0</ele>
        <time>2025-07-05T12:19:56Z</time>
      </trkpt>
      <trkpt lat="31.10830800851287" lon="121.23767228580654">
        <ele>0.0</ele>
        <time>2025-07-05T12:19:57Z</time>
      </trkpt>
      <trkpt lat="31.1083250056544" lon="121.23769528936732">
        <ele>0.0</ele>
        <time>2025-07-05T12:19:58Z</time>
      </trkpt>
      <trkpt lat="31.1083439994077" lon="121.23771029101054">
        <ele>0.0</ele>
        <time>2025-07-05T12:19:59Z</time>
      </trkpt>
      <trkpt lat="31.10836499006916" lon="121.2377182909673">
        <ele>0.0</ele>
        <time>2025-07-05T12:20:00Z</time>
      </trkpt>
      <trkpt lat="31.10838798160006" lon="121.23773329225862">
        <ele>0.0</ele>
        <time>2025-07-05T12:20:01Z</time>
      </trkpt>
      <trkpt lat="31.108408969998454" lon="121.23773329048907">
        <ele>0.0</ele>
        <time>2025-07-05T12:20:02Z</time>
      </trkpt>
      <trkpt lat="31.108431959548852" lon="121.2377412902694">
        <ele>0.0</ele>
        <time>2025-07-05T12:20:03Z</time>
      </trkpt>
      <trkpt lat="31.108454944586224" lon="121.23773328661291">
        <ele>0.0</ele>
        <time>2025-07-05T12:20:04Z</time>
      </trkpt>
      <trkpt lat="31.108475932985364" lon="121.23773328484336">
        <ele>0.0</ele>
        <time>2025-07-05T12:20:05Z</time>
      </trkpt>
      <trkpt lat="31.108498920279935" lon="121.23773328290528">
        <ele>0.0</ele>
        <time>2025-07-05T12:20:06Z</time>
      </trkpt>
      <trkpt lat="31.108517909784354" lon="121.23773328130424">
        <ele>0.0</ele>
        <time>2025-07-05T12:20:07Z</time>
      </trkpt>
      <trkpt lat="31.10854089707944" lon="121.23773327936617">
        <ele>0.0</ele>
        <time>2025-07-05T12:20:08Z</time>
      </trkpt>
      <trkpt lat="31.108561885479546" lon="121.2377332775966">
        <ele>0.0</ele>
        <time>2025-07-05T12:20:09Z</time>
      </trkpt>
      <trkpt lat="31.108582873879886" lon="121.23773327582705">
        <ele>0.0</ele>
        <time>2025-07-05T12:20:10Z</time>
      </trkpt>
      <trkpt lat="31.10860386030392" lon="121.23772627255164">
        <ele>0.0</ele>
        <time>2025-07-05T12:20:11Z</time>
      </trkpt>
      <trkpt lat="31.108624848704732" lon="121.23772627078208">
        <ele>0.0</ele>
        <time>2025-07-05T12:20:12Z</time>
      </trkpt>
      <trkpt lat="31.108643838210437" lon="121.23772626918104">
        <ele>0.0</ele>
        <time>2025-07-05T12:20:13Z</time>
      </trkpt>
      <trkpt lat="31.108664826611697" lon="121.23772626741147">
        <ele>0.0</ele>
        <time>2025-07-05T12:20:14Z</time>
      </trkpt>
      <trkpt lat="31.108685815013192" lon="121.23772626564191">
        <ele>0.0</ele>
        <time>2025-07-05T12:20:15Z</time>
      </trkpt>
      <trkpt lat="31.108706803414925" lon="121.23772626387235">
        <ele>0.0</ele>
        <time>2025-07-05T12:20:16Z</time>
      </trkpt>
      <trkpt lat="31.108727791816893" lon="121.23772626210277">
        <ele>0.0</ele>
        <time>2025-07-05T12:20:17Z</time>
      </trkpt>
      <trkpt lat="31.108748780219095" lon="121.2377262603332">
        <ele>0.0</ele>
        <time>2025-07-05T12:20:18Z</time>
      </trkpt>
      <trkpt lat="31.108767767464904" lon="121.2377182570086">
        <ele>0.0</ele>
        <time>2025-07-05T12:20:19Z</time>
      </trkpt>
      <trkpt lat="31.108788755867558" lon="121.23771825523903">
        <ele>0.0</ele>
        <time>2025-07-05T12:20:20Z</time>
      </trkpt>
      <trkpt lat="31.108809744270445" lon="121.23771825346945">
        <ele>0.0</ele>
        <time>2025-07-05T12:20:21Z</time>
      </trkpt>
      <trkpt lat="31.108828733778022" lon="121.23771825186842">
        <ele>0.0</ele>
        <time>2025-07-05T12:20:22Z</time>
      </trkpt>
      <trkpt lat="31.1088477232858" lon="121.23771825026736">
        <ele>0.0</ele>
        <time>2025-07-05T12:20:23Z</time>
      </trkpt>
      <trkpt lat="31.10886871168935" lon="121.23771824849779">
        <ele>0.0</ele>
        <time>2025-07-05T12:20:24Z</time>
      </trkpt>
      <trkpt lat="31.108889700093137" lon="121.2377182467282">
        <ele>0.0</ele>
        <time>2025-07-05T12:20:25Z</time>
      </trkpt>
      <trkpt lat="31.10891068849716" lon="121.23771824495863">
        <ele>0.0</ele>
        <time>2025-07-05T12:20:26Z</time>
      </trkpt>
      <trkpt lat="31.108933675797076" lon="121.23771824302051">
        <ele>0.0</ele>
        <time>2025-07-05T12:20:27Z</time>
      </trkpt>
      <trkpt lat="31.108954664201594" lon="121.23771824125093">
        <ele>0.0</ele>
        <time>2025-07-05T12:20:28Z</time>
      </trkpt>
      <trkpt lat="31.108977649238497" lon="121.23771023758651">
        <ele>0.0</ele>
        <time>2025-07-05T12:20:29Z</time>
      </trkpt>
      <trkpt lat="31.108998637643513" lon="121.23771023581692">
        <ele>0.0</ele>
        <time>2025-07-05T12:20:30Z</time>
      </trkpt>
      <trkpt lat="31.109019626048763" lon="121.23771023404733">
        <ele>0.0</ele>
        <time>2025-07-05T12:20:31Z</time>
      </trkpt>
      <trkpt lat="31.1090386135759" lon="121.2377032309335">
        <ele>0.0</ele>
        <time>2025-07-05T12:20:32Z</time>
      </trkpt>
      <trkpt lat="31.109059601981595" lon="121.23770322916391">
        <ele>0.0</ele>
        <time>2025-07-05T12:20:33Z</time>
      </trkpt>
      <trkpt lat="31.109082587015294" lon="121.2376952254943">
        <ele>0.0</ele>
        <time>2025-07-05T12:20:34Z</time>
      </trkpt>
      <trkpt lat="31.109103573151035" lon="121.2376872219905">
        <ele>0.0</ele>
        <time>2025-07-05T12:20:35Z</time>
      </trkpt>
      <trkpt lat="31.109124561557465" lon="121.2376872202209">
        <ele>0.0</ele>
        <time>2025-07-05T12:20:36Z</time>
      </trkpt>
      <trkpt lat="31.109143549079633" lon="121.23768021710015">
        <ele>0.0</ele>
        <time>2025-07-05T12:20:37Z</time>
      </trkpt>
      <trkpt lat="31.109162534323097" lon="121.23766521223548">
        <ele>0.0</ele>
        <time>2025-07-05T12:20:38Z</time>
      </trkpt>
      <trkpt lat="31.10918152155481" lon="121.23765720888989">
        <ele>0.0</ele>
        <time>2025-07-05T12:20:39Z</time>
      </trkpt>
      <trkpt lat="31.109200506785722" lon="121.2376422040104">
        <ele>0.0</ele>
        <time>2025-07-05T12:20:40Z</time>
      </trkpt>
      <trkpt lat="31.109221492906887" lon="121.23763420048834">
        <ele>0.0</ele>
        <time>2025-07-05T12:20:41Z</time>
      </trkpt>
      <trkpt lat="31.109242479025884" lon="121.23762619696355">
        <ele>0.0</ele>
        <time>2025-07-05T12:20:42Z</time>
      </trkpt>
      <trkpt lat="31.10926146423998" lon="121.23761119206405">
        <ele>0.0</ele>
        <time>2025-07-05T12:20:43Z</time>
      </trkpt>
      <trkpt lat="31.109280451743587" lon="121.23760418892041">
        <ele>0.0</ele>
        <time>2025-07-05T12:20:44Z</time>
      </trkpt>
      <trkpt lat="31.10929943665804" lon="121.23758818378556">
        <ele>0.0</ele>
        <time>2025-07-05T12:20:45Z</time>
      </trkpt>
      <trkpt lat="31.109318424156" lon="121.237581180635">
        <ele>0.0</ele>
        <time>2025-07-05T12:20:46Z</time>
      </trkpt>
      <trkpt lat="31.10933740905704" lon="121.23756517548433">
        <ele>0.0</ele>
        <time>2025-07-05T12:20:47Z</time>
      </trkpt>
      <trkpt lat="31.10935639654935" lon="121.23755817232686">
        <ele>0.0</ele>
        <time>2025-07-05T12:20:48Z</time>
      </trkpt>
      <trkpt lat="31.10937738062249" lon="121.237543167215">
        <ele>0.0</ele>
        <time>2025-07-05T12:20:49Z</time>
      </trkpt>
      <trkpt lat="31.109398366715947" lon="121.23753516365889">
        <ele>0.0</ele>
        <time>2025-07-05T12:20:50Z</time>
      </trkpt>
      <trkpt lat="31.109419350776626" lon="121.2375201585322">
        <ele>0.0</ele>
        <time>2025-07-05T12:20:51Z</time>
      </trkpt>
      <trkpt lat="31.10944033686366" lon="121.2375121549682">
        <ele>0.0</ele>
        <time>2025-07-05T12:20:52Z</time>
      </trkpt>
      <trkpt lat="31.109461320911876" lon="121.23749714982668">
        <ele>0.0</ele>
        <time>2025-07-05T12:20:53Z</time>
      </trkpt>
      <trkpt lat="31.109482306992486" lon="121.23748914625477">
        <ele>0.0</ele>
        <time>2025-07-05T12:20:54Z</time>
      </trkpt>
      <trkpt lat="31.1095032933626" lon="121.23748214290588">
        <ele>0.0</ele>
        <time>2025-07-05T12:20:55Z</time>
      </trkpt>
      <trkpt lat="31.109524279439185" lon="121.2374741393288">
        <ele>0.0</ele>
        <time>2025-07-05T12:20:56Z</time>
      </trkpt>
      <trkpt lat="31.10954526551361" lon="121.23746613574897">
        <ele>0.0</ele>
        <time>2025-07-05T12:20:57Z</time>
      </trkpt>
      <trkpt lat="31.109566249537142" lon="121.2374511305778">
        <ele>0.0</ele>
        <time>2025-07-05T12:20:58Z</time>
      </trkpt>
      <trkpt lat="31.109585236708785" lon="121.2374431271586">
        <ele>0.0</ele>
        <time>2025-07-05T12:20:59Z</time>
      </trkpt>
      <trkpt lat="31.10960622306799" lon="121.23743612379586">
        <ele>0.0</ele>
        <time>2025-07-05T12:21:00Z</time>
      </trkpt>
      <trkpt lat="31.109627209131943" lon="121.23742812020298">
        <ele>0.0</ele>
        <time>2025-07-05T12:21:01Z</time>
      </trkpt>
      <trkpt lat="31.10964819548769" lon="121.23742111683573">
        <ele>0.0</ele>
        <time>2025-07-05T12:21:02Z</time>
      </trkpt>
      <trkpt lat="31.109669179192576" lon="121.23740511140652">
        <ele>0.0</ele>
        <time>2025-07-05T12:21:03Z</time>
      </trkpt>
      <trkpt lat="31.109692164439227" lon="121.23739810786381">
        <ele>0.0</ele>
        <time>2025-07-05T12:21:04Z</time>
      </trkpt>
      <trkpt lat="31.109713150492762" lon="121.23739010425784">
        <ele>0.0</ele>
        <time>2025-07-05T12:21:05Z</time>
      </trkpt>
      <trkpt lat="31.109736135440656" lon="121.2373821004806">
        <ele>0.0</ele>
        <time>2025-07-05T12:21:06Z</time>
      </trkpt>
      <trkpt lat="31.10975712178556" lon="121.23737509709953">
        <ele>0.0</ele>
        <time>2025-07-05T12:21:07Z</time>
      </trkpt>
      <trkpt lat="31.1097801067295" lon="121.2373670933171">
        <ele>0.0</ele>
        <time>2025-07-05T12:21:08Z</time>
      </trkpt>
      <trkpt lat="31.10980109307097" lon="121.23736008993151">
        <ele>0.0</ele>
        <time>2025-07-05T12:21:09Z</time>
      </trkpt>
      <trkpt lat="31.109822076741008" lon="121.23734408446036">
        <ele>0.0</ele>
        <time>2025-07-05T12:21:10Z</time>
      </trkpt>
      <trkpt lat="31.109843063076923" lon="121.23733708106785">
        <ele>0.0</ele>
        <time>2025-07-05T12:21:11Z</time>
      </trkpt>
      <trkpt lat="31.109864049113877" lon="121.23732907744092">
        <ele>0.0</ele>
        <time>2025-07-05T12:21:12Z</time>
      </trkpt>
      <trkpt lat="31.109885033064" lon="121.23731407218148">
        <ele>0.0</ele>
        <time>2025-07-05T12:21:13Z</time>
      </trkpt>
      <trkpt lat="31.109906019094534" lon="121.23730606854663">
        <ele>0.0</ele>
        <time>2025-07-05T12:21:14Z</time>
      </trkpt>
      <trkpt lat="31.109927003032208" lon="121.23729106327237">
        <ele>0.0</ele>
        <time>2025-07-05T12:21:15Z</time>
      </trkpt>
      <trkpt lat="31.109947989056327" lon="121.23728305962962">
        <ele>0.0</ele>
        <time>2025-07-05T12:21:16Z</time>
      </trkpt>
      <trkpt lat="31.10997097427444" lon="121.23727605605022">
        <ele>0.0</ele>
        <time>2025-07-05T12:21:17Z</time>
      </trkpt>
      <trkpt lat="31.109991960294558" lon="121.23726805240234">
        <ele>0.0</ele>
        <time>2025-07-05T12:21:18Z</time>
      </trkpt>
      <trkpt lat="31.110012946312516" lon="121.23726004875168">
        <ele>0.0</ele>
        <time>2025-07-05T12:21:19Z</time>
      </trkpt>
      <trkpt lat="31.110033930225555" lon="121.23724504344777">
        <ele>0.0</ele>
        <time>2025-07-05T12:21:20Z</time>
      </trkpt>
      <trkpt lat="31.110054916537905" lon="121.23723804002549">
        <ele>0.0</ele>
        <time>2025-07-05T12:21:21Z</time>
      </trkpt>
      <trkpt lat="31.110075902547585" lon="121.23723003636455">
        <ele>0.0</ele>
        <time>2025-07-05T12:21:22Z</time>
      </trkpt>
      <trkpt lat="31.11009688855511" lon="121.23722203270083">
        <ele>0.0</ele>
        <time>2025-07-05T12:21:23Z</time>
      </trkpt>
      <trkpt lat="31.11011787244775" lon="121.23720702737246">
        <ele>0.0</ele>
        <time>2025-07-05T12:21:24Z</time>
      </trkpt>
      <trkpt lat="31.110138858448856" lon="121.23719902370085">
        <ele>0.0</ele>
        <time>2025-07-05T12:21:25Z</time>
      </trkpt>
      <trkpt lat="31.110161841226027" lon="121.23718401818913">
        <ele>0.0</ele>
        <time>2025-07-05T12:21:26Z</time>
      </trkpt>
      <trkpt lat="31.110182827523833" lon="121.23717701474848">
        <ele>0.0</ele>
        <time>2025-07-05T12:21:27Z</time>
      </trkpt>
      <trkpt lat="31.11020181219149" lon="121.23716100932016">
        <ele>0.0</ele>
        <time>2025-07-05T12:21:28Z</time>
      </trkpt>
      <trkpt lat="31.110222798483722" lon="121.23715400587261">
        <ele>0.0</ele>
        <time>2025-07-05T12:21:29Z</time>
      </trkpt>
      <trkpt lat="31.110241783138008" lon="121.23713800042847">
        <ele>0.0</ele>
        <time>2025-07-05T12:21:30Z</time>
      </trkpt>
      <trkpt lat="31.110260770527578" lon="121.23713099714256">
        <ele>0.0</ele>
        <time>2025-07-05T12:21:31Z</time>
      </trkpt>
      <trkpt lat="31.110279755473847" lon="121.23711599192413">
        <ele>0.0</ele>
        <time>2025-07-05T12:21:32Z</time>
      </trkpt>
      <trkpt lat="31.11030074144953" lon="121.23710798822127">
        <ele>0.0</ele>
        <time>2025-07-05T12:21:33Z</time>
      </trkpt>
      <trkpt lat="31.1103197263833" lon="121.23709298298802">
        <ele>0.0</ele>
        <time>2025-07-05T12:21:34Z</time>
      </trkpt>
      <trkpt lat="31.110338711002033" lon="121.237076977502">
        <ele>0.0</ele>
        <time>2025-07-05T12:21:35Z</time>
      </trkpt>
      <trkpt lat="31.110359697273804" lon="121.2370699740292">
        <ele>0.0</ele>
        <time>2025-07-05T12:21:36Z</time>
      </trkpt>
      <trkpt lat="31.11037968163544" lon="121.23705496868723">
        <ele>0.0</ele>
        <time>2025-07-05T12:21:37Z</time>
      </trkpt>
      <trkpt lat="31.11040066759399" lon="121.23704696496341">
        <ele>0.0</ele>
        <time>2025-07-05T12:21:38Z</time>
      </trkpt>
      <trkpt lat="31.110419652494528" lon="121.23703195969091">
        <ele>0.0</ele>
        <time>2025-07-05T12:21:39Z</time>
      </trkpt>
      <trkpt lat="31.110438637077753" lon="121.237015954163">
        <ele>0.0</ele>
        <time>2025-07-05T12:21:40Z</time>
      </trkpt>
      <trkpt lat="31.110457624437377" lon="121.23700895084045">
        <ele>0.0</ele>
        <time>2025-07-05T12:21:41Z</time>
      </trkpt>
      <trkpt lat="31.110478608214482" lon="121.23699394537492">
        <ele>0.0</ele>
        <time>2025-07-05T12:21:42Z</time>
      </trkpt>
      <trkpt lat="31.110499594155886" lon="121.23698594163017">
        <ele>0.0</ele>
        <time>2025-07-05T12:21:43Z</time>
      </trkpt>
      <trkpt lat="31.110518579023193" lon="121.23697093631841">
        <ele>0.0</ele>
        <time>2025-07-05T12:21:44Z</time>
      </trkpt>
      <trkpt lat="31.11053756606078" lon="121.2369629327343">
        <ele>0.0</ele>
        <time>2025-07-05T12:21:45Z</time>
      </trkpt>
      <trkpt lat="31.110558549812975" lon="121.2369479272392">
        <ele>0.0</ele>
        <time>2025-07-05T12:21:46Z</time>
      </trkpt>
      <trkpt lat="31.110579533556987" lon="121.23693292173442">
        <ele>0.0</ele>
        <time>2025-07-05T12:21:47Z</time>
      </trkpt>
      <trkpt lat="31.110600519481277" lon="121.23692491796875">
        <ele>0.0</ele>
        <time>2025-07-05T12:21:48Z</time>
      </trkpt>
      <trkpt lat="31.110619504315384" lon="121.23690991261772">
        <ele>0.0</ele>
        <time>2025-07-05T12:21:49Z</time>
      </trkpt>
      <trkpt lat="31.110640487725114" lon="121.23689390683754">
        <ele>0.0</ele>
        <time>2025-07-05T12:21:50Z</time>
      </trkpt>
      <trkpt lat="31.110661473952373" lon="121.23688690330978">
        <ele>0.0</ele>
        <time>2025-07-05T12:21:51Z</time>
      </trkpt>
      <trkpt lat="31.110680458765774" lon="121.23687189793431">
        <ele>0.0</ele>
        <time>2025-07-05T12:21:52Z</time>
      </trkpt>
      <trkpt lat="31.11070144467296" lon="121.2368638941477">
        <ele>0.0</ele>
        <time>2025-07-05T12:21:53Z</time>
      </trkpt>
      <trkpt lat="31.110722430577983" lon="121.23685589035831">
        <ele>0.0</ele>
        <time>2025-07-05T12:21:54Z</time>
      </trkpt>
      <trkpt lat="31.11074141537462" lon="121.23684088496292">
        <ele>0.0</ele>
        <time>2025-07-05T12:21:55Z</time>
      </trkpt>
      <trkpt lat="31.110762399060665" lon="121.23682587938931">
        <ele>0.0</ele>
        <time>2025-07-05T12:21:56Z</time>
      </trkpt>
      <trkpt lat="31.110781386057365" lon="121.23681787575546">
        <ele>0.0</ele>
        <time>2025-07-05T12:21:57Z</time>
      </trkpt>
      <trkpt lat="31.110800370833285" lon="121.23680287033561">
        <ele>0.0</ele>
        <time>2025-07-05T12:21:58Z</time>
      </trkpt>
      <trkpt lat="31.110821356721186" lon="121.23679486652532">
        <ele>0.0</ele>
        <time>2025-07-05T12:21:59Z</time>
      </trkpt>
      <trkpt lat="31.110841340933476" lon="121.23677986100641">
        <ele>0.0</ele>
        <time>2025-07-05T12:22:00Z</time>
      </trkpt>
      <trkpt lat="31.110862326814956" lon="121.23677185718822">
        <ele>0.0</ele>
        <time>2025-07-05T12:22:01Z</time>
      </trkpt>
      <trkpt lat="31.110881311565908" lon="121.23675685173879">
        <ele>0.0</ele>
        <time>2025-07-05T12:22:02Z</time>
      </trkpt>
      <trkpt lat="31.11090029886226" lon="121.23674984833846">
        <ele>0.0</ele>
        <time>2025-07-05T12:22:03Z</time>
      </trkpt>
      <trkpt lat="31.11091728438383" lon="121.2367338427856">
        <ele>0.0</ele>
        <time>2025-07-05T12:22:04Z</time>
      </trkpt>
      <trkpt lat="31.11093627167453" lon="121.23672683937833">
        <ele>0.0</ele>
        <time>2025-07-05T12:22:05Z</time>
      </trkpt>
      <trkpt lat="31.110955256080512" lon="121.23671083364117">
        <ele>0.0</ele>
        <time>2025-07-05T12:22:06Z</time>
      </trkpt>
      <trkpt lat="31.110972244467725" lon="121.23670383039556">
        <ele>0.0</ele>
        <time>2025-07-05T12:22:07Z</time>
      </trkpt>
      <trkpt lat="31.110991231430084" lon="121.23669582671985">
        <ele>0.0</ele>
        <time>2025-07-05T12:22:08Z</time>
      </trkpt>
      <trkpt lat="31.111010218711606" lon="121.23668882330122">
        <ele>0.0</ele>
        <time>2025-07-05T12:22:09Z</time>
      </trkpt>
      <trkpt lat="31.11102820622091" lon="121.23668081970463">
        <ele>0.0</ele>
        <time>2025-07-05T12:22:10Z</time>
      </trkpt>
      <trkpt lat="31.111047190922534" lon="121.2366658141967">
        <ele>0.0</ele>
        <time>2025-07-05T12:22:11Z</time>
      </trkpt>
      <trkpt lat="31.111064178976346" lon="121.2366578106765">
        <ele>0.0</ele>
        <time>2025-07-05T12:22:12Z</time>
      </trkpt>
      <trkpt lat="31.111081167027923" lon="121.23664980715357">
        <ele>0.0</ele>
        <time>2025-07-05T12:22:13Z</time>
      </trkpt>
      <trkpt lat="31.111098155400335" lon="121.23664280388968">
        <ele>0.0</ele>
        <time>2025-07-05T12:22:14Z</time>
      </trkpt>
      <trkpt lat="31.11111514344774" lon="121.2366348003616">
        <ele>0.0</ele>
        <time>2025-07-05T12:22:15Z</time>
      </trkpt>
      <trkpt lat="31.111134130714575" lon="121.23662779692465">
        <ele>0.0</ele>
        <time>2025-07-05T12:22:16Z</time>
      </trkpt>
      <trkpt lat="31.111154117104903" lon="121.2366197931386">
        <ele>0.0</ele>
        <time>2025-07-05T12:22:17Z</time>
      </trkpt>
      <trkpt lat="31.11117110514595" lon="121.23661178960263">
        <ele>0.0</ele>
        <time>2025-07-05T12:22:18Z</time>
      </trkpt>
      <trkpt lat="31.111190092407345" lon="121.2366047861588">
        <ele>0.0</ele>
        <time>2025-07-05T12:22:19Z</time>
      </trkpt>
      <trkpt lat="31.111209079342345" lon="121.23659678244913">
        <ele>0.0</ele>
        <time>2025-07-05T12:22:20Z</time>
      </trkpt>
      <trkpt lat="31.111230065498344" lon="121.23658977883223">
        <ele>0.0</ele>
        <time>2025-07-05T12:22:21Z</time>
      </trkpt>
      <trkpt lat="31.111251051327436" lon="121.23658177494889">
        <ele>0.0</ele>
        <time>2025-07-05T12:22:22Z</time>
      </trkpt>
      <trkpt lat="31.111272037154375" lon="121.23657377106278">
        <ele>0.0</ele>
        <time>2025-07-05T12:22:23Z</time>
      </trkpt>
      <trkpt lat="31.11129502220328" lon="121.23656676727043">
        <ele>0.0</ele>
        <time>2025-07-05T12:22:24Z</time>
      </trkpt>
      <trkpt lat="31.111316008026236" lon="121.23655876337921">
        <ele>0.0</ele>
        <time>2025-07-05T12:22:25Z</time>
      </trkpt>
      <trkpt lat="31.11133699645778" lon="121.23655876160943">
        <ele>0.0</ele>
        <time>2025-07-05T12:22:26Z</time>
      </trkpt>
      <trkpt lat="31.111359983787835" lon="121.2365587596711">
        <ele>0.0</ele>
        <time>2025-07-05T12:22:27Z</time>
      </trkpt>
      <trkpt lat="31.111382971118186" lon="121.23655875773278">
        <ele>0.0</ele>
        <time>2025-07-05T12:22:28Z</time>
      </trkpt>
      <trkpt lat="31.111405955838084" lon="121.23655075367023">
        <ele>0.0</ele>
        <time>2025-07-05T12:22:29Z</time>
      </trkpt>
      <trkpt lat="31.11142794371983" lon="121.23655075181618">
        <ele>0.0</ele>
        <time>2025-07-05T12:22:30Z</time>
      </trkpt>
      <trkpt lat="31.111450931051024" lon="121.23655074987784">
        <ele>0.0</ele>
        <time>2025-07-05T12:22:31Z</time>
      </trkpt>
      <trkpt lat="31.111473918382508" lon="121.2365507479395">
        <ele>0.0</ele>
        <time>2025-07-05T12:22:32Z</time>
      </trkpt>
      <trkpt lat="31.111496905714283" lon="121.23655074600117">
        <ele>0.0</ele>
        <time>2025-07-05T12:22:33Z</time>
      </trkpt>
      <trkpt lat="31.111517896758627" lon="121.2365587463556">
        <ele>0.0</ele>
        <time>2025-07-05T12:22:34Z</time>
      </trkpt>
      <trkpt lat="31.111538885192477" lon="121.2365587445858">
        <ele>0.0</ele>
        <time>2025-07-05T12:22:35Z</time>
      </trkpt>
      <trkpt lat="31.111561872525062" lon="121.23655874264746">
        <ele>0.0</ele>
        <time>2025-07-05T12:22:36Z</time>
      </trkpt>
      <trkpt lat="31.111584862466277" lon="121.23656674283058">
        <ele>0.0</ele>
        <time>2025-07-05T12:22:37Z</time>
      </trkpt>
      <trkpt lat="31.11160784979944" lon="121.23656674089223">
        <ele>0.0</ele>
        <time>2025-07-05T12:22:38Z</time>
      </trkpt>
      <trkpt lat="31.111630837132886" lon="121.23656673895388">
        <ele>0.0</ele>
        <time>2025-07-05T12:22:39Z</time>
      </trkpt>
      <trkpt lat="31.11165382446662" lon="121.23656673701554">
        <ele>0.0</ele>
        <time>2025-07-05T12:22:40Z</time>
      </trkpt>
      <trkpt lat="31.111675814631674" lon="121.23657373701549">
        <ele>0.0</ele>
        <time>2025-07-05T12:22:41Z</time>
      </trkpt>
      <trkpt lat="31.11169680306733" lon="121.2365737352457">
        <ele>0.0</ele>
        <time>2025-07-05T12:22:42Z</time>
      </trkpt>
      <trkpt lat="31.111719793005747" lon="121.23658173542368">
        <ele>0.0</ele>
        <time>2025-07-05T12:22:43Z</time>
      </trkpt>
      <trkpt lat="31.11174078404337" lon="121.23658973576745">
        <ele>0.0</ele>
        <time>2025-07-05T12:22:44Z</time>
      </trkpt>
      <trkpt lat="31.111763773652804" lon="121.23659673567624">
        <ele>0.0</ele>
        <time>2025-07-05T12:22:45Z</time>
      </trkpt>
      <trkpt lat="31.11178676358519" lon="121.23660473584634">
        <ele>0.0</ele>
        <time>2025-07-05T12:22:46Z</time>
      </trkpt>
      <trkpt lat="31.111807754292506" lon="121.23661173591917">
        <ele>0.0</ele>
        <time>2025-07-05T12:22:47Z</time>
      </trkpt>
      <trkpt lat="31.111826749013478" lon="121.23662773852179">
        <ele>0.0</ele>
        <time>2025-07-05T12:22:48Z</time>
      </trkpt>
      <trkpt lat="31.111845743402043" lon="121.23664274085172">
        <ele>0.0</ele>
        <time>2025-07-05T12:22:49Z</time>
      </trkpt>
      <trkpt lat="31.11186473778239" lon="121.23665774317199">
        <ele>0.0</ele>
        <time>2025-07-05T12:22:50Z</time>
      </trkpt>
      <trkpt lat="31.111883732154524" lon="121.23667274548264">
        <ele>0.0</ele>
        <time>2025-07-05T12:22:51Z</time>
      </trkpt>
      <trkpt lat="31.11190472316681" lon="121.23668074579523">
        <ele>0.0</ele>
        <time>2025-07-05T12:22:52Z</time>
      </trkpt>
      <trkpt lat="31.111927715324246" lon="121.23669574775398">
        <ele>0.0</ele>
        <time>2025-07-05T12:22:53Z</time>
      </trkpt>
      <trkpt lat="31.111948708895127" lon="121.23671175013047">
        <ele>0.0</ele>
        <time>2025-07-05T12:22:54Z</time>
      </trkpt>
      <trkpt lat="31.11196770323784" lon="121.2367267524064">
        <ele>0.0</ele>
        <time>2025-07-05T12:22:55Z</time>
      </trkpt>
      <trkpt lat="31.11198669757234" lon="121.23674175467269">
        <ele>0.0</ele>
        <time>2025-07-05T12:22:56Z</time>
      </trkpt>
      <trkpt lat="31.112006691348114" lon="121.23675675684507">
        <ele>0.0</ele>
        <time>2025-07-05T12:22:57Z</time>
      </trkpt>
      <trkpt lat="31.11202368931182" lon="121.23677976130908">
        <ele>0.0</ele>
        <time>2025-07-05T12:22:58Z</time>
      </trkpt>
      <trkpt lat="31.112038685819126" lon="121.23679476387842">
        <ele>0.0</ele>
        <time>2025-07-05T12:22:59Z</time>
      </trkpt>
      <trkpt lat="31.112051685952366" lon="121.23681776864208">
        <ele>0.0</ele>
        <time>2025-07-05T12:23:00Z</time>
      </trkpt>
      <trkpt lat="31.112065685515432" lon="121.23684077329881">
        <ele>0.0</ele>
        <time>2025-07-05T12:23:01Z</time>
      </trkpt>
      <trkpt lat="31.112078685609287" lon="121.23686377801712">
        <ele>0.0</ele>
        <time>2025-07-05T12:23:02Z</time>
      </trkpt>
      <trkpt lat="31.11208968678437" lon="121.23688678288131">
        <ele>0.0</ele>
        <time>2025-07-05T12:23:03Z</time>
      </trkpt>
      <trkpt lat="31.11209968849018" lon="121.23690978780711">
        <ele>0.0</ele>
        <time>2025-07-05T12:23:04Z</time>
      </trkpt>
      <trkpt lat="31.11210969236077" lon="121.23693979445444">
        <ele>0.0</ele>
        <time>2025-07-05T12:23:05Z</time>
      </trkpt>
      <trkpt lat="31.112118694571528" lon="121.23696279941224">
        <ele>0.0</ele>
        <time>2025-07-05T12:23:06Z</time>
      </trkpt>
      <trkpt lat="31.112126697312963" lon="121.23698580443161">
        <ele>0.0</ele>
        <time>2025-07-05T12:23:07Z</time>
      </trkpt>
      <trkpt lat="31.11213170168596" lon="121.23700880968116">
        <ele>0.0</ele>
        <time>2025-07-05T12:23:08Z</time>
      </trkpt>
      <trkpt lat="31.112139706854663" lon="121.23703981661443">
        <ele>0.0</ele>
        <time>2025-07-05T12:23:09Z</time>
      </trkpt>
      <trkpt lat="31.11214770922254" lon="121.23706182131407">
        <ele>0.0</ele>
        <time>2025-07-05T12:23:10Z</time>
      </trkpt>
      <trkpt lat="31.112156711328446" lon="121.2370848261515">
        <ele>0.0</ele>
        <time>2025-07-05T12:23:11Z</time>
      </trkpt>
      <trkpt lat="31.112170710662483" lon="121.23710783054486">
        <ele>0.0</ele>
        <time>2025-07-05T12:23:12Z</time>
      </trkpt>
      <trkpt lat="31.11218970478522" lon="121.23712283256609">
        <ele>0.0</ele>
        <time>2025-07-05T12:23:13Z</time>
      </trkpt>
      <trkpt lat="31.112210695666295" lon="121.2371308327243">
        <ele>0.0</ele>
        <time>2025-07-05T12:23:14Z</time>
      </trkpt>
      <trkpt lat="31.112229685208842" lon="121.23713083112304">
        <ele>0.0</ele>
        <time>2025-07-05T12:23:15Z</time>
      </trkpt>
      <trkpt lat="31.11223867781583" lon="121.23712282843651">
        <ele>0.0</ele>
        <time>2025-07-05T12:23:16Z</time>
      </trkpt>
      <trkpt lat="31.112229680632726" lon="121.23711582750572">
        <ele>0.0</ele>
        <time>2025-07-05T12:23:17Z</time>
      </trkpt>
      <trkpt lat="31.112213689438992" lon="121.23711582885414">
        <ele>0.0</ele>
        <time>2025-07-05T12:23:18Z</time>
      </trkpt>
      <trkpt lat="31.1121966987958" lon="121.23711583028685">
        <ele>0.0</ele>
        <time>2025-07-05T12:23:19Z</time>
      </trkpt>
      <trkpt lat="31.1121777092536" lon="121.23711583188812">
        <ele>0.0</ele>
        <time>2025-07-05T12:23:20Z</time>
      </trkpt>
      <trkpt lat="31.112164713965008" lon="121.23710783105051">
        <ele>0.0</ele>
        <time>2025-07-05T12:23:21Z</time>
      </trkpt>
      <trkpt lat="31.112160711577673" lon="121.23709282775548">
        <ele>0.0</ele>
        <time>2025-07-05T12:23:22Z</time>
      </trkpt>
      <trkpt lat="31.112160711577673" lon="121.23709282775548">
        <ele>0.0</ele>
        <time>2025-07-05T12:23:23Z</time>
      </trkpt>
      <trkpt lat="31.112160711577673" lon="121.23709282775548">
        <ele>0.0</ele>
        <time>2025-07-05T12:23:24Z</time>
      </trkpt>
      <trkpt lat="31.111971676614456" lon="121.23665073232553">
        <ele>0.0</ele>
        <time>2025-07-05T12:23:29Z</time>
      </trkpt>
      <trkpt lat="31.111956689709526" lon="121.23666573750609">
        <ele>0.0</ele>
        <time>2025-07-05T12:23:30Z</time>
      </trkpt>
      <trkpt lat="31.11195069784143" lon="121.23668074191849">
        <ele>0.0</ele>
        <time>2025-07-05T12:23:31Z</time>
      </trkpt>
      <trkpt lat="31.111952701560625" lon="121.23669574564707">
        <ele>0.0</ele>
        <time>2025-07-05T12:23:32Z</time>
      </trkpt>
      <trkpt lat="31.11196269862264" lon="121.2367037468788">
        <ele>0.0</ele>
        <time>2025-07-05T12:23:33Z</time>
      </trkpt>
      <trkpt lat="31.111998683611187" lon="121.23671874772718">
        <ele>0.0</ele>
        <time>2025-07-05T12:23:34Z</time>
      </trkpt>
      <trkpt lat="31.112011683809527" lon="121.23674175256576">
        <ele>0.0</ele>
        <time>2025-07-05T12:23:35Z</time>
      </trkpt>
      <trkpt lat="31.11202767755511" lon="121.2367497532761">
        <ele>0.0</ele>
        <time>2025-07-05T12:23:36Z</time>
      </trkpt>
      <trkpt lat="31.11204267407928" lon="121.2367647558647">
        <ele>0.0</ele>
        <time>2025-07-05T12:23:37Z</time>
      </trkpt>
      <trkpt lat="31.112057673137393" lon="121.23678776048939">
        <ele>0.0</ele>
        <time>2025-07-05T12:23:38Z</time>
      </trkpt>
      <trkpt lat="31.11206967129191" lon="121.2368027633064">
        <ele>0.0</ele>
        <time>2025-07-05T12:23:39Z</time>
      </trkpt>
      <trkpt lat="31.11208266888762" lon="121.2368177660295">
        <ele>0.0</ele>
        <time>2025-07-05T12:23:40Z</time>
      </trkpt>
      <trkpt lat="31.112095666790932" lon="121.23683376899653">
        <ele>0.0</ele>
        <time>2025-07-05T12:23:41Z</time>
      </trkpt>
      <trkpt lat="31.112110663268528" lon="121.23684877153114">
        <ele>0.0</ele>
        <time>2025-07-05T12:23:42Z</time>
      </trkpt>
      <trkpt lat="31.112122661389165" lon="121.23686377430894">
        <ele>0.0</ele>
        <time>2025-07-05T12:23:43Z</time>
      </trkpt>
      <trkpt lat="31.112128660603602" lon="121.23687177582019">
        <ele>0.0</ele>
        <time>2025-07-05T12:23:44Z</time>
      </trkpt>
      <trkpt lat="31.112124655562255" lon="121.23684877035126">
        <ele>0.0</ele>
        <time>2025-07-05T12:23:46Z</time>
      </trkpt>
      <trkpt lat="31.11209165918161" lon="121.23680276145231">
        <ele>0.0</ele>
        <time>2025-07-05T12:23:48Z</time>
      </trkpt>
      <trkpt lat="31.112074663779296" lon="121.23678775905668">
        <ele>0.0</ele>
        <time>2025-07-05T12:23:49Z</time>
      </trkpt>
      <trkpt lat="31.112057665822004" lon="121.23676475460054">
        <ele>0.0</ele>
        <time>2025-07-05T12:23:50Z</time>
      </trkpt>
      <trkpt lat="31.112040672631135" lon="121.23675675397965">
        <ele>0.0</ele>
        <time>2025-07-05T12:23:51Z</time>
      </trkpt>
      <trkpt lat="31.112023677203492" lon="121.23674175155445">
        <ele>0.0</ele>
        <time>2025-07-05T12:23:52Z</time>
      </trkpt>
      <trkpt lat="31.112007681217086" lon="121.23672674903531">
        <ele>0.0</ele>
        <time>2025-07-05T12:23:53Z</time>
      </trkpt>
      <trkpt lat="31.11199068577292" lon="121.23671174659084">
        <ele>0.0</ele>
        <time>2025-07-05T12:23:54Z</time>
      </trkpt>
      <trkpt lat="31.1119716911005" lon="121.2366957440458">
        <ele>0.0</ele>
        <time>2025-07-05T12:23:55Z</time>
      </trkpt>
      <trkpt lat="31.11194870151437" lon="121.23668874416671">
        <ele>0.0</ele>
        <time>2025-07-05T12:23:56Z</time>
      </trkpt>
      <trkpt lat="31.1119207117836" lon="121.2366727423644">
        <ele>0.0</ele>
        <time>2025-07-05T12:23:57Z</time>
      </trkpt>
      <trkpt lat="31.111893724394363" lon="121.23666574281552">
        <ele>0.0</ele>
        <time>2025-07-05T12:23:58Z</time>
      </trkpt>
      <trkpt lat="31.111870734478888" lon="121.23665774266634">
        <ele>0.0</ele>
        <time>2025-07-05T12:23:59Z</time>
      </trkpt>
      <trkpt lat="31.11184774230085" lon="121.23664274068317">
        <ele>0.0</ele>
        <time>2025-07-05T12:24:00Z</time>
      </trkpt>
      <trkpt lat="31.111822753480283" lon="121.23663474069464">
        <ele>0.0</ele>
        <time>2025-07-05T12:24:01Z</time>
      </trkpt>
      <trkpt lat="31.111800760739335" lon="121.2366197386124">
        <ele>0.0</ele>
        <time>2025-07-05T12:24:02Z</time>
      </trkpt>
      <trkpt lat="31.111777768540865" lon="121.23660473660483">
        <ele>0.0</ele>
        <time>2025-07-05T12:24:03Z</time>
      </trkpt>
      <trkpt lat="31.111756777507303" lon="121.23659673626618">
        <ele>0.0</ele>
        <time>2025-07-05T12:24:04Z</time>
      </trkpt>
      <trkpt lat="31.111733785296494" lon="121.23658173424381">
        <ele>0.0</ele>
        <time>2025-07-05T12:24:05Z</time>
      </trkpt>
      <trkpt lat="31.1117087941789" lon="121.23656673238035">
        <ele>0.0</ele>
        <time>2025-07-05T12:24:06Z</time>
      </trkpt>
      <trkpt lat="31.111683805337503" lon="121.2365587323658">
        <ele>0.0</ele>
        <time>2025-07-05T12:24:07Z</time>
      </trkpt>
      <trkpt lat="31.111660815392653" lon="121.23655073217994">
        <ele>0.0</ele>
        <time>2025-07-05T12:24:08Z</time>
      </trkpt>
      <trkpt lat="31.111637825772473" lon="121.23654373225736">
        <ele>0.0</ele>
        <time>2025-07-05T12:24:09Z</time>
      </trkpt>
      <trkpt lat="31.11161883623605" lon="121.2365437338586">
        <ele>0.0</ele>
        <time>2025-07-05T12:24:10Z</time>
      </trkpt>
      <trkpt lat="31.11160184559837" lon="121.23654373529129">
        <ele>0.0</ele>
        <time>2025-07-05T12:24:11Z</time>
      </trkpt>
      <trkpt lat="31.111580857163798" lon="121.23654373706108">
        <ele>0.0</ele>
        <time>2025-07-05T12:24:12Z</time>
      </trkpt>
      <trkpt lat="31.111561869914325" lon="121.23655074052324">
        <ele>0.0</ele>
        <time>2025-07-05T12:24:13Z</time>
      </trkpt>
      <trkpt lat="31.111540881480213" lon="121.23655074229303">
        <ele>0.0</ele>
        <time>2025-07-05T12:24:14Z</time>
      </trkpt>
      <trkpt lat="31.111519893046342" lon="121.23655074406282">
        <ele>0.0</ele>
        <time>2025-07-05T12:24:15Z</time>
      </trkpt>
      <trkpt lat="31.111496905714283" lon="121.23655074600117">
        <ele>0.0</ele>
        <time>2025-07-05T12:24:16Z</time>
      </trkpt>
      <trkpt lat="31.111473918382508" lon="121.2365507479395">
        <ele>0.0</ele>
        <time>2025-07-05T12:24:17Z</time>
      </trkpt>
      <trkpt lat="31.111454928847785" lon="121.23655074954074">
        <ele>0.0</ele>
        <time>2025-07-05T12:24:18Z</time>
      </trkpt>
      <trkpt lat="31.11143793821162" lon="121.23655075097342">
        <ele>0.0</ele>
        <time>2025-07-05T12:24:19Z</time>
      </trkpt>
      <trkpt lat="31.11141894867726" lon="121.23655075257466">
        <ele>0.0</ele>
        <time>2025-07-05T12:24:20Z</time>
      </trkpt>
      <trkpt lat="31.11139396244815" lon="121.23655075468153">
        <ele>0.0</ele>
        <time>2025-07-05T12:24:21Z</time>
      </trkpt>
      <trkpt lat="31.111368978830114" lon="121.23655875891262">
        <ele>0.0</ele>
        <time>2025-07-05T12:24:22Z</time>
      </trkpt>
      <trkpt lat="31.111342993152547" lon="121.23655876110378">
        <ele>0.0</ele>
        <time>2025-07-05T12:24:23Z</time>
      </trkpt>
      <trkpt lat="31.111318009532816" lon="121.23656676533211">
        <ele>0.0</ele>
        <time>2025-07-05T12:24:24Z</time>
      </trkpt>
      <trkpt lat="31.11129702338183" lon="121.2365737689559">
        <ele>0.0</ele>
        <time>2025-07-05T12:24:25Z</time>
      </trkpt>
      <trkpt lat="31.11127803645279" lon="121.23658177267346">
        <ele>0.0</ele>
        <time>2025-07-05T12:24:26Z</time>
      </trkpt>
      <trkpt lat="31.111260046369175" lon="121.23658177419041">
        <ele>0.0</ele>
        <time>2025-07-05T12:24:27Z</time>
      </trkpt>
      <trkpt lat="31.111239057938512" lon="121.23658177596018">
        <ele>0.0</ele>
        <time>2025-07-05T12:24:28Z</time>
      </trkpt>
      <trkpt lat="31.111213072262785" lon="121.23658177815132">
        <ele>0.0</ele>
        <time>2025-07-05T12:24:29Z</time>
      </trkpt>
      <trkpt lat="31.111190087210982" lon="121.23658878193916">
        <ele>0.0</ele>
        <time>2025-07-05T12:24:30Z</time>
      </trkpt>
      <trkpt lat="31.111176097523757" lon="121.23659678523019">
        <ele>0.0</ele>
        <time>2025-07-05T12:24:31Z</time>
      </trkpt>
      <trkpt lat="31.111167107349804" lon="121.23661178993973">
        <ele>0.0</ele>
        <time>2025-07-05T12:24:32Z</time>
      </trkpt>
      <trkpt lat="31.11115212079696" lon="121.23662779540771">
        <ele>0.0</ele>
        <time>2025-07-05T12:24:33Z</time>
      </trkpt>
      <trkpt lat="31.111134135564576" lon="121.2366428008558">
        <ele>0.0</ele>
        <time>2025-07-05T12:24:34Z</time>
      </trkpt>
      <trkpt lat="31.11111914641262" lon="121.23665080421259">
        <ele>0.0</ele>
        <time>2025-07-05T12:24:35Z</time>
      </trkpt>
      <trkpt lat="31.11110215803792" lon="121.23665780747409">
        <ele>0.0</ele>
        <time>2025-07-05T12:24:36Z</time>
      </trkpt>
      <trkpt lat="31.111081174442237" lon="121.23667281315572">
        <ele>0.0</ele>
        <time>2025-07-05T12:24:37Z</time>
      </trkpt>
      <trkpt lat="31.111062187485828" lon="121.23668081683931">
        <ele>0.0</ele>
        <time>2025-07-05T12:24:38Z</time>
      </trkpt>
      <trkpt lat="31.111037206081846" lon="121.23669582284326">
        <ele>0.0</ele>
        <time>2025-07-05T12:24:39Z</time>
      </trkpt>
      <trkpt lat="31.111010226092386" lon="121.23671182926493">
        <ele>0.0</ele>
        <time>2025-07-05T12:24:40Z</time>
      </trkpt>
      <trkpt lat="31.110984245222784" lon="121.2367268353332">
        <ele>0.0</ele>
        <time>2025-07-05T12:24:41Z</time>
      </trkpt>
      <trkpt lat="31.110953267100545" lon="121.23674184181321">
        <ele>0.0</ele>
        <time>2025-07-05T12:24:42Z</time>
      </trkpt>
      <trkpt lat="31.110924290417344" lon="121.23676485016863">
        <ele>0.0</ele>
        <time>2025-07-05T12:24:43Z</time>
      </trkpt>
      <trkpt lat="31.110900305872363" lon="121.23677185398583">
        <ele>0.0</ele>
        <time>2025-07-05T12:24:44Z</time>
      </trkpt>
      <trkpt lat="31.110873325839435" lon="121.23678786035536">
        <ele>0.0</ele>
        <time>2025-07-05T12:24:45Z</time>
      </trkpt>
      <trkpt lat="31.11084834184024" lon="121.23679486424994">
        <ele>0.0</ele>
        <time>2025-07-05T12:24:46Z</time>
      </trkpt>
      <trkpt lat="31.11082335815664" lon="121.23680286839733">
        <ele>0.0</ele>
        <time>2025-07-05T12:24:47Z</time>
      </trkpt>
      <trkpt lat="31.110799373919818" lon="121.2368108724577">
        <ele>0.0</ele>
        <time>2025-07-05T12:24:48Z</time>
      </trkpt>
      <trkpt lat="31.11077639134412" lon="121.2368258782095">
        <ele>0.0</ele>
        <time>2025-07-05T12:24:49Z</time>
      </trkpt>
      <trkpt lat="31.11075340623391" lon="121.23683288192412">
        <ele>0.0</ele>
        <time>2025-07-05T12:24:50Z</time>
      </trkpt>
      <trkpt lat="31.110736420654607" lon="121.23684888740907">
        <ele>0.0</ele>
        <time>2025-07-05T12:24:51Z</time>
      </trkpt>
      <trkpt lat="31.11072243309749" lon="121.23686389237797">
        <ele>0.0</ele>
        <time>2025-07-05T12:24:52Z</time>
      </trkpt>
      <trkpt lat="31.11070544718571" lon="121.23687889759003">
        <ele>0.0</ele>
        <time>2025-07-05T12:24:53Z</time>
      </trkpt>
      <trkpt lat="31.110686462368115" lon="121.236893902961">
        <ele>0.0</ele>
        <time>2025-07-05T12:24:54Z</time>
      </trkpt>
      <trkpt lat="31.110665478957863" lon="121.2369099087412">
        <ele>0.0</ele>
        <time>2025-07-05T12:24:55Z</time>
      </trkpt>
      <trkpt lat="31.11064449272454" lon="121.23691691226205">
        <ele>0.0</ele>
        <time>2025-07-05T12:24:56Z</time>
      </trkpt>
      <trkpt lat="31.110623506802142" lon="121.23692491603049">
        <ele>0.0</ele>
        <time>2025-07-05T12:24:57Z</time>
      </trkpt>
      <trkpt lat="31.11060252306212" lon="121.23693992154038">
        <ele>0.0</ele>
        <time>2025-07-05T12:24:58Z</time>
      </trkpt>
      <trkpt lat="31.110581537133314" lon="121.23694792530094">
        <ele>0.0</ele>
        <time>2025-07-05T12:24:59Z</time>
      </trkpt>
      <trkpt lat="31.110554554198767" lon="121.236954929316">
        <ele>0.0</ele>
        <time>2025-07-05T12:25:00Z</time>
      </trkpt>
      <trkpt lat="31.11053756606078" lon="121.2369629327343">
        <ele>0.0</ele>
        <time>2025-07-05T12:25:01Z</time>
      </trkpt>
      <trkpt lat="31.110522576817928" lon="121.23697093598132">
        <ele>0.0</ele>
        <time>2025-07-05T12:25:02Z</time>
      </trkpt>
      <trkpt lat="31.11050658781362" lon="121.23697793906248">
        <ele>0.0</ele>
        <time>2025-07-05T12:25:03Z</time>
      </trkpt>
      <trkpt lat="31.110489602149784" lon="121.23699394444793">
        <ele>0.0</ele>
        <time>2025-07-05T12:25:04Z</time>
      </trkpt>
      <trkpt lat="31.110466616999144" lon="121.2370009481121">
        <ele>0.0</ele>
        <time>2025-07-05T12:25:05Z</time>
      </trkpt>
      <trkpt lat="31.11044763211553" lon="121.23701595340457">
        <ele>0.0</ele>
        <time>2025-07-05T12:25:06Z</time>
      </trkpt>
      <trkpt lat="31.11042664863494" lon="121.23703195910102">
        <ele>0.0</ele>
        <time>2025-07-05T12:25:07Z</time>
      </trkpt>
      <trkpt lat="31.11040566483709" lon="121.23704696454206">
        <ele>0.0</ele>
        <time>2025-07-05T12:25:08Z</time>
      </trkpt>
      <trkpt lat="31.110384678878486" lon="121.23705496826588">
        <ele>0.0</ele>
        <time>2025-07-05T12:25:09Z</time>
      </trkpt>
      <trkpt lat="31.110361696170997" lon="121.23706997386066">
        <ele>0.0</ele>
        <time>2025-07-05T12:25:10Z</time>
      </trkpt>
      <trkpt lat="31.110338711002033" lon="121.237076977502">
        <ele>0.0</ele>
        <time>2025-07-05T12:25:11Z</time>
      </trkpt>
      <trkpt lat="31.110317727486148" lon="121.23709298315656">
        <ele>0.0</ele>
        <time>2025-07-05T12:25:12Z</time>
      </trkpt>
      <trkpt lat="31.110298742552406" lon="121.23710798838981">
        <ele>0.0</ele>
        <time>2025-07-05T12:25:13Z</time>
      </trkpt>
      <trkpt lat="31.110283755404648" lon="121.23712299327632">
        <ele>0.0</ele>
        <time>2025-07-05T12:25:14Z</time>
      </trkpt>
      <trkpt lat="31.110268766115937" lon="121.2371309964684">
        <ele>0.0</ele>
        <time>2025-07-05T12:25:15Z</time>
      </trkpt>
      <trkpt lat="31.11025178005843" lon="121.23714600150863">
        <ele>0.0</ele>
        <time>2025-07-05T12:25:16Z</time>
      </trkpt>
      <trkpt lat="31.110228797301488" lon="121.23716100704485">
        <ele>0.0</ele>
        <time>2025-07-05T12:25:17Z</time>
      </trkpt>
      <trkpt lat="31.110207813736523" lon="121.23717701264172">
        <ele>0.0</ele>
        <time>2025-07-05T12:25:18Z</time>
      </trkpt>
      <trkpt lat="31.11018283206571" lon="121.23719201832652">
        <ele>0.0</ele>
        <time>2025-07-05T12:25:19Z</time>
      </trkpt>
      <trkpt lat="31.11015785038681" lon="121.23720702400165">
        <ele>0.0</ele>
        <time>2025-07-05T12:25:20Z</time>
      </trkpt>
      <trkpt lat="31.110142861073957" lon="121.23721502716488">
        <ele>0.0</ele>
        <time>2025-07-05T12:25:21Z</time>
      </trkpt>
      <trkpt lat="31.110127873867356" lon="121.23723003198249">
        <ele>0.0</ele>
        <time>2025-07-05T12:25:22Z</time>
      </trkpt>
      <trkpt lat="31.110113883996316" lon="121.23723803505355">
        <ele>0.0</ele>
        <time>2025-07-05T12:25:23Z</time>
      </trkpt>
      <trkpt lat="31.110100893270932" lon="121.23724503780169">
        <ele>0.0</ele>
        <time>2025-07-05T12:25:24Z</time>
      </trkpt>
      <trkpt lat="31.1100869033956" lon="121.2372530408676">
        <ele>0.0</ele>
        <time>2025-07-05T12:25:25Z</time>
      </trkpt>
      <trkpt lat="31.110069912772047" lon="121.2372530423002">
        <ele>0.0</ele>
        <time>2025-07-05T12:25:26Z</time>
      </trkpt>
      <trkpt lat="31.110054923146173" lon="121.23726004521235">
        <ele>0.0</ele>
        <time>2025-07-05T12:25:27Z</time>
      </trkpt>
      <trkpt lat="31.11003393712774" lon="121.237268048863">
        <ele>0.0</ele>
        <time>2025-07-05T12:25:28Z</time>
      </trkpt>
      <trkpt lat="31.11001295110714" lon="121.2372760525109">
        <ele>0.0</ele>
        <time>2025-07-05T12:25:30Z</time>
      </trkpt>
      <trkpt lat="31.109997961475703" lon="121.23728305541613">
        <ele>0.0</ele>
        <time>2025-07-05T12:25:31Z</time>
      </trkpt>
      <trkpt lat="31.109974974162622" lon="121.23728305735433">
        <ele>0.0</ele>
        <time>2025-07-05T12:25:32Z</time>
      </trkpt>
      <trkpt lat="31.109953988138198" lon="121.23729106099708">
        <ele>0.0</ele>
        <time>2025-07-05T12:25:33Z</time>
      </trkpt>
      <trkpt lat="31.109931005303487" lon="121.23730606643988">
        <ele>0.0</ele>
        <time>2025-07-05T12:25:34Z</time>
      </trkpt>
      <trkpt lat="31.109908020375965" lon="121.23731407024327">
        <ele>0.0</ele>
        <time>2025-07-05T12:25:35Z</time>
      </trkpt>
      <trkpt lat="31.10988303863222" lon="121.2373290758398">
        <ele>0.0</ele>
        <time>2025-07-05T12:25:36Z</time>
      </trkpt>
      <trkpt lat="31.109862052595048" lon="121.23733707946674">
        <ele>0.0</ele>
        <time>2025-07-05T12:25:37Z</time>
      </trkpt>
      <trkpt lat="31.109847062948827" lon="121.23734408235364">
        <ele>0.0</ele>
        <time>2025-07-05T12:25:38Z</time>
      </trkpt>
      <trkpt lat="31.109826079278506" lon="121.23736008782478">
        <ele>0.0</ele>
        <time>2025-07-05T12:25:39Z</time>
      </trkpt>
      <trkpt lat="31.10980109751001" lon="121.23737509339169">
        <ele>0.0</ele>
        <time>2025-07-05T12:25:40Z</time>
      </trkpt>
      <trkpt lat="31.109773115026634" lon="121.23738209736266">
        <ele>0.0</ele>
        <time>2025-07-05T12:25:41Z</time>
      </trkpt>
      <trkpt lat="31.109744135748233" lon="121.23739810348184">
        <ele>0.0</ele>
        <time>2025-07-05T12:25:42Z</time>
      </trkpt>
      <trkpt lat="31.10972314939744" lon="121.237405106856">
        <ele>0.0</ele>
        <time>2025-07-05T12:25:43Z</time>
      </trkpt>
      <trkpt lat="31.109706161132266" lon="121.23741311011973">
        <ele>0.0</ele>
        <time>2025-07-05T12:25:44Z</time>
      </trkpt>
      <trkpt lat="31.109687173968386" lon="121.23742111354926">
        <ele>0.0</ele>
        <time>2025-07-05T12:25:45Z</time>
      </trkpt>
      <trkpt lat="31.109668184452044" lon="121.23742111515035">
        <ele>0.0</ele>
        <time>2025-07-05T12:25:46Z</time>
      </trkpt>
      <trkpt lat="31.109645199199655" lon="121.23742811868614">
        <ele>0.0</ele>
        <time>2025-07-05T12:25:47Z</time>
      </trkpt>
      <trkpt lat="31.109626212031895" lon="121.2374361221105">
        <ele>0.0</ele>
        <time>2025-07-05T12:25:48Z</time>
      </trkpt>
      <trkpt lat="31.109605225672464" lon="121.23744312547323">
        <ele>0.0</ele>
        <time>2025-07-05T12:25:49Z</time>
      </trkpt>
      <trkpt lat="31.109576246360106" lon="121.23745913155047">
        <ele>0.0</ele>
        <time>2025-07-05T12:25:50Z</time>
      </trkpt>
      <trkpt lat="31.109555259995208" lon="121.23746613490628">
        <ele>0.0</ele>
        <time>2025-07-05T12:25:51Z</time>
      </trkpt>
      <trkpt lat="31.109534276255026" lon="121.23748214029358">
        <ele>0.0</ele>
        <time>2025-07-05T12:25:52Z</time>
      </trkpt>
      <trkpt lat="31.10951728767713" lon="121.2374891433054">
        <ele>0.0</ele>
        <time>2025-07-05T12:25:53Z</time>
      </trkpt>
      <trkpt lat="31.10950130087344" lon="121.23750414803072">
        <ele>0.0</ele>
        <time>2025-07-05T12:25:54Z</time>
      </trkpt>
      <trkpt lat="31.10948231368436" lon="121.23751215142896">
        <ele>0.0</ele>
        <time>2025-07-05T12:25:55Z</time>
      </trkpt>
      <trkpt lat="31.1094633285237" lon="121.23752715639228">
        <ele>0.0</ele>
        <time>2025-07-05T12:25:56Z</time>
      </trkpt>
      <trkpt lat="31.10943834695556" lon="121.23754316207467">
        <ele>0.0</ele>
        <time>2025-07-05T12:25:57Z</time>
      </trkpt>
      <trkpt lat="31.109416363433645" lon="121.2375581672708">
        <ele>0.0</ele>
        <time>2025-07-05T12:25:58Z</time>
      </trkpt>
      <trkpt lat="31.10940237318112" lon="121.23756517000696">
        <ele>0.0</ele>
        <time>2025-07-05T12:25:59Z</time>
      </trkpt>
      <trkpt lat="31.10939537935163" lon="121.237573172373">
        <ele>0.0</ele>
        <time>2025-07-05T12:26:00Z</time>
      </trkpt>
      <trkpt lat="31.109381389383273" lon="121.23758117532617">
        <ele>0.0</ele>
        <time>2025-07-05T12:26:01Z</time>
      </trkpt>
      <trkpt lat="31.10935640519633" lon="121.23758817898234">
        <ele>0.0</ele>
        <time>2025-07-05T12:26:02Z</time>
      </trkpt>
      <trkpt lat="31.10932842295115" lon="121.23759618311009">
        <ele>0.0</ele>
        <time>2025-07-05T12:26:03Z</time>
      </trkpt>
      <trkpt lat="31.10930943573624" lon="121.23760418647667">
        <ele>0.0</ele>
        <time>2025-07-05T12:26:04Z</time>
      </trkpt>
      <trkpt lat="31.109291449973615" lon="121.2376191912964">
        <ele>0.0</ele>
        <time>2025-07-05T12:26:05Z</time>
      </trkpt>
      <trkpt lat="31.109274463650735" lon="121.2376341960222">
        <ele>0.0</ele>
        <time>2025-07-05T12:26:06Z</time>
      </trkpt>
      <trkpt lat="31.10925347952757" lon="121.23764920107537">
        <ele>0.0</ele>
        <time>2025-07-05T12:26:07Z</time>
      </trkpt>
      <trkpt lat="31.109234492297524" lon="121.23765720442374">
        <ele>0.0</ele>
        <time>2025-07-05T12:26:08Z</time>
      </trkpt>
      <trkpt lat="31.1092095083774" lon="121.23766520827495">
        <ele>0.0</ele>
        <time>2025-07-05T12:26:09Z</time>
      </trkpt>
      <trkpt lat="31.109181525826823" lon="121.23767221215863">
        <ele>0.0</ele>
        <time>2025-07-05T12:26:10Z</time>
      </trkpt>
      <trkpt lat="31.109160539694706" lon="121.23768021566761">
        <ele>0.0</ele>
        <time>2025-07-05T12:26:11Z</time>
      </trkpt>
      <trkpt lat="31.10913955327649" lon="121.2376872189569">
        <ele>0.0</ele>
        <time>2025-07-05T12:26:12Z</time>
      </trkpt>
      <trkpt lat="31.109112570452787" lon="121.23769522296631">
        <ele>0.0</ele>
        <time>2025-07-05T12:26:13Z</time>
      </trkpt>
      <trkpt lat="31.109085587627078" lon="121.23770322697298">
        <ele>0.0</ele>
        <time>2025-07-05T12:26:14Z</time>
      </trkpt>
      <trkpt lat="31.109059603964173" lon="121.23771023067668">
        <ele>0.0</ele>
        <time>2025-07-05T12:26:15Z</time>
      </trkpt>
      <trkpt lat="31.109030619975417" lon="121.2377102331204">
        <ele>0.0</ele>
        <time>2025-07-05T12:26:16Z</time>
      </trkpt>
      <trkpt lat="31.109001635987106" lon="121.23771023556412">
        <ele>0.0</ele>
        <time>2025-07-05T12:26:17Z</time>
      </trkpt>
      <trkpt lat="31.1089696536557" lon="121.23771023826063">
        <ele>0.0</ele>
        <time>2025-07-05T12:26:18Z</time>
      </trkpt>
      <trkpt lat="31.108942668564" lon="121.23771024053582">
        <ele>0.0</ele>
        <time>2025-07-05T12:26:19Z</time>
      </trkpt>
      <trkpt lat="31.10891568573625" lon="121.23771824453729">
        <ele>0.0</ele>
        <time>2025-07-05T12:26:20Z</time>
      </trkpt>
      <trkpt lat="31.108895696779978" lon="121.23771824622261">
        <ele>0.0</ele>
        <time>2025-07-05T12:26:21Z</time>
      </trkpt>
      <trkpt lat="31.10887470837612" lon="121.23771824799219">
        <ele>0.0</ele>
        <time>2025-07-05T12:26:22Z</time>
      </trkpt>
      <trkpt lat="31.10884972218136" lon="121.23771825009884">
        <ele>0.0</ele>
        <time>2025-07-05T12:26:23Z</time>
      </trkpt>
      <trkpt lat="31.108822739352554" lon="121.23772625409757">
        <ele>0.0</ele>
        <time>2025-07-05T12:26:24Z</time>
      </trkpt>
      <trkpt lat="31.108799752054004" lon="121.23772625603567">
        <ele>0.0</ele>
        <time>2025-07-05T12:26:25Z</time>
      </trkpt>
      <trkpt lat="31.108774765860247" lon="121.2377262581423">
        <ele>0.0</ele>
        <time>2025-07-05T12:26:26Z</time>
      </trkpt>
      <trkpt lat="31.10874978164337" lon="121.23773326175478">
        <ele>0.0</ele>
        <time>2025-07-05T12:26:27Z</time>
      </trkpt>
      <trkpt lat="31.10872779379343" lon="121.23773326360862">
        <ele>0.0</ele>
        <time>2025-07-05T12:26:28Z</time>
      </trkpt>
      <trkpt lat="31.10870980373459" lon="121.2377332651254">
        <ele>0.0</ele>
        <time>2025-07-05T12:26:29Z</time>
      </trkpt>
      <trkpt lat="31.10869081422822" lon="121.23773326672644">
        <ele>0.0</ele>
        <time>2025-07-05T12:26:30Z</time>
      </trkpt>
      <trkpt lat="31.108667829187944" lon="121.23774127038293">
        <ele>0.0</ele>
        <time>2025-07-05T12:26:31Z</time>
      </trkpt>
      <trkpt lat="31.108644843863903" lon="121.23774827382236">
        <ele>0.0</ele>
        <time>2025-07-05T12:26:32Z</time>
      </trkpt>
      <trkpt lat="31.108623857715017" lon="121.23775627730515">
        <ele>0.0</ele>
        <time>2025-07-05T12:26:33Z</time>
      </trkpt>
      <trkpt lat="31.108599870971265" lon="121.23775627932751">
        <ele>0.0</ele>
        <time>2025-07-05T12:26:34Z</time>
      </trkpt>
      <trkpt lat="31.108572885884907" lon="121.23775628160266">
        <ele>0.0</ele>
        <time>2025-07-05T12:26:35Z</time>
      </trkpt>
      <trkpt lat="31.108547899694187" lon="121.23775628370927">
        <ele>0.0</ele>
        <time>2025-07-05T12:26:36Z</time>
      </trkpt>
      <trkpt lat="31.10852691129424" lon="121.23775628547882">
        <ele>0.0</ele>
        <time>2025-07-05T12:26:37Z</time>
      </trkpt>
      <trkpt lat="31.108505920642376" lon="121.23774828553516">
        <ele>0.0</ele>
        <time>2025-07-05T12:26:38Z</time>
      </trkpt>
      <trkpt lat="31.1084849322429" lon="121.23774828730471">
        <ele>0.0</ele>
        <time>2025-07-05T12:26:39Z</time>
      </trkpt>
      <trkpt lat="31.108463941871054" lon="121.23774128757293">
        <ele>0.0</ele>
        <time>2025-07-05T12:26:40Z</time>
      </trkpt>
      <trkpt lat="31.108436954530006" lon="121.23773328812968">
        <ele>0.0</ele>
        <time>2025-07-05T12:26:41Z</time>
      </trkpt>
      <trkpt lat="31.108412965812107" lon="121.23772628864617">
        <ele>0.0</ele>
        <time>2025-07-05T12:26:42Z</time>
      </trkpt>
      <trkpt lat="31.108391972888956" lon="121.23771028696586">
        <ele>0.0</ele>
        <time>2025-07-05T12:26:43Z</time>
      </trkpt>
      <trkpt lat="31.108368981345055" lon="121.2376952856597">
        <ele>0.0</ele>
        <time>2025-07-05T12:26:44Z</time>
      </trkpt>
      <trkpt lat="31.108349987583065" lon="121.23768028400683">
        <ele>0.0</ele>
        <time>2025-07-05T12:26:45Z</time>
      </trkpt>
      <trkpt lat="31.108332992707833" lon="121.23766528217574">
        <ele>0.0</ele>
        <time>2025-07-05T12:26:46Z</time>
      </trkpt>
      <trkpt lat="31.10831699498785" lon="121.23764227850103">
        <ele>0.0</ele>
        <time>2025-07-05T12:26:47Z</time>
      </trkpt>
      <trkpt lat="31.10830399559063" lon="121.2376192745508">
        <ele>0.0</ele>
        <time>2025-07-05T12:26:48Z</time>
      </trkpt>
      <trkpt lat="31.108293994516124" lon="121.23759627032503">
        <ele>0.0</ele>
        <time>2025-07-05T12:26:49Z</time>
      </trkpt>
      <trkpt lat="31.10828499286931" lon="121.23757326599227">
        <ele>0.0</ele>
        <time>2025-07-05T12:26:50Z</time>
      </trkpt>
      <trkpt lat="31.108274991755227" lon="121.23755026172104">
        <ele>0.0</ele>
        <time>2025-07-05T12:26:51Z</time>
      </trkpt>
      <trkpt lat="31.10826998785872" lon="121.23752725700577">
        <ele>0.0</ele>
        <time>2025-07-05T12:26:52Z</time>
      </trkpt>
      <trkpt lat="31.108261985599977" lon="121.23750425252054">
        <ele>0.0</ele>
        <time>2025-07-05T12:26:53Z</time>
      </trkpt>
      <trkpt lat="31.108255984548634" lon="121.23748924964912">
        <ele>0.0</ele>
        <time>2025-07-05T12:26:54Z</time>
      </trkpt>
      <trkpt lat="31.10825198004704" lon="121.23746624478929">
        <ele>0.0</ele>
        <time>2025-07-05T12:26:55Z</time>
      </trkpt>
      <trkpt lat="31.108246976078163" lon="121.23744323999101">
        <ele>0.0</ele>
        <time>2025-07-05T12:26:56Z</time>
      </trkpt>
      <trkpt lat="31.108244972782405" lon="121.2374282367432">
        <ele>0.0</ele>
        <time>2025-07-05T12:26:57Z</time>
      </trkpt>
      <trkpt lat="31.108242969478216" lon="121.23741323348574">
        <ele>0.0</ele>
        <time>2025-07-05T12:26:59Z</time>
      </trkpt>
      <trkpt lat="31.108244968373135" lon="121.23741323331721">
        <ele>0.0</ele>
        <time>2025-07-05T12:27:00Z</time>
      </trkpt>
      <trkpt lat="31.10825296601155" lon="121.2374202342431">
        <ele>0.0</ele>
        <time>2025-07-05T12:27:01Z</time>
      </trkpt>
      <trkpt lat="31.10825996684254" lon="121.23743623730249">
        <ele>0.0</ele>
        <time>2025-07-05T12:27:02Z</time>
      </trkpt>
      <trkpt lat="31.10826197013381" lon="121.23745124054514">
        <ele>0.0</ele>
        <time>2025-07-05T12:27:03Z</time>
      </trkpt>
      <trkpt lat="31.10826597464836" lon="121.23747424541978">
        <ele>0.0</ele>
        <time>2025-07-05T12:27:04Z</time>
      </trkpt>
      <trkpt lat="31.10826997914309" lon="121.23749725027169">
        <ele>0.0</ele>
        <time>2025-07-05T12:27:05Z</time>
      </trkpt>
      <trkpt lat="31.108269985828088" lon="121.23752025543793">
        <ele>0.0</ele>
        <time>2025-07-05T12:27:06Z</time>
      </trkpt>
      <trkpt lat="31.108269990177188" lon="121.23753525879498">
        <ele>0.0</ele>
        <time>2025-07-05T12:27:07Z</time>
      </trkpt>
      <trkpt lat="31.108269992493256" lon="121.23754326058145">
        <ele>0.0</ele>
        <time>2025-07-05T12:27:08Z</time>
      </trkpt>
      <trkpt lat="31.10827299517184" lon="121.23755826367088">
        <ele>0.0</ele>
        <time>2025-07-05T12:27:09Z</time>
      </trkpt>
      <trkpt lat="31.108275000699187" lon="121.23758126860832">
        <ele>0.0</ele>
        <time>2025-07-05T12:27:10Z</time>
      </trkpt>
      <trkpt lat="31.10827900510165" lon="121.23760427335449">
        <ele>0.0</ele>
        <time>2025-07-05T12:27:11Z</time>
      </trkpt>
      <trkpt lat="31.108289005882956" lon="121.2376262773528">
        <ele>0.0</ele>
        <time>2025-07-05T12:27:12Z</time>
      </trkpt>
      <trkpt lat="31.108304002170406" lon="121.23764227959646">
        <ele>0.0</ele>
        <time>2025-07-05T12:27:13Z</time>
      </trkpt>
      <trkpt lat="31.108320997058314" lon="121.23765728144238">
        <ele>0.0</ele>
        <time>2025-07-05T12:27:14Z</time>
      </trkpt>
      <trkpt lat="31.108339990832963" lon="121.23767228311009">
        <ele>0.0</ele>
        <time>2025-07-05T12:27:15Z</time>
      </trkpt>
      <trkpt lat="31.108356987974776" lon="121.23769528667087">
        <ele>0.0</ele>
        <time>2025-07-05T12:27:16Z</time>
      </trkpt>
      <trkpt lat="31.108377980623462" lon="121.23771028814556">
        <ele>0.0</ele>
        <time>2025-07-05T12:27:17Z</time>
      </trkpt>
      <trkpt lat="31.108400972441544" lon="121.23772628965733">
        <ele>0.0</ele>
        <time>2025-07-05T12:27:18Z</time>
      </trkpt>
      <trkpt lat="31.108425960606844" lon="121.23773328905658">
        <ele>0.0</ele>
        <time>2025-07-05T12:27:19Z</time>
      </trkpt>
      <trkpt lat="31.108448947900797" lon="121.2377332871185">
        <ele>0.0</ele>
        <time>2025-07-05T12:27:20Z</time>
      </trkpt>
      <trkpt lat="31.108469936299873" lon="121.23773328534895">
        <ele>0.0</ele>
        <time>2025-07-05T12:27:21Z</time>
      </trkpt>
      <trkpt lat="31.10849292585102" lon="121.23774128512926">
        <ele>0.0</ele>
        <time>2025-07-05T12:27:22Z</time>
      </trkpt>
      <trkpt lat="31.10851791204101" lon="121.23774128302266">
        <ele>0.0</ele>
        <time>2025-07-05T12:27:23Z</time>
      </trkpt>
      <trkpt lat="31.10854189878371" lon="121.2377412810003">
        <ele>0.0</ele>
        <time>2025-07-05T12:27:24Z</time>
      </trkpt>
      <trkpt lat="31.10856488607909" lon="121.23774127906222">
        <ele>0.0</ele>
        <time>2025-07-05T12:27:25Z</time>
      </trkpt>
      <trkpt lat="31.10858387558418" lon="121.23774127746118">
        <ele>0.0</ele>
        <time>2025-07-05T12:27:26Z</time>
      </trkpt>
      <trkpt lat="31.108603864537113" lon="121.23774127577589">
        <ele>0.0</ele>
        <time>2025-07-05T12:27:27Z</time>
      </trkpt>
      <trkpt lat="31.108624852937925" lon="121.23774127400632">
        <ele>0.0</ele>
        <time>2025-07-05T12:27:28Z</time>
      </trkpt>
      <trkpt lat="31.10864184354828" lon="121.23774127257383">
        <ele>0.0</ele>
        <time>2025-07-05T12:27:29Z</time>
      </trkpt>
      <trkpt lat="31.10866483084489" lon="121.23774127063572">
        <ele>0.0</ele>
        <time>2025-07-05T12:27:30Z</time>
      </trkpt>
      <trkpt lat="31.10869081648487" lon="121.23774126844484">
        <ele>0.0</ele>
        <time>2025-07-05T12:27:31Z</time>
      </trkpt>
      <trkpt lat="31.10871180488666" lon="121.23774126667527">
        <ele>0.0</ele>
        <time>2025-07-05T12:27:32Z</time>
      </trkpt>
      <trkpt lat="31.10873079213659" lon="121.23773326335582">
        <ele>0.0</ele>
        <time>2025-07-05T12:27:33Z</time>
      </trkpt>
      <trkpt lat="31.10874978164337" lon="121.23773326175478">
        <ele>0.0</ele>
        <time>2025-07-05T12:27:34Z</time>
      </trkpt>
      <trkpt lat="31.108769770598077" lon="121.23773326006948">
        <ele>0.0</ele>
        <time>2025-07-05T12:27:35Z</time>
      </trkpt>
      <trkpt lat="31.108791760705156" lon="121.23774125993404">
        <ele>0.0</ele>
        <time>2025-07-05T12:27:36Z</time>
      </trkpt>
      <trkpt lat="31.10881274910808" lon="121.23774125816448">
        <ele>0.0</ele>
        <time>2025-07-05T12:27:37Z</time>
      </trkpt>
      <trkpt lat="31.108833737511237" lon="121.2377412563949">
        <ele>0.0</ele>
        <time>2025-07-05T12:27:38Z</time>
      </trkpt>
      <trkpt lat="31.108853726466844" lon="121.23774125470959">
        <ele>0.0</ele>
        <time>2025-07-05T12:27:39Z</time>
      </trkpt>
      <trkpt lat="31.108872715974872" lon="121.23774125310854">
        <ele>0.0</ele>
        <time>2025-07-05T12:27:40Z</time>
      </trkpt>
      <trkpt lat="31.10889670046548" lon="121.23773324936776">
        <ele>0.0</ele>
        <time>2025-07-05T12:27:41Z</time>
      </trkpt>
      <trkpt lat="31.108912689653945" lon="121.23772624651366">
        <ele>0.0</ele>
        <time>2025-07-05T12:27:42Z</time>
      </trkpt>
      <trkpt lat="31.10892368357997" lon="121.23772624558673">
        <ele>0.0</ele>
        <time>2025-07-05T12:27:43Z</time>
      </trkpt>
      <trkpt lat="31.108936676401715" lon="121.23772624449127">
        <ele>0.0</ele>
        <time>2025-07-05T12:27:44Z</time>
      </trkpt>
      <trkpt lat="31.108957662545116" lon="121.23771824099812">
        <ele>0.0</ele>
        <time>2025-07-05T12:27:45Z</time>
      </trkpt>
      <trkpt lat="31.10898264874132" lon="121.23771823889147">
        <ele>0.0</ele>
        <time>2025-07-05T12:27:46Z</time>
      </trkpt>
      <trkpt lat="31.109005636042124" lon="121.23771823695336">
        <ele>0.0</ele>
        <time>2025-07-05T12:27:47Z</time>
      </trkpt>
      <trkpt lat="31.109028621079652" lon="121.23771023328894">
        <ele>0.0</ele>
        <time>2025-07-05T12:27:48Z</time>
      </trkpt>
      <trkpt lat="31.109051608381026" lon="121.23771023135082">
        <ele>0.0</ele>
        <time>2025-07-05T12:27:49Z</time>
      </trkpt>
      <trkpt lat="31.109072594804292" lon="121.23770322806844">
        <ele>0.0</ele>
        <time>2025-07-05T12:27:50Z</time>
      </trkpt>
      <trkpt lat="31.10909557983815" lon="121.23769522439885">
        <ele>0.0</ele>
        <time>2025-07-05T12:27:51Z</time>
      </trkpt>
      <trkpt lat="31.10911856288127" lon="121.23768021920681">
        <ele>0.0</ele>
        <time>2025-07-05T12:27:52Z</time>
      </trkpt>
      <trkpt lat="31.109143546804674" lon="121.23767221536076">
        <ele>0.0</ele>
        <time>2025-07-05T12:27:53Z</time>
      </trkpt>
      <trkpt lat="31.10916952817931" lon="121.23765720990109">
        <ele>0.0</ele>
        <time>2025-07-05T12:27:54Z</time>
      </trkpt>
      <trkpt lat="31.109194512096494" lon="121.23764920604712">
        <ele>0.0</ele>
        <time>2025-07-05T12:27:55Z</time>
      </trkpt>
      <trkpt lat="31.109223494089214" lon="121.23764220207225">
        <ele>0.0</ele>
        <time>2025-07-05T12:27:56Z</time>
      </trkpt>
      <trkpt lat="31.109248478002623" lon="121.23763419821314">
        <ele>0.0</ele>
        <time>2025-07-05T12:27:57Z</time>
      </trkpt>
      <trkpt lat="31.109272460461323" lon="121.23761919289748">
        <ele>0.0</ele>
        <time>2025-07-05T12:27:58Z</time>
      </trkpt>
      <trkpt lat="31.109292447128375" lon="121.23761118945177">
        <ele>0.0</ele>
        <time>2025-07-05T12:27:59Z</time>
      </trkpt>
      <trkpt lat="31.10930943343848" lon="121.23759618471117">
        <ele>0.0</ele>
        <time>2025-07-05T12:28:00Z</time>
      </trkpt>
      <trkpt lat="31.109326421754908" lon="121.23758818151035">
        <ele>0.0</ele>
        <time>2025-07-05T12:28:01Z</time>
      </trkpt>
      <trkpt lat="31.109345406948485" lon="121.23757317658638">
        <ele>0.0</ele>
        <time>2025-07-05T12:28:02Z</time>
      </trkpt>
      <trkpt lat="31.109368391946703" lon="121.23756517287205">
        <ele>0.0</ele>
        <time>2025-07-05T12:28:03Z</time>
      </trkpt>
      <trkpt lat="31.10938737943933" lon="121.23755816971456">
        <ele>0.0</ele>
        <time>2025-07-05T12:28:04Z</time>
      </trkpt>
      <trkpt lat="31.109406366641235" lon="121.23755016633216">
        <ele>0.0</ele>
        <time>2025-07-05T12:28:05Z</time>
      </trkpt>
      <trkpt lat="31.109423352918068" lon="121.2375351615522">
        <ele>0.0</ele>
        <time>2025-07-05T12:28:06Z</time>
      </trkpt>
      <trkpt lat="31.109442340113443" lon="121.2375271581619">
        <ele>0.0</ele>
        <time>2025-07-05T12:28:07Z</time>
      </trkpt>
      <trkpt lat="31.10946132759685" lon="121.23752015499296">
        <ele>0.0</ele>
        <time>2025-07-05T12:28:08Z</time>
      </trkpt>
      <trkpt lat="31.109477316443748" lon="121.2375121518503">
        <ele>0.0</ele>
        <time>2025-07-05T12:28:09Z</time>
      </trkpt>
      <trkpt lat="31.109496303632778" lon="121.23750414845206">
        <ele>0.0</ele>
        <time>2025-07-05T12:28:10Z</time>
      </trkpt>
      <trkpt lat="31.10951528878084" lon="121.23748914347392">
        <ele>0.0</ele>
        <time>2025-07-05T12:28:11Z</time>
      </trkpt>
      <trkpt lat="31.109536275151328" lon="121.23748214012504">
        <ele>0.0</ele>
        <time>2025-07-05T12:28:12Z</time>
      </trkpt>
      <trkpt lat="31.10955725889153" lon="121.23746613473776">
        <ele>0.0</ele>
        <time>2025-07-05T12:28:13Z</time>
      </trkpt>
      <trkpt lat="31.109580241811553" lon="121.23745112939804">
        <ele>0.0</ele>
        <time>2025-07-05T12:28:14Z</time>
      </trkpt>
      <trkpt lat="31.109603226776088" lon="121.23744312564178">
        <ele>0.0</ele>
        <time>2025-07-05T12:28:15Z</time>
      </trkpt>
      <trkpt lat="31.109627209131943" lon="121.23742812020298">
        <ele>0.0</ele>
        <time>2025-07-05T12:28:16Z</time>
      </trkpt>
      <trkpt lat="31.109650192031467" lon="121.23741311483877">
        <ele>0.0</ele>
        <time>2025-07-05T12:28:17Z</time>
      </trkpt>
      <trkpt lat="31.109673176985474" lon="121.23740511106944">
        <ele>0.0</ele>
        <time>2025-07-05T12:28:18Z</time>
      </trkpt>
      <trkpt lat="31.10969016554276" lon="121.23739810803235">
        <ele>0.0</ele>
        <time>2025-07-05T12:28:19Z</time>
      </trkpt>
      <trkpt lat="31.109710152148022" lon="121.23739010451065">
        <ele>0.0</ele>
        <time>2025-07-05T12:28:20Z</time>
      </trkpt>
      <trkpt lat="31.10973213764762" lon="121.23738210081768">
        <ele>0.0</ele>
        <time>2025-07-05T12:28:21Z</time>
      </trkpt>
      <trkpt lat="31.109759120682103" lon="121.23737509693099">
        <ele>0.0</ele>
        <time>2025-07-05T12:28:22Z</time>
      </trkpt>
      <trkpt lat="31.10978610341921" lon="121.2373670928115">
        <ele>0.0</ele>
        <time>2025-07-05T12:28:23Z</time>
      </trkpt>
      <trkpt lat="31.109807089760746" lon="121.2373600894259">
        <ele>0.0</ele>
        <time>2025-07-05T12:28:24Z</time>
      </trkpt>
      <trkpt lat="31.109828075804188" lon="121.23735208580686">
        <ele>0.0</ele>
        <time>2025-07-05T12:28:25Z</time>
      </trkpt>
      <trkpt lat="31.10985505645677" lon="121.23733708005662">
        <ele>0.0</ele>
        <time>2025-07-05T12:28:26Z</time>
      </trkpt>
      <trkpt lat="31.10988303625199" lon="121.23732107397979">
        <ele>0.0</ele>
        <time>2025-07-05T12:28:27Z</time>
      </trkpt>
      <trkpt lat="31.109910016887945" lon="121.23730606820955">
        <ele>0.0</ele>
        <time>2025-07-05T12:28:28Z</time>
      </trkpt>
      <trkpt lat="31.109938998801823" lon="121.23729906413145">
        <ele>0.0</ele>
        <time>2025-07-05T12:28:29Z</time>
      </trkpt>
      <trkpt lat="31.10996697857553" lon="121.2372830580285">
        <ele>0.0</ele>
        <time>2025-07-05T12:28:30Z</time>
      </trkpt>
      <trkpt lat="31.10999795938107" lon="121.23727605377493">
        <ele>0.0</ele>
        <time>2025-07-05T12:28:31Z</time>
      </trkpt>
      <trkpt lat="31.11002394024505" lon="121.23726004782472">
        <ele>0.0</ele>
        <time>2025-07-05T12:28:32Z</time>
      </trkpt>
      <trkpt lat="31.11004492656122" lon="121.23725304440694">
        <ele>0.0</ele>
        <time>2025-07-05T12:28:33Z</time>
      </trkpt>
      <trkpt lat="31.110062914229974" lon="121.23724504100394">
        <ele>0.0</ele>
        <time>2025-07-05T12:28:34Z</time>
      </trkpt>
      <trkpt lat="31.110085899439547" lon="121.23723803741312">
        <ele>0.0</ele>
        <time>2025-07-05T12:28:35Z</time>
      </trkpt>
      <trkpt lat="31.110107884898042" lon="121.2372300336679">
        <ele>0.0</ele>
        <time>2025-07-05T12:28:36Z</time>
      </trkpt>
      <trkpt lat="31.11013087221277" lon="121.23723003172968">
        <ele>0.0</ele>
        <time>2025-07-05T12:28:37Z</time>
      </trkpt>
      <trkpt lat="31.11015585390423" lon="121.23721502606936">
        <ele>0.0</ele>
        <time>2025-07-05T12:28:38Z</time>
      </trkpt>
      <trkpt lat="31.110180837702163" lon="121.23720702206343">
        <ele>0.0</ele>
        <time>2025-07-05T12:28:39Z</time>
      </trkpt>
      <trkpt lat="31.1101998226903" lon="121.23719201689391">
        <ele>0.0</ele>
        <time>2025-07-05T12:28:40Z</time>
      </trkpt>
      <trkpt lat="31.110216808773174" lon="121.23717701188329">
        <ele>0.0</ele>
        <time>2025-07-05T12:28:41Z</time>
      </trkpt>
      <trkpt lat="31.110233794544122" lon="121.2371610066235">
        <ele>0.0</ele>
        <time>2025-07-05T12:28:42Z</time>
      </trkpt>
      <trkpt lat="31.11025178005843" lon="121.23714600150863">
        <ele>0.0</ele>
        <time>2025-07-05T12:28:43Z</time>
      </trkpt>
      <trkpt lat="31.110266769351494" lon="121.2371379983217">
        <ele>0.0</ele>
        <time>2025-07-05T12:28:44Z</time>
      </trkpt>
      <trkpt lat="31.11028175650754" lon="121.23712299344486">
        <ele>0.0</ele>
        <time>2025-07-05T12:28:45Z</time>
      </trkpt>
      <trkpt lat="31.110304741687848" lon="121.23711598981735">
        <ele>0.0</ele>
        <time>2025-07-05T12:28:46Z</time>
      </trkpt>
      <trkpt lat="31.110329725458133" lon="121.2371079857774">
        <ele>0.0</ele>
        <time>2025-07-05T12:28:47Z</time>
      </trkpt>
      <trkpt lat="31.110348710392195" lon="121.23709298054415">
        <ele>0.0</ele>
        <time>2025-07-05T12:28:48Z</time>
      </trkpt>
      <trkpt lat="31.11036969390843" lon="121.23707697488959">
        <ele>0.0</ele>
        <time>2025-07-05T12:28:49Z</time>
      </trkpt>
      <trkpt lat="31.11039467551718" lon="121.23706196913075">
        <ele>0.0</ele>
        <time>2025-07-05T12:28:50Z</time>
      </trkpt>
      <trkpt lat="31.11041965711784" lon="121.23704696336226">
        <ele>0.0</ele>
        <time>2025-07-05T12:28:51Z</time>
      </trkpt>
      <trkpt lat="31.11044563568985" lon="121.23702395553785">
        <ele>0.0</ele>
        <time>2025-07-05T12:28:52Z</time>
      </trkpt>
      <trkpt lat="31.11046861837255" lon="121.23700894991346">
        <ele>0.0</ele>
        <time>2025-07-05T12:28:53Z</time>
      </trkpt>
      <trkpt lat="31.11049160321567" lon="121.2370009460053">
        <ele>0.0</ele>
        <time>2025-07-05T12:28:54Z</time>
      </trkpt>
      <trkpt lat="31.11051458588603" lon="121.2369859403661">
        <ele>0.0</ele>
        <time>2025-07-05T12:28:55Z</time>
      </trkpt>
      <trkpt lat="31.110529572958736" lon="121.23697093539141">
        <ele>0.0</ele>
        <time>2025-07-05T12:28:56Z</time>
      </trkpt>
      <trkpt lat="31.110547558057867" lon="121.2369549299059">
        <ele>0.0</ele>
        <time>2025-07-05T12:28:57Z</time>
      </trkpt>
      <trkpt lat="31.110564546505213" lon="121.23694792673356">
        <ele>0.0</ele>
        <time>2025-07-05T12:28:58Z</time>
      </trkpt>
      <trkpt lat="31.11057753684409" lon="121.2369399236472">
        <ele>0.0</ele>
        <time>2025-07-05T12:28:59Z</time>
      </trkpt>
      <trkpt lat="31.110594522788926" lon="121.23692491847437">
        <ele>0.0</ele>
        <time>2025-07-05T12:29:00Z</time>
      </trkpt>
      <trkpt lat="31.110613509813525" lon="121.23691691487448">
        <ele>0.0</ele>
        <time>2025-07-05T12:29:01Z</time>
      </trkpt>
      <trkpt lat="31.110632497149012" lon="121.23690991152218">
        <ele>0.0</ele>
        <time>2025-07-05T12:29:02Z</time>
      </trkpt>
      <trkpt lat="31.110652481110133" lon="121.23689390582626">
        <ele>0.0</ele>
        <time>2025-07-05T12:29:03Z</time>
      </trkpt>
      <trkpt lat="31.11067146844" lon="121.23688690246706">
        <ele>0.0</ele>
        <time>2025-07-05T12:29:04Z</time>
      </trkpt>
      <trkpt lat="31.110690455454012" lon="121.23687889885412">
        <ele>0.0</ele>
        <time>2025-07-05T12:29:05Z</time>
      </trkpt>
      <trkpt lat="31.11070944026323" lon="121.23686389347351">
        <ele>0.0</ele>
        <time>2025-07-05T12:29:06Z</time>
      </trkpt>
      <trkpt lat="31.11073242506594" lon="121.2368558895156">
        <ele>0.0</ele>
        <time>2025-07-05T12:29:07Z</time>
      </trkpt>
      <trkpt lat="31.11075540765792" lon="121.2368408837831">
        <ele>0.0</ele>
        <time>2025-07-05T12:29:08Z</time>
      </trkpt>
      <trkpt lat="31.110774394659035" lon="121.23683288015438">
        <ele>0.0</ele>
        <time>2025-07-05T12:29:09Z</time>
      </trkpt>
      <trkpt lat="31.110795378340967" lon="121.23681787457565">
        <ele>0.0</ele>
        <time>2025-07-05T12:29:10Z</time>
      </trkpt>
      <trkpt lat="31.110818360912408" lon="121.2368028688187">
        <ele>0.0</ele>
        <time>2025-07-05T12:29:11Z</time>
      </trkpt>
      <trkpt lat="31.110841343475723" lon="121.2367878630521">
        <ele>0.0</ele>
        <time>2025-07-05T12:29:12Z</time>
      </trkpt>
      <trkpt lat="31.1108623293596" lon="121.23677985923666">
        <ele>0.0</ele>
        <time>2025-07-05T12:29:13Z</time>
      </trkpt>
      <trkpt lat="31.110881314115037" lon="121.23676485379238">
        <ele>0.0</ele>
        <time>2025-07-05T12:29:14Z</time>
      </trkpt>
      <trkpt lat="31.110903299441382" lon="121.23675684988477">
        <ele>0.0</ele>
        <time>2025-07-05T12:29:15Z</time>
      </trkpt>
      <trkpt lat="31.110928280877758" lon="121.23674184392006">
        <ele>0.0</ele>
        <time>2025-07-05T12:29:16Z</time>
      </trkpt>
      <trkpt lat="31.110951265646698" lon="121.23673383992029">
        <ele>0.0</ele>
        <time>2025-07-05T12:29:17Z</time>
      </trkpt>
      <trkpt lat="31.110976247070823" lon="121.23671883394078">
        <ele>0.0</ele>
        <time>2025-07-05T12:29:18Z</time>
      </trkpt>
      <trkpt lat="31.110997232935595" lon="121.23671083010167">
        <ele>0.0</ele>
        <time>2025-07-05T12:29:19Z</time>
      </trkpt>
      <trkpt lat="31.111016217653727" lon="121.23669582461301">
        <ele>0.0</ele>
        <time>2025-07-05T12:29:20Z</time>
      </trkpt>
      <trkpt lat="31.111041201629288" lon="121.23668882068873">
        <ele>0.0</ele>
        <time>2025-07-05T12:29:21Z</time>
      </trkpt>
      <trkpt lat="31.11106418380953" lon="121.23667281458839">
        <ele>0.0</ele>
        <time>2025-07-05T12:29:22Z</time>
      </trkpt>
      <trkpt lat="31.111091166677703" lon="121.23666581048865">
        <ele>0.0</ele>
        <time>2025-07-05T12:29:23Z</time>
      </trkpt>
      <trkpt lat="31.111117147514605" lon="121.23665080438114">
        <ele>0.0</ele>
        <time>2025-07-05T12:29:24Z</time>
      </trkpt>
      <trkpt lat="31.111142128571103" lon="121.23663479808619">
        <ele>0.0</ele>
        <time>2025-07-05T12:29:25Z</time>
      </trkpt>
      <trkpt lat="31.11116711253241" lon="121.23662779414359">
        <ele>0.0</ele>
        <time>2025-07-05T12:29:26Z</time>
      </trkpt>
      <trkpt lat="31.111186099474057" lon="121.23661979044181">
        <ele>0.0</ele>
        <time>2025-07-05T12:29:27Z</time>
      </trkpt>
      <trkpt lat="31.111213082005964" lon="121.23661178606311">
        <ele>0.0</ele>
        <time>2025-07-05T12:29:28Z</time>
      </trkpt>
      <trkpt lat="31.111241061712455" lon="121.23659677975233">
        <ele>0.0</ele>
        <time>2025-07-05T12:29:29Z</time>
      </trkpt>
      <trkpt lat="31.111268044563342" lon="121.23658977562978">
        <ele>0.0</ele>
        <time>2025-07-05T12:29:30Z</time>
      </trkpt>
      <trkpt lat="31.11129502968895" lon="121.23658977335437">
        <ele>0.0</ele>
        <time>2025-07-05T12:29:31Z</time>
      </trkpt>
      <trkpt lat="31.11132001331525" lon="121.23658176913392">
        <ele>0.0</ele>
        <time>2025-07-05T12:29:32Z</time>
      </trkpt>
      <trkpt lat="31.111345996388625" lon="121.23657376482643">
        <ele>0.0</ele>
        <time>2025-07-05T12:29:33Z</time>
      </trkpt>
      <trkpt lat="31.111370982617085" lon="121.23657376271956">
        <ele>0.0</ele>
        <time>2025-07-05T12:29:34Z</time>
      </trkpt>
      <trkpt lat="31.111393967667233" lon="121.2365667589272">
        <ele>0.0</ele>
        <time>2025-07-05T12:29:35Z</time>
      </trkpt>
      <trkpt lat="31.111416954998003" lon="121.23656675698888">
        <ele>0.0</ele>
        <time>2025-07-05T12:29:36Z</time>
      </trkpt>
      <trkpt lat="31.11144194122743" lon="121.23656675488199">
        <ele>0.0</ele>
        <time>2025-07-05T12:29:37Z</time>
      </trkpt>
      <trkpt lat="31.11146692973753" lon="121.23657375462913">
        <ele>0.0</ele>
        <time>2025-07-05T12:29:38Z</time>
      </trkpt>
      <trkpt lat="31.111488917620008" lon="121.23657375277507">
        <ele>0.0</ele>
        <time>2025-07-05T12:29:39Z</time>
      </trkpt>
      <trkpt lat="31.111509906053527" lon="121.23657375100528">
        <ele>0.0</ele>
        <time>2025-07-05T12:29:40Z</time>
      </trkpt>
      <trkpt lat="31.111534892284215" lon="121.2365737488984">
        <ele>0.0</ele>
        <time>2025-07-05T12:29:41Z</time>
      </trkpt>
      <trkpt lat="31.1115618800176" lon="121.23658174873928">
        <ele>0.0</ele>
        <time>2025-07-05T12:29:42Z</time>
      </trkpt>
      <trkpt lat="31.111582871053418" lon="121.23658974908307">
        <ele>0.0</ele>
        <time>2025-07-05T12:29:43Z</time>
      </trkpt>
      <trkpt lat="31.11160386176233" lon="121.23659674916041">
        <ele>0.0</ele>
        <time>2025-07-05T12:29:44Z</time>
      </trkpt>
      <trkpt lat="31.11161885350147" lon="121.23659674789627">
        <ele>0.0</ele>
        <time>2025-07-05T12:29:45Z</time>
      </trkpt>
      <trkpt lat="31.11163784563487" lon="121.23660474840348">
        <ele>0.0</ele>
        <time>2025-07-05T12:29:46Z</time>
      </trkpt>
      <trkpt lat="31.11166683193492" lon="121.23661174780212">
        <ele>0.0</ele>
        <time>2025-07-05T12:29:47Z</time>
      </trkpt>
      <trkpt lat="31.11169581855752" lon="121.23661974746142">
        <ele>0.0</ele>
        <time>2025-07-05T12:29:48Z</time>
      </trkpt>
      <trkpt lat="31.11172180424008" lon="121.23661974527023">
        <ele>0.0</ele>
        <time>2025-07-05T12:29:49Z</time>
      </trkpt>
      <trkpt lat="31.111756787557276" lon="121.23662774442114">
        <ele>0.0</ele>
        <time>2025-07-05T12:29:50Z</time>
      </trkpt>
      <trkpt lat="31.111780776606338" lon="121.23663474423425">
        <ele>0.0</ele>
        <time>2025-07-05T12:29:51Z</time>
      </trkpt>
      <trkpt lat="31.111803763941953" lon="121.23663474229589">
        <ele>0.0</ele>
        <time>2025-07-05T12:29:52Z</time>
      </trkpt>
      <trkpt lat="31.1118227560659" lon="121.23664274279008">
        <ele>0.0</ele>
        <time>2025-07-05T12:29:53Z</time>
      </trkpt>
      <trkpt lat="31.111840748738253" lon="121.23665074336579">
        <ele>0.0</ele>
        <time>2025-07-05T12:29:54Z</time>
      </trkpt>
      <trkpt lat="31.111859743114067" lon="121.23666574568092">
        <ele>0.0</ele>
        <time>2025-07-05T12:29:55Z</time>
      </trkpt>
      <trkpt lat="31.1118827327051" lon="121.2366727455669">
        <ele>0.0</ele>
        <time>2025-07-05T12:29:56Z</time>
      </trkpt>
      <trkpt lat="31.111908723536413" lon="121.23668874753778">
        <ele>0.0</ele>
        <time>2025-07-05T12:29:57Z</time>
      </trkpt>
      <trkpt lat="31.111933714588314" lon="121.23670374932283">
        <ele>0.0</ele>
        <time>2025-07-05T12:29:58Z</time>
      </trkpt>
      <trkpt lat="31.111958703389753" lon="121.23671174928771">
        <ele>0.0</ele>
        <time>2025-07-05T12:29:59Z</time>
      </trkpt>
      <trkpt lat="31.111979696631526" lon="121.23672675139507">
        <ele>0.0</ele>
        <time>2025-07-05T12:30:00Z</time>
      </trkpt>
      <trkpt lat="31.112000689865123" lon="121.23674175349281">
        <ele>0.0</ele>
        <time>2025-07-05T12:30:01Z</time>
      </trkpt>
      <trkpt lat="31.112019684191548" lon="121.23675675574947">
        <ele>0.0</ele>
        <time>2025-07-05T12:30:02Z</time>
      </trkpt>
      <trkpt lat="31.11203868105439" lon="121.23677976004494">
        <ele>0.0</ele>
        <time>2025-07-05T12:30:03Z</time>
      </trkpt>
      <trkpt lat="31.11205767789764" lon="121.23680276431773">
        <ele>0.0</ele>
        <time>2025-07-05T12:30:04Z</time>
      </trkpt>
      <trkpt lat="31.112070675493268" lon="121.23681776704083">
        <ele>0.0</ele>
        <time>2025-07-05T12:30:05Z</time>
      </trkpt>
      <trkpt lat="31.11208267394696" lon="121.23683377009213">
        <ele>0.0</ele>
        <time>2025-07-05T12:30:06Z</time>
      </trkpt>
      <trkpt lat="31.11209567373189" lon="121.23685577456475">
        <ele>0.0</ele>
        <time>2025-07-05T12:30:07Z</time>
      </trkpt>
      <trkpt lat="31.11210167766624" lon="121.23687877985822">
        <ele>0.0</ele>
        <time>2025-07-05T12:30:08Z</time>
      </trkpt>
      <trkpt lat="31.11211067992945" lon="121.23690178487618">
        <ele>0.0</ele>
        <time>2025-07-05T12:30:09Z</time>
      </trkpt>
      <trkpt lat="31.112120681622464" lon="121.23692478978717">
        <ele>0.0</ele>
        <time>2025-07-05T12:30:10Z</time>
      </trkpt>
      <trkpt lat="31.112126683003158" lon="121.23693979302173">
        <ele>0.0</ele>
        <time>2025-07-05T12:30:11Z</time>
      </trkpt>
      <trkpt lat="31.112131685237255" lon="121.2369557965793">
        <ele>0.0</ele>
        <time>2025-07-05T12:30:12Z</time>
      </trkpt>
      <trkpt lat="31.11213768908565" lon="121.23697880177414">
        <ele>0.0</ele>
        <time>2025-07-05T12:30:13Z</time>
      </trkpt>
      <trkpt lat="31.11214369043609" lon="121.23699380497398">
        <ele>0.0</ele>
        <time>2025-07-05T12:30:14Z</time>
      </trkpt>
      <trkpt lat="31.112149696414324" lon="121.23702381185035">
        <ele>0.0</ele>
        <time>2025-07-05T12:30:15Z</time>
      </trkpt>
      <trkpt lat="31.112158698552957" lon="121.23704681672528">
        <ele>0.0</ele>
        <time>2025-07-05T12:30:16Z</time>
      </trkpt>
      <trkpt lat="31.11217069902057" lon="121.23706982132468">
        <ele>0.0</ele>
        <time>2025-07-05T12:30:17Z</time>
      </trkpt>
      <trkpt lat="31.112185697817218" lon="121.23709282564856">
        <ele>0.0</ele>
        <time>2025-07-05T12:30:18Z</time>
      </trkpt>
      <trkpt lat="31.112200694150147" lon="121.23710782801655">
        <ele>0.0</ele>
        <time>2025-07-05T12:30:19Z</time>
      </trkpt>
      <trkpt lat="31.11221569047477" lon="121.23712283037489">
        <ele>0.0</ele>
        <time>2025-07-05T12:30:20Z</time>
      </trkpt>
      <trkpt lat="31.112229685208842" lon="121.23713083112304">
        <ele>0.0</ele>
        <time>2025-07-05T12:30:21Z</time>
      </trkpt>
      <trkpt lat="31.112240676715068" lon="121.23712282826796">
        <ele>0.0</ele>
        <time>2025-07-05T12:30:23Z</time>
      </trkpt>
      <trkpt lat="31.112231679531952" lon="121.23711582733716">
        <ele>0.0</ele>
        <time>2025-07-05T12:30:24Z</time>
      </trkpt>
      <trkpt lat="31.112211688095744" lon="121.2371078270895">
        <ele>0.0</ele>
        <time>2025-07-05T12:30:25Z</time>
      </trkpt>
      <trkpt lat="31.112191694514763" lon="121.2370928251429">
        <ele>0.0</ele>
        <time>2025-07-05T12:30:26Z</time>
      </trkpt>
      <trkpt lat="31.1121756987239" lon="121.23707782284954">
        <ele>0.0</ele>
        <time>2025-07-05T12:30:27Z</time>
      </trkpt>
      <trkpt lat="31.112168695511034" lon="121.23705481783665">
        <ele>0.0</ele>
        <time>2025-07-05T12:30:28Z</time>
      </trkpt>
      <trkpt lat="31.112164690627118" lon="121.23703181254824">
        <ele>0.0</ele>
        <time>2025-07-05T12:30:29Z</time>
      </trkpt>
      <trkpt lat="31.112158686824262" lon="121.23700880740567">
        <ele>0.0</ele>
        <time>2025-07-05T12:30:30Z</time>
      </trkpt>
      <trkpt lat="31.11215068658306" lon="121.23699380438404">
        <ele>0.0</ele>
        <time>2025-07-05T12:30:31Z</time>
      </trkpt>
      <trkpt lat="31.11214368329797" lon="121.23697079928827">
        <ele>0.0</ele>
        <time>2025-07-05T12:30:32Z</time>
      </trkpt>
      <trkpt lat="31.11213368164442" lon="121.23694779442265">
        <ele>0.0</ele>
        <time>2025-07-05T12:30:33Z</time>
      </trkpt>
      <trkpt lat="31.112124681919525" lon="121.23693279144605">
        <ele>0.0</ele>
        <time>2025-07-05T12:30:34Z</time>
      </trkpt>
      <trkpt lat="31.112114680233372" lon="121.23690978654295">
        <ele>0.0</ele>
        <time>2025-07-05T12:30:35Z</time>
      </trkpt>
      <trkpt lat="31.112105680487243" lon="121.2368947835419">
        <ele>0.0</ele>
        <time>2025-07-05T12:30:36Z</time>
      </trkpt>
      <trkpt lat="31.112091680970334" lon="121.23687177893844">
        <ele>0.0</ele>
        <time>2025-07-05T12:30:37Z</time>
      </trkpt>
      <trkpt lat="31.11207868088327" lon="121.23684877422801">
        <ele>0.0</ele>
        <time>2025-07-05T12:30:38Z</time>
      </trkpt>
      <trkpt lat="31.11206368440594" lon="121.2368337716934">
        <ele>0.0</ele>
        <time>2025-07-05T12:30:39Z</time>
      </trkpt>
      <trkpt lat="31.11204668648832" lon="121.2368107672826">
        <ele>0.0</ele>
        <time>2025-07-05T12:30:40Z</time>
      </trkpt>
      <trkpt lat="31.11203069022307" lon="121.23679476455263">
        <ele>0.0</ele>
        <time>2025-07-05T12:30:41Z</time>
      </trkpt>
      <trkpt lat="31.112015691489407" lon="121.23677276019104">
        <ele>0.0</ele>
        <time>2025-07-05T12:30:42Z</time>
      </trkpt>
      <trkpt lat="31.11200269131771" lon="121.23674975538302">
        <ele>0.0</ele>
        <time>2025-07-05T12:30:43Z</time>
      </trkpt>
      <trkpt lat="31.111988691676835" lon="121.23672675063658">
        <ele>0.0</ele>
        <time>2025-07-05T12:30:44Z</time>
      </trkpt>
      <trkpt lat="31.11196770067735" lon="121.23671875033976">
        <ele>0.0</ele>
        <time>2025-07-05T12:30:45Z</time>
      </trkpt>
      <trkpt lat="31.111946707431233" lon="121.23670374822724">
        <ele>0.0</ele>
        <time>2025-07-05T12:30:46Z</time>
      </trkpt>
      <trkpt lat="31.111925714176937" lon="121.23668874610509">
        <ele>0.0</ele>
        <time>2025-07-05T12:30:47Z</time>
      </trkpt>
      <trkpt lat="31.11190472059256" lon="121.23667274371283">
        <ele>0.0</ele>
        <time>2025-07-05T12:30:48Z</time>
      </trkpt>
      <trkpt lat="31.111883729900093" lon="121.23666574365829">
        <ele>0.0</ele>
        <time>2025-07-05T12:30:49Z</time>
      </trkpt>
      <trkpt lat="31.111862736625206" lon="121.2366507415117">
        <ele>0.0</ele>
        <time>2025-07-05T12:30:50Z</time>
      </trkpt>
      <trkpt lat="31.11184074615503" lon="121.2366427412731">
        <ele>0.0</ele>
        <time>2025-07-05T12:30:51Z</time>
      </trkpt>
      <trkpt lat="31.111820754581505" lon="121.2366347408632">
        <ele>0.0</ele>
        <time>2025-07-05T12:30:52Z</time>
      </trkpt>
      <trkpt lat="31.111798764430677" lon="121.23662774088153">
        <ele>0.0</ele>
        <time>2025-07-05T12:30:53Z</time>
      </trkpt>
      <trkpt lat="31.111773775606295" lon="121.23661974088787">
        <ele>0.0</ele>
        <time>2025-07-05T12:30:54Z</time>
      </trkpt>
      <trkpt lat="31.111754783475973" lon="121.23661174038583">
        <ele>0.0</ele>
        <time>2025-07-05T12:30:55Z</time>
      </trkpt>
      <trkpt lat="31.111735789070966" lon="121.23659673803597">
        <ele>0.0</ele>
        <time>2025-07-05T12:30:56Z</time>
      </trkpt>
      <trkpt lat="31.11171279946188" lon="121.2365897381272">
        <ele>0.0</ele>
        <time>2025-07-05T12:30:57Z</time>
      </trkpt>
      <trkpt lat="31.11169180842458" lon="121.23658173778341">
        <ele>0.0</ele>
        <time>2025-07-05T12:30:58Z</time>
      </trkpt>
      <trkpt lat="31.111670819988984" lon="121.23658173955322">
        <ele>0.0</ele>
        <time>2025-07-05T12:30:59Z</time>
      </trkpt>
      <trkpt lat="31.111651827848366" lon="121.23657373903812">
        <ele>0.0</ele>
        <time>2025-07-05T12:31:00Z</time>
      </trkpt>
      <trkpt lat="31.111630839413223" lon="121.23657374080791">
        <ele>0.0</ele>
        <time>2025-07-05T12:31:01Z</time>
      </trkpt>
      <trkpt lat="31.11161484822471" lon="121.23657374215634">
        <ele>0.0</ele>
        <time>2025-07-05T12:31:02Z</time>
      </trkpt>
      <trkpt lat="31.11160185538414" lon="121.23657374325192">
        <ele>0.0</ele>
        <time>2025-07-05T12:31:03Z</time>
      </trkpt>
      <trkpt lat="31.111582865848092" lon="121.23657374485316">
        <ele>0.0</ele>
        <time>2025-07-05T12:31:05Z</time>
      </trkpt>
      <trkpt lat="31.11157187190626" lon="121.23657374578019">
        <ele>0.0</ele>
        <time>2025-07-05T12:31:06Z</time>
      </trkpt>
      <trkpt lat="31.11155588071826" lon="121.2365737471286">
        <ele>0.0</ele>
        <time>2025-07-05T12:31:07Z</time>
      </trkpt>
      <trkpt lat="31.111532895989605" lon="121.23658175118328">
        <ele>0.0</ele>
        <time>2025-07-05T12:31:08Z</time>
      </trkpt>
      <trkpt lat="31.111509906053527" lon="121.23657375100528">
        <ele>0.0</ele>
        <time>2025-07-05T12:31:09Z</time>
      </trkpt>
      <trkpt lat="31.111483920373967" lon="121.23657375319645">
        <ele>0.0</ele>
        <time>2025-07-05T12:31:10Z</time>
      </trkpt>
      <trkpt lat="31.111458931863634" lon="121.23656675344931">
        <ele>0.0</ele>
        <time>2025-07-05T12:31:11Z</time>
      </trkpt>
      <trkpt lat="31.11143594192399" lon="121.23655875326618">
        <ele>0.0</ele>
        <time>2025-07-05T12:31:12Z</time>
      </trkpt>
      <trkpt lat="31.111412951982246" lon="121.23655075308031">
        <ele>0.0</ele>
        <time>2025-07-05T12:31:13Z</time>
      </trkpt>
      <trkpt lat="31.111391963549835" lon="121.23655075485009">
        <ele>0.0</ele>
        <time>2025-07-05T12:31:14Z</time>
      </trkpt>
      <trkpt lat="31.111366977321087" lon="121.23655075695697">
        <ele>0.0</ele>
        <time>2025-07-05T12:31:15Z</time>
      </trkpt>
      <trkpt lat="31.11134399260168" lon="121.23655876101951">
        <ele>0.0</ele>
        <time>2025-07-05T12:31:16Z</time>
      </trkpt>
      <trkpt lat="31.111325003068295" lon="121.23655876262073">
        <ele>0.0</ele>
        <time>2025-07-05T12:31:17Z</time>
      </trkpt>
      <trkpt lat="31.111308015041676" lon="121.23656676617486">
        <ele>0.0</ele>
        <time>2025-07-05T12:31:18Z</time>
      </trkpt>
      <trkpt lat="31.111289027789006" lon="121.23657376963011">
        <ele>0.0</ele>
        <time>2025-07-05T12:31:19Z</time>
      </trkpt>
      <trkpt lat="31.111270040860052" lon="121.23658177334767">
        <ele>0.0</ele>
        <time>2025-07-05T12:31:20Z</time>
      </trkpt>
      <trkpt lat="31.111253050225596" lon="121.23658177478033">
        <ele>0.0</ele>
        <time>2025-07-05T12:31:21Z</time>
      </trkpt>
      <trkpt lat="31.111236062192763" lon="121.23658977832658">
        <ele>0.0</ele>
        <time>2025-07-05T12:31:22Z</time>
      </trkpt>
      <trkpt lat="31.111215076036697" lon="121.23659678194348">
        <ele>0.0</ele>
        <time>2025-07-05T12:31:23Z</time>
      </trkpt>
      <trkpt lat="31.11118809350925" lon="121.23660478632733">
        <ele>0.0</ele>
        <time>2025-07-05T12:31:24Z</time>
      </trkpt>
      <trkpt lat="31.111163109553672" lon="121.23661179027684">
        <ele>0.0</ele>
        <time>2025-07-05T12:31:25Z</time>
      </trkpt>
      <trkpt lat="31.111138125920537" lon="121.23661979448698">
        <ele>0.0</ele>
        <time>2025-07-05T12:31:26Z</time>
      </trkpt>
      <trkpt lat="31.11111314454973" lon="121.23663480053014">
        <ele>0.0</ele>
        <time>2025-07-05T12:31:27Z</time>
      </trkpt>
      <trkpt lat="31.111094157604352" lon="121.23664280422678">
        <ele>0.0</ele>
        <time>2025-07-05T12:31:28Z</time>
      </trkpt>
      <trkpt lat="31.111073171436036" lon="121.23664980782777">
        <ele>0.0</ele>
        <time>2025-07-05T12:31:29Z</time>
      </trkpt>
      <trkpt lat="31.111049189820474" lon="121.23666581402816">
        <ele>0.0</ele>
        <time>2025-07-05T12:31:30Z</time>
      </trkpt>
      <trkpt lat="31.111026207322993" lon="121.23668081987317">
        <ele>0.0</ele>
        <time>2025-07-05T12:31:31Z</time>
      </trkpt>
      <trkpt lat="31.11100122367108" lon="121.23668882405968">
        <ele>0.0</ele>
        <time>2025-07-05T12:31:32Z</time>
      </trkpt>
      <trkpt lat="31.110980240059167" lon="121.23670382972136">
        <ele>0.0</ele>
        <time>2025-07-05T12:31:33Z</time>
      </trkpt>
      <trkpt lat="31.11095925387619" lon="121.23671083330407">
        <ele>0.0</ele>
        <time>2025-07-05T12:31:34Z</time>
      </trkpt>
      <trkpt lat="31.110942265807495" lon="121.23671883680608">
        <ele>0.0</ele>
        <time>2025-07-05T12:31:35Z</time>
      </trkpt>
      <trkpt lat="31.110924280526135" lon="121.23673384219568">
        <ele>0.0</ele>
        <time>2025-07-05T12:31:36Z</time>
      </trkpt>
      <trkpt lat="31.11090529610671" lon="121.23674984791708">
        <ele>0.0</ele>
        <time>2025-07-05T12:31:37Z</time>
      </trkpt>
      <trkpt lat="31.110888307708077" lon="121.23675685114888">
        <ele>0.0</ele>
        <time>2025-07-05T12:31:38Z</time>
      </trkpt>
      <trkpt lat="31.110867321830785" lon="121.23676485497221">
        <ele>0.0</ele>
        <time>2025-07-05T12:31:39Z</time>
      </trkpt>
      <trkpt lat="31.110841338388834" lon="121.23677185895795">
        <ele>0.0</ele>
        <time>2025-07-05T12:31:40Z</time>
      </trkpt>
      <trkpt lat="31.110820349962946" lon="121.23677186072769">
        <ele>0.0</ele>
        <time>2025-07-05T12:31:41Z</time>
      </trkpt>
      <trkpt lat="31.11079936662419" lon="121.23678786659157">
        <ele>0.0</ele>
        <time>2025-07-05T12:31:42Z</time>
      </trkpt>
      <trkpt lat="31.110779382407863" lon="121.23680287210534">
        <ele>0.0</ele>
        <time>2025-07-05T12:31:43Z</time>
      </trkpt>
      <trkpt lat="31.110762396529786" lon="121.23681787735664">
        <ele>0.0</ele>
        <time>2025-07-05T12:31:44Z</time>
      </trkpt>
      <trkpt lat="31.11074341427223" lon="121.23684088479438">
        <ele>0.0</ele>
        <time>2025-07-05T12:31:45Z</time>
      </trkpt>
      <trkpt lat="31.11072442947557" lon="121.23685589018977">
        <ele>0.0</ele>
        <time>2025-07-05T12:31:46Z</time>
      </trkpt>
      <trkpt lat="31.110703446087633" lon="121.23687189599605">
        <ele>0.0</ele>
        <time>2025-07-05T12:31:47Z</time>
      </trkpt>
      <trkpt lat="31.11068246237645" lon="121.23688690154006">
        <ele>0.0</ele>
        <time>2025-07-05T12:31:48Z</time>
      </trkpt>
      <trkpt lat="31.110661478657086" lon="121.23690190707443">
        <ele>0.0</ele>
        <time>2025-07-05T12:31:49Z</time>
      </trkpt>
      <trkpt lat="31.11064249163648" lon="121.23690991067946">
        <ele>0.0</ele>
        <time>2025-07-05T12:31:50Z</time>
      </trkpt>
      <trkpt lat="31.11062150790466" lon="121.23692491619903">
        <ele>0.0</ele>
        <time>2025-07-05T12:31:51Z</time>
      </trkpt>
      <trkpt lat="31.11060252306212" lon="121.23693992154038">
        <ele>0.0</ele>
        <time>2025-07-05T12:31:52Z</time>
      </trkpt>
      <trkpt lat="31.1105895302287" lon="121.23693992263593">
        <ele>0.0</ele>
        <time>2025-07-05T12:31:53Z</time>
      </trkpt>
      <trkpt lat="31.11057753933845" lon="121.23694792563803">
        <ele>0.0</ele>
        <time>2025-07-05T12:31:54Z</time>
      </trkpt>
      <trkpt lat="31.11055655309617" lon="121.23695492914746">
        <ele>0.0</ele>
        <time>2025-07-05T12:31:55Z</time>
      </trkpt>
      <trkpt lat="31.11053756606078" lon="121.2369629327343">
        <ele>0.0</ele>
        <time>2025-07-05T12:31:56Z</time>
      </trkpt>
      <trkpt lat="31.110522576817928" lon="121.23697093598132">
        <ele>0.0</ele>
        <time>2025-07-05T12:31:57Z</time>
      </trkpt>
      <trkpt lat="31.110499594155886" lon="121.23698594163017">
        <ele>0.0</ele>
        <time>2025-07-05T12:31:58Z</time>
      </trkpt>
      <trkpt lat="31.110474612588394" lon="121.23700094743792">
        <ele>0.0</ele>
        <time>2025-07-05T12:31:59Z</time>
      </trkpt>
      <trkpt lat="31.110449633484425" lon="121.23702395520075">
        <ele>0.0</ele>
        <time>2025-07-05T12:32:00Z</time>
      </trkpt>
      <trkpt lat="31.11041965465312" lon="121.23703896140542">
        <ele>0.0</ele>
        <time>2025-07-05T12:32:01Z</time>
      </trkpt>
      <trkpt lat="31.11039067310783" lon="121.23704696580613">
        <ele>0.0</ele>
        <time>2025-07-05T12:32:02Z</time>
      </trkpt>
      <trkpt lat="31.110365689354992" lon="121.23705496986703">
        <ele>0.0</ele>
        <time>2025-07-05T12:32:03Z</time>
      </trkpt>
      <trkpt lat="31.110344703087083" lon="121.23706197334431">
        <ele>0.0</ele>
        <time>2025-07-05T12:32:04Z</time>
      </trkpt>
      <trkpt lat="31.110325718170476" lon="121.23707697859751">
        <ele>0.0</ele>
        <time>2025-07-05T12:32:05Z</time>
      </trkpt>
      <trkpt lat="31.11030673355187" lon="121.23709298408353">
        <ele>0.0</ele>
        <time>2025-07-05T12:32:06Z</time>
      </trkpt>
      <trkpt lat="31.110293742863142" lon="121.23709998687525">
        <ele>0.0</ele>
        <time>2025-07-05T12:32:07Z</time>
      </trkpt>
      <trkpt lat="31.110277756576746" lon="121.23711599209267">
        <ele>0.0</ele>
        <time>2025-07-05T12:32:08Z</time>
      </trkpt>
      <trkpt lat="31.110254771396768" lon="121.23712299572017">
        <ele>0.0</ele>
        <time>2025-07-05T12:32:09Z</time>
      </trkpt>
      <trkpt lat="31.11023078920418" lon="121.23713800135545">
        <ele>0.0</ele>
        <time>2025-07-05T12:32:10Z</time>
      </trkpt>
      <trkpt lat="31.11020580542625" lon="121.23714600538509">
        <ele>0.0</ele>
        <time>2025-07-05T12:32:11Z</time>
      </trkpt>
      <trkpt lat="31.110184821566882" lon="121.23716101075276">
        <ele>0.0</ele>
        <time>2025-07-05T12:32:12Z</time>
      </trkpt>
      <trkpt lat="31.110165836899398" lon="121.23717701618109">
        <ele>0.0</ele>
        <time>2025-07-05T12:32:13Z</time>
      </trkpt>
      <trkpt lat="31.110148850816994" lon="121.23719202119172">
        <ele>0.0</ele>
        <time>2025-07-05T12:32:14Z</time>
      </trkpt>
      <trkpt lat="31.11012386913855" lon="121.23720702686684">
        <ele>0.0</ele>
        <time>2025-07-05T12:32:15Z</time>
      </trkpt>
      <trkpt lat="31.110106880929052" lon="121.23721503019861">
        <ele>0.0</ele>
        <time>2025-07-05T12:32:16Z</time>
      </trkpt>
      <trkpt lat="31.110092890761297" lon="121.23722203303791">
        <ele>0.0</ele>
        <time>2025-07-05T12:32:17Z</time>
      </trkpt>
      <trkpt lat="31.110083898135148" lon="121.23723003569039">
        <ele>0.0</ele>
        <time>2025-07-05T12:32:18Z</time>
      </trkpt>
      <trkpt lat="31.110064911022246" lon="121.23723803918278">
        <ele>0.0</ele>
        <time>2025-07-05T12:32:19Z</time>
      </trkpt>
      <trkpt lat="31.11004392711279" lon="121.23725304449121">
        <ele>0.0</ele>
        <time>2025-07-05T12:32:20Z</time>
      </trkpt>
      <trkpt lat="31.110027938038716" lon="121.23726004748764">
        <ele>0.0</ele>
        <time>2025-07-05T12:32:21Z</time>
      </trkpt>
      <trkpt lat="31.110014945209336" lon="121.23726004858314">
        <ele>0.0</ele>
        <time>2025-07-05T12:32:22Z</time>
      </trkpt>
      <trkpt lat="31.109991960294558" lon="121.23726805240234">
        <ele>0.0</ele>
        <time>2025-07-05T12:32:23Z</time>
      </trkpt>
      <trkpt lat="31.109970971878326" lon="121.237268054172">
        <ele>0.0</ele>
        <time>2025-07-05T12:32:24Z</time>
      </trkpt>
      <trkpt lat="31.10995398125583" lon="121.23726805560459">
        <ele>0.0</ele>
        <time>2025-07-05T12:32:25Z</time>
      </trkpt>
      <trkpt lat="31.109938989530235" lon="121.23726805686863">
        <ele>0.0</ele>
        <time>2025-07-05T12:32:26Z</time>
      </trkpt>
      <trkpt lat="31.10992100185579" lon="121.23727606026371">
        <ele>0.0</ele>
        <time>2025-07-05T12:32:27Z</time>
      </trkpt>
      <trkpt lat="31.10989901399201" lon="121.23727606211763">
        <ele>0.0</ele>
        <time>2025-07-05T12:32:28Z</time>
      </trkpt>
      <trkpt lat="31.10987402778349" lon="121.23727606422437">
        <ele>0.0</ele>
        <time>2025-07-05T12:32:29Z</time>
      </trkpt>
      <trkpt lat="31.109849043669936" lon="121.2372830679723">
        <ele>0.0</ele>
        <time>2025-07-05T12:32:30Z</time>
      </trkpt>
      <trkpt lat="31.10981806316387" lon="121.23729107245772">
        <ele>0.0</ele>
        <time>2025-07-05T12:32:31Z</time>
      </trkpt>
      <trkpt lat="31.109782085414498" lon="121.23729907736174">
        <ele>0.0</ele>
        <time>2025-07-05T12:32:32Z</time>
      </trkpt>
      <trkpt lat="31.10975210643953" lon="121.23731408338926">
        <ele>0.0</ele>
        <time>2025-07-05T12:32:33Z</time>
      </trkpt>
      <trkpt lat="31.109725125801376" lon="121.23732908915431">
        <ele>0.0</ele>
        <time>2025-07-05T12:32:34Z</time>
      </trkpt>
      <trkpt lat="31.10969414736223" lon="121.23734409524678">
        <ele>0.0</ele>
        <time>2025-07-05T12:32:35Z</time>
      </trkpt>
      <trkpt lat="31.10966616755607" lon="121.23736010130781">
        <ele>0.0</ele>
        <time>2025-07-05T12:32:36Z</time>
      </trkpt>
      <trkpt lat="31.109639184526873" lon="121.237367105199">
        <ele>0.0</ele>
        <time>2025-07-05T12:32:37Z</time>
      </trkpt>
      <trkpt lat="31.10961420275696" lon="121.23738211076137">
        <ele>0.0</ele>
        <time>2025-07-05T12:32:38Z</time>
      </trkpt>
      <trkpt lat="31.109597216859225" lon="121.23739811586933">
        <ele>0.0</ele>
        <time>2025-07-05T12:32:39Z</time>
      </trkpt>
      <trkpt lat="31.109580235067085" lon="121.23742812416359">
        <ele>0.0</ele>
        <time>2025-07-05T12:32:40Z</time>
      </trkpt>
      <trkpt lat="31.109566253925028" lon="121.23746613397934">
        <ele>0.0</ele>
        <time>2025-07-05T12:32:41Z</time>
      </trkpt>
      <trkpt lat="31.109549270017947" lon="121.23748914060882">
        <ele>0.0</ele>
        <time>2025-07-05T12:32:42Z</time>
      </trkpt>
      <trkpt lat="31.109536281558434" lon="121.23750414508133">
        <ele>0.0</ele>
        <time>2025-07-05T12:32:43Z</time>
      </trkpt>
      <trkpt lat="31.109522289284357" lon="121.23750414626109">
        <ele>0.0</ele>
        <time>2025-07-05T12:32:44Z</time>
      </trkpt>
      <trkpt lat="31.10950729756225" lon="121.23750414752512">
        <ele>0.0</ele>
        <time>2025-07-05T12:32:45Z</time>
      </trkpt>
      <trkpt lat="31.109488308047748" lon="121.2375041491262">
        <ele>0.0</ele>
        <time>2025-07-05T12:32:46Z</time>
      </trkpt>
      <trkpt lat="31.109473316325914" lon="121.23750415039022">
        <ele>0.0</ele>
        <time>2025-07-05T12:32:47Z</time>
      </trkpt>
      <trkpt lat="31.109459322015656" lon="121.23749714999522">
        <ele>0.0</ele>
        <time>2025-07-05T12:32:48Z</time>
      </trkpt>
      <trkpt lat="31.109442333434504" lon="121.23750415300252">
        <ele>0.0</ele>
        <time>2025-07-05T12:32:49Z</time>
      </trkpt>
      <trkpt lat="31.109425345142213" lon="121.23751215623221">
        <ele>0.0</ele>
        <time>2025-07-05T12:32:50Z</time>
      </trkpt>
      <trkpt lat="31.109404359055347" lon="121.23752015979622">
        <ele>0.0</ele>
        <time>2025-07-05T12:32:51Z</time>
      </trkpt>
      <trkpt lat="31.109389367334188" lon="121.23752016106023">
        <ele>0.0</ele>
        <time>2025-07-05T12:32:52Z</time>
      </trkpt>
      <trkpt lat="31.109377375987968" lon="121.23752716363929">
        <ele>0.0</ele>
        <time>2025-07-05T12:32:53Z</time>
      </trkpt>
      <trkpt lat="31.109370379851512" lon="121.23752716422916">
        <ele>0.0</ele>
        <time>2025-07-05T12:32:54Z</time>
      </trkpt>
      <trkpt lat="31.109356392213204" lon="121.23754316898462">
        <ele>0.0</ele>
        <time>2025-07-05T12:32:55Z</time>
      </trkpt>
      <trkpt lat="31.109343403724676" lon="121.23755817342233">
        <ele>0.0</ele>
        <time>2025-07-05T12:32:56Z</time>
      </trkpt>
      <trkpt lat="31.109322419643483" lon="121.23757317852453">
        <ele>0.0</ele>
        <time>2025-07-05T12:32:57Z</time>
      </trkpt>
      <trkpt lat="31.10929044162584" lon="121.23758818454397">
        <ele>0.0</ele>
        <time>2025-07-05T12:32:58Z</time>
      </trkpt>
      <trkpt lat="31.109257464439395" lon="121.23760419085856">
        <ele>0.0</ele>
        <time>2025-07-05T12:32:59Z</time>
      </trkpt>
      <trkpt lat="31.109227487306036" lon="121.23762619822755">
        <ele>0.0</ele>
        <time>2025-07-05T12:33:00Z</time>
      </trkpt>
      <trkpt lat="31.10920050878432" lon="121.23764920554152">
        <ele>0.0</ele>
        <time>2025-07-05T12:33:01Z</time>
      </trkpt>
      <trkpt lat="31.109175529139065" lon="121.23767221266422">
        <ele>0.0</ele>
        <time>2025-07-05T12:33:02Z</time>
      </trkpt>
      <trkpt lat="31.109148548307964" lon="121.2376872181985">
        <ele>0.0</ele>
        <time>2025-07-05T12:33:03Z</time>
      </trkpt>
      <trkpt lat="31.10913155996345" lon="121.23769522136526">
        <ele>0.0</ele>
        <time>2025-07-05T12:33:04Z</time>
      </trkpt>
      <trkpt lat="31.109112570452787" lon="121.23769522296631">
        <ele>0.0</ele>
        <time>2025-07-05T12:33:05Z</time>
      </trkpt>
      <trkpt lat="31.109093583210374" lon="121.23770322629885">
        <ele>0.0</ele>
        <time>2025-07-05T12:33:06Z</time>
      </trkpt>
      <trkpt lat="31.1090745937001" lon="121.23770322789991">
        <ele>0.0</ele>
        <time>2025-07-05T12:33:07Z</time>
      </trkpt>
      <trkpt lat="31.109051608381026" lon="121.23771023135082">
        <ele>0.0</ele>
        <time>2025-07-05T12:33:08Z</time>
      </trkpt>
      <trkpt lat="31.10903062223897" lon="121.23771823484671">
        <ele>0.0</ele>
        <time>2025-07-05T12:33:09Z</time>
      </trkpt>
      <trkpt lat="31.109005636042124" lon="121.23771823695336">
        <ele>0.0</ele>
        <time>2025-07-05T12:33:10Z</time>
      </trkpt>
      <trkpt lat="31.10898464763703" lon="121.23771823872295">
        <ele>0.0</ele>
        <time>2025-07-05T12:33:11Z</time>
      </trkpt>
      <trkpt lat="31.108973653710645" lon="121.23771823964987">
        <ele>0.0</ele>
        <time>2025-07-05T12:33:12Z</time>
      </trkpt>
      <trkpt lat="31.108954664201594" lon="121.23771824125093">
        <ele>0.0</ele>
        <time>2025-07-05T12:33:13Z</time>
      </trkpt>
      <trkpt lat="31.108927679110117" lon="121.2377182435261">
        <ele>0.0</ele>
        <time>2025-07-05T12:33:14Z</time>
      </trkpt>
      <trkpt lat="31.108900696280177" lon="121.23772624752485">
        <ele>0.0</ele>
        <time>2025-07-05T12:33:15Z</time>
      </trkpt>
      <trkpt lat="31.108875710085073" lon="121.23772624963149">
        <ele>0.0</ele>
        <time>2025-07-05T12:33:16Z</time>
      </trkpt>
      <trkpt lat="31.108849726419056" lon="121.23773325332824">
        <ele>0.0</ele>
        <time>2025-07-05T12:33:17Z</time>
      </trkpt>
      <trkpt lat="31.108816746899137" lon="121.23774125782741">
        <ele>0.0</ele>
        <time>2025-07-05T12:33:18Z</time>
      </trkpt>
      <trkpt lat="31.108786763466398" lon="121.23774126035538">
        <ele>0.0</ele>
        <time>2025-07-05T12:33:19Z</time>
      </trkpt>
      <trkpt lat="31.108755780586407" lon="121.2377412629676">
        <ele>0.0</ele>
        <time>2025-07-05T12:33:20Z</time>
      </trkpt>
      <trkpt lat="31.108727796050083" lon="121.23774126532703">
        <ele>0.0</ele>
        <time>2025-07-05T12:33:21Z</time>
      </trkpt>
      <trkpt lat="31.108698816291227" lon="121.23775627098527">
        <ele>0.0</ele>
        <time>2025-07-05T12:33:22Z</time>
      </trkpt>
      <trkpt lat="31.108667835662445" lon="121.23776427530798">
        <ele>0.0</ele>
        <time>2025-07-05T12:33:23Z</time>
      </trkpt>
      <trkpt lat="31.108637852232096" lon="121.23776427783594">
        <ele>0.0</ele>
        <time>2025-07-05T12:33:24Z</time>
      </trkpt>
      <trkpt lat="31.10860886824988" lon="121.23776428027962">
        <ele>0.0</ele>
        <time>2025-07-05T12:33:25Z</time>
      </trkpt>
      <trkpt lat="31.108583882058678" lon="121.23776428238624">
        <ele>0.0</ele>
        <time>2025-07-05T12:33:26Z</time>
      </trkpt>
      <trkpt lat="31.108568890344117" lon="121.23776428365021">
        <ele>0.0</ele>
        <time>2025-07-05T12:33:27Z</time>
      </trkpt>
      <trkpt lat="31.10855589527518" lon="121.23775628303515">
        <ele>0.0</ele>
        <time>2025-07-05T12:33:28Z</time>
      </trkpt>
      <trkpt lat="31.108538904665608" lon="121.23775628446765">
        <ele>0.0</ele>
        <time>2025-07-05T12:33:29Z</time>
      </trkpt>
      <trkpt lat="31.108519915160976" lon="121.23775628606869">
        <ele>0.0</ele>
        <time>2025-07-05T12:33:30Z</time>
      </trkpt>
      <trkpt lat="31.108498926761342" lon="121.23775628783824">
        <ele>0.0</ele>
        <time>2025-07-05T12:33:31Z</time>
      </trkpt>
      <trkpt lat="31.108471941676445" lon="121.23775629011338">
        <ele>0.0</ele>
        <time>2025-07-05T12:33:32Z</time>
      </trkpt>
      <trkpt lat="31.108448954382204" lon="121.23775629205146">
        <ele>0.0</ele>
        <time>2025-07-05T12:33:33Z</time>
      </trkpt>
      <trkpt lat="31.108423968193136" lon="121.23775629415806">
        <ele>0.0</ele>
        <time>2025-07-05T12:33:34Z</time>
      </trkpt>
      <trkpt lat="31.108400976674737" lon="121.23774129288158">
        <ele>0.0</ele>
        <time>2025-07-05T12:33:35Z</time>
      </trkpt>
      <trkpt lat="31.108381982938308" lon="121.23772629125835">
        <ele>0.0</ele>
        <time>2025-07-05T12:33:36Z</time>
      </trkpt>
      <trkpt lat="31.10836298891055" lon="121.23771028940952">
        <ele>0.0</ele>
        <time>2025-07-05T12:33:37Z</time>
      </trkpt>
      <trkpt lat="31.108345994052083" lon="121.23769528759777">
        <ele>0.0</ele>
        <time>2025-07-05T12:33:38Z</time>
      </trkpt>
      <trkpt lat="31.108331000068965" lon="121.23768728712753">
        <ele>0.0</ele>
        <time>2025-07-05T12:33:39Z</time>
      </trkpt>
      <trkpt lat="31.108315002652784" lon="121.2376652836925">
        <ele>0.0</ele>
        <time>2025-07-05T12:33:40Z</time>
      </trkpt>
      <trkpt lat="31.108300006379043" lon="121.23764928146464">
        <ele>0.0</ele>
        <time>2025-07-05T12:33:41Z</time>
      </trkpt>
      <trkpt lat="31.108287004983346" lon="121.23761927598328">
        <ele>0.0</ele>
        <time>2025-07-05T12:33:42Z</time>
      </trkpt>
      <trkpt lat="31.108275002713803" lon="121.23758827015779">
        <ele>0.0</ele>
        <time>2025-07-05T12:33:43Z</time>
      </trkpt>
      <trkpt lat="31.108267999955125" lon="121.2375652656486">
        <ele>0.0</ele>
        <time>2025-07-05T12:33:44Z</time>
      </trkpt>
      <trkpt lat="31.1082579991236" lon="121.23754326159262">
        <ele>0.0</ele>
        <time>2025-07-05T12:33:45Z</time>
      </trkpt>
      <trkpt lat="31.10824899743125" lon="121.23752025720748">
        <ele>0.0</ele>
        <time>2025-07-05T12:33:46Z</time>
      </trkpt>
      <trkpt lat="31.108242991731615" lon="121.23748925074455">
        <ele>0.0</ele>
        <time>2025-07-05T12:33:47Z</time>
      </trkpt>
      <trkpt lat="31.108238987230045" lon="121.23746624588472">
        <ele>0.0</ele>
        <time>2025-07-05T12:33:48Z</time>
      </trkpt>
      <trkpt lat="31.108234982708655" lon="121.23744324100218">
        <ele>0.0</ele>
        <time>2025-07-05T12:33:49Z</time>
      </trkpt>
      <trkpt lat="31.108234978307824" lon="121.23742823758585">
        <ele>0.0</ele>
        <time>2025-07-05T12:33:50Z</time>
      </trkpt>
      <trkpt lat="31.108231973201132" lon="121.2374052325815">
        <ele>0.0</ele>
        <time>2025-07-05T12:33:51Z</time>
      </trkpt>
      <trkpt lat="31.10823197113849" lon="121.23739823097699">
        <ele>0.0</ele>
        <time>2025-07-05T12:33:53Z</time>
      </trkpt>
      <trkpt lat="31.108232972648587" lon="121.23740523249724">
        <ele>0.0</ele>
        <time>2025-07-05T12:33:54Z</time>
      </trkpt>
      <trkpt lat="31.1082369795509" lon="121.23743623924055">
        <ele>0.0</ele>
        <time>2025-07-05T12:33:56Z</time>
      </trkpt>
      <trkpt lat="31.108246980763088" lon="121.23745924362443">
        <ele>0.0</ele>
        <time>2025-07-05T12:33:57Z</time>
      </trkpt>
      <trkpt lat="31.10825598017367" lon="121.23747424626241">
        <ele>0.0</ele>
        <time>2025-07-05T12:33:58Z</time>
      </trkpt>
      <trkpt lat="31.10826198356331" lon="121.23749725094581">
        <ele>0.0</ele>
        <time>2025-07-05T12:33:59Z</time>
      </trkpt>
      <trkpt lat="31.108267984610176" lon="121.23751225381208">
        <ele>0.0</ele>
        <time>2025-07-05T12:34:00Z</time>
      </trkpt>
      <trkpt lat="31.108271989072133" lon="121.23753525862645">
        <ele>0.0</ele>
        <time>2025-07-05T12:34:01Z</time>
      </trkpt>
      <trkpt lat="31.108274994066793" lon="121.23755826350235">
        <ele>0.0</ele>
        <time>2025-07-05T12:34:02Z</time>
      </trkpt>
      <trkpt lat="31.108278998489094" lon="121.23758126827126">
        <ele>0.0</ele>
        <time>2025-07-05T12:34:03Z</time>
      </trkpt>
      <trkpt lat="31.108290998471436" lon="121.23760427234332">
        <ele>0.0</ele>
        <time>2025-07-05T12:34:04Z</time>
      </trkpt>
      <trkpt lat="31.10830399988404" lon="121.23763427784404">
        <ele>0.0</ele>
        <time>2025-07-05T12:34:05Z</time>
      </trkpt>
      <trkpt lat="31.108318998163316" lon="121.23765728161091">
        <ele>0.0</ele>
        <time>2025-07-05T12:34:06Z</time>
      </trkpt>
      <trkpt lat="31.1083379942129" lon="121.237680285018">
        <ele>0.0</ele>
        <time>2025-07-05T12:34:07Z</time>
      </trkpt>
      <trkpt lat="31.10836298692797" lon="121.23770328789675">
        <ele>0.0</ele>
        <time>2025-07-05T12:34:08Z</time>
      </trkpt>
      <trkpt lat="31.10838597846729" lon="121.23771828919774">
        <ele>0.0</ele>
        <time>2025-07-05T12:34:09Z</time>
      </trkpt>
      <trkpt lat="31.108406969126815" lon="121.23772628915175">
        <ele>0.0</ele>
        <time>2025-07-05T12:34:10Z</time>
      </trkpt>
      <trkpt lat="31.108431957292197" lon="121.237733288551">
        <ele>0.0</ele>
        <time>2025-07-05T12:34:11Z</time>
      </trkpt>
      <trkpt lat="31.108456945738027" lon="121.23774128816278">
        <ele>0.0</ele>
        <time>2025-07-05T12:34:12Z</time>
      </trkpt>
      <trkpt lat="31.108478933584774" lon="121.23774128630896">
        <ele>0.0</ele>
        <time>2025-07-05T12:34:13Z</time>
      </trkpt>
      <trkpt lat="31.10850192087938" lon="121.23774128437088">
        <ele>0.0</ele>
        <time>2025-07-05T12:34:14Z</time>
      </trkpt>
      <trkpt lat="31.108522909279046" lon="121.23774128260133">
        <ele>0.0</ele>
        <time>2025-07-05T12:34:15Z</time>
      </trkpt>
      <trkpt lat="31.10854190075631" lon="121.23774828250163">
        <ele>0.0</ele>
        <time>2025-07-05T12:34:16Z</time>
      </trkpt>
      <trkpt lat="31.108561889708803" lon="121.23774828081635">
        <ele>0.0</ele>
        <time>2025-07-05T12:34:17Z</time>
      </trkpt>
      <trkpt lat="31.10858087921386" lon="121.23774827921531">
        <ele>0.0</ele>
        <time>2025-07-05T12:34:18Z</time>
      </trkpt>
      <trkpt lat="31.108601867614414" lon="121.23774827744575">
        <ele>0.0</ele>
        <time>2025-07-05T12:34:19Z</time>
      </trkpt>
      <trkpt lat="31.108623855462866" lon="121.23774827559193">
        <ele>0.0</ele>
        <time>2025-07-05T12:34:20Z</time>
      </trkpt>
      <trkpt lat="31.10864384666838" lon="121.23775627561986">
        <ele>0.0</ele>
        <time>2025-07-05T12:34:21Z</time>
      </trkpt>
      <trkpt lat="31.10866483506964" lon="121.2377562738503">
        <ele>0.0</ele>
        <time>2025-07-05T12:34:22Z</time>
      </trkpt>
      <trkpt lat="31.108685823471134" lon="121.23775627208073">
        <ele>0.0</ele>
        <time>2025-07-05T12:34:23Z</time>
      </trkpt>
      <trkpt lat="31.108707811320574" lon="121.2377562702269">
        <ele>0.0</ele>
        <time>2025-07-05T12:34:24Z</time>
      </trkpt>
      <trkpt lat="31.108728799722552" lon="121.23775626845732">
        <ele>0.0</ele>
        <time>2025-07-05T12:34:25Z</time>
      </trkpt>
      <trkpt lat="31.108751787020232" lon="121.23775626651923">
        <ele>0.0</ele>
        <time>2025-07-05T12:34:26Z</time>
      </trkpt>
      <trkpt lat="31.1087727754227" lon="121.23775626474965">
        <ele>0.0</ele>
        <time>2025-07-05T12:34:27Z</time>
      </trkpt>
      <trkpt lat="31.10879576272092" lon="121.23775626281154">
        <ele>0.0</ele>
        <time>2025-07-05T12:34:28Z</time>
      </trkpt>
      <trkpt lat="31.108818750019417" lon="121.23775626087344">
        <ele>0.0</ele>
        <time>2025-07-05T12:34:29Z</time>
      </trkpt>
      <trkpt lat="31.108845735109323" lon="121.23775625859828">
        <ele>0.0</ele>
        <time>2025-07-05T12:34:30Z</time>
      </trkpt>
      <trkpt lat="31.108868722408438" lon="121.23775625666016">
        <ele>0.0</ele>
        <time>2025-07-05T12:34:31Z</time>
      </trkpt>
      <trkpt lat="31.10889670469473" lon="121.2377482525875">
        <ele>0.0</ele>
        <time>2025-07-05T12:34:32Z</time>
      </trkpt>
      <trkpt lat="31.108927685604456" lon="121.23774124847392">
        <ele>0.0</ele>
        <time>2025-07-05T12:34:33Z</time>
      </trkpt>
      <trkpt lat="31.108954670695937" lon="121.23774124619874">
        <ele>0.0</ele>
        <time>2025-07-05T12:34:34Z</time>
      </trkpt>
      <trkpt lat="31.10897565684404" lon="121.23773324271076">
        <ele>0.0</ele>
        <time>2025-07-05T12:34:35Z</time>
      </trkpt>
      <trkpt lat="31.108990648561864" lon="121.23773324144676">
        <ele>0.0</ele>
        <time>2025-07-05T12:34:36Z</time>
      </trkpt>
      <trkpt lat="31.109009636094747" lon="121.23772623833986">
        <ele>0.0</ele>
        <time>2025-07-05T12:34:37Z</time>
      </trkpt>
      <trkpt lat="31.10902862560436" lon="121.2377262367388">
        <ele>0.0</ele>
        <time>2025-07-05T12:34:38Z</time>
      </trkpt>
      <trkpt lat="31.109053611801514" lon="121.23772623463215">
        <ele>0.0</ele>
        <time>2025-07-05T12:34:39Z</time>
      </trkpt>
      <trkpt lat="31.109083592977388" lon="121.2377182303806">
        <ele>0.0</ele>
        <time>2025-07-05T12:34:40Z</time>
      </trkpt>
      <trkpt lat="31.109114571616693" lon="121.23770322452926">
        <ele>0.0</ele>
        <time>2025-07-05T12:34:41Z</time>
      </trkpt>
      <trkpt lat="31.109139555546943" lon="121.23769522069112">
        <ele>0.0</ele>
        <time>2025-07-05T12:34:42Z</time>
      </trkpt>
      <trkpt lat="31.10916253859061" lon="121.23768021549908">
        <ele>0.0</ele>
        <time>2025-07-05T12:34:43Z</time>
      </trkpt>
      <trkpt lat="31.109183522730195" lon="121.23766521046588">
        <ele>0.0</ele>
        <time>2025-07-05T12:34:44Z</time>
      </trkpt>
      <trkpt lat="31.109204508858063" lon="121.23765720695175">
        <ele>0.0</ele>
        <time>2025-07-05T12:34:45Z</time>
      </trkpt>
      <trkpt lat="31.109225494983775" lon="121.23764920343486">
        <ele>0.0</ele>
        <time>2025-07-05T12:34:46Z</time>
      </trkpt>
      <trkpt lat="31.109248478002623" lon="121.23763419821314">
        <ele>0.0</ele>
        <time>2025-07-05T12:34:47Z</time>
      </trkpt>
      <trkpt lat="31.10926946412193" lon="121.23762619468833">
        <ele>0.0</ele>
        <time>2025-07-05T12:34:48Z</time>
      </trkpt>
      <trkpt lat="31.109293446576398" lon="121.23761118936751">
        <ele>0.0</ele>
        <time>2025-07-05T12:34:49Z</time>
      </trkpt>
      <trkpt lat="31.109320427366843" lon="121.23759618378422">
        <ele>0.0</ele>
        <time>2025-07-05T12:34:50Z</time>
      </trkpt>
      <trkpt lat="31.109343410357045" lon="121.23758117852833">
        <ele>0.0</ele>
        <time>2025-07-05T12:34:51Z</time>
      </trkpt>
      <trkpt lat="31.109360396362224" lon="121.23756517354619">
        <ele>0.0</ele>
        <time>2025-07-05T12:34:52Z</time>
      </trkpt>
      <trkpt lat="31.109383379335487" lon="121.23755016827032">
        <ele>0.0</ele>
        <time>2025-07-05T12:34:53Z</time>
      </trkpt>
      <trkpt lat="31.10940636230059" lon="121.23753516298476">
        <ele>0.0</ele>
        <time>2025-07-05T12:34:54Z</time>
      </trkpt>
      <trkpt lat="31.109429347288167" lon="121.23752715925737">
        <ele>0.0</ele>
        <time>2025-07-05T12:34:55Z</time>
      </trkpt>
      <trkpt lat="31.109454329137122" lon="121.23751215378846">
        <ele>0.0</ele>
        <time>2025-07-05T12:34:56Z</time>
      </trkpt>
      <trkpt lat="31.109479310977978" lon="121.23749714830986">
        <ele>0.0</ele>
        <time>2025-07-05T12:34:57Z</time>
      </trkpt>
      <trkpt lat="31.10950029705879" lon="121.23748914473795">
        <ele>0.0</ele>
        <time>2025-07-05T12:34:58Z</time>
      </trkpt>
      <trkpt lat="31.109521283429107" lon="121.23748214138905">
        <ele>0.0</ele>
        <time>2025-07-05T12:34:59Z</time>
      </trkpt>
      <trkpt lat="31.10953827171328" lon="121.23747413814904">
        <ele>0.0</ele>
        <time>2025-07-05T12:35:00Z</time>
      </trkpt>
      <trkpt lat="31.10955326109888" lon="121.23746613507483">
        <ele>0.0</ele>
        <time>2025-07-05T12:35:01Z</time>
      </trkpt>
      <trkpt lat="31.109572248567417" lon="121.23745913188753">
        <ele>0.0</ele>
        <time>2025-07-05T12:35:02Z</time>
      </trkpt>
      <trkpt lat="31.109587235605144" lon="121.23744312699007">
        <ele>0.0</ele>
        <time>2025-07-05T12:35:03Z</time>
      </trkpt>
      <trkpt lat="31.10960622071984" lon="121.23742812197261">
        <ele>0.0</ele>
        <time>2025-07-05T12:35:04Z</time>
      </trkpt>
      <trkpt lat="31.10962220983435" lon="121.2374211190267">
        <ele>0.0</ele>
        <time>2025-07-05T12:35:05Z</time>
      </trkpt>
      <trkpt lat="31.109639198101153" lon="121.23741311576572">
        <ele>0.0</ele>
        <time>2025-07-05T12:35:06Z</time>
      </trkpt>
      <trkpt lat="31.109666180847906" lon="121.23740511165931">
        <ele>0.0</ele>
        <time>2025-07-05T12:35:07Z</time>
      </trkpt>
      <trkpt lat="31.10968516830159" lon="121.23739810845369">
        <ele>0.0</ele>
        <time>2025-07-05T12:35:08Z</time>
      </trkpt>
      <trkpt lat="31.109702156562072" lon="121.2373901051848">
        <ele>0.0</ele>
        <time>2025-07-05T12:35:09Z</time>
      </trkpt>
      <trkpt lat="31.10972314261332" lon="121.2373821015761">
        <ele>0.0</ele>
        <time>2025-07-05T12:35:10Z</time>
      </trkpt>
      <trkpt lat="31.10975212454421" lon="121.23737509752087">
        <ele>0.0</ele>
        <time>2025-07-05T12:35:11Z</time>
      </trkpt>
      <trkpt lat="31.10978610341921" lon="121.2373670928115">
        <ele>0.0</ele>
        <time>2025-07-05T12:35:12Z</time>
      </trkpt>
      <trkpt lat="31.109813086450544" lon="121.23736008892028">
        <ele>0.0</ele>
        <time>2025-07-05T12:35:13Z</time>
      </trkpt>
      <trkpt lat="31.109836069017348" lon="121.2373440832806">
        <ele>0.0</ele>
        <time>2025-07-05T12:35:14Z</time>
      </trkpt>
      <trkpt lat="31.109860053698394" lon="121.23733707963528">
        <ele>0.0</ele>
        <time>2025-07-05T12:35:15Z</time>
      </trkpt>
      <trkpt lat="31.10988303863222" lon="121.2373290758398">
        <ele>0.0</ele>
        <time>2025-07-05T12:35:16Z</time>
      </trkpt>
      <trkpt lat="31.109910021357337" lon="121.23732107170451">
        <ele>0.0</ele>
        <time>2025-07-05T12:35:17Z</time>
      </trkpt>
      <trkpt lat="31.109935005481677" lon="121.237314067968">
        <ele>0.0</ele>
        <time>2025-07-05T12:35:18Z</time>
      </trkpt>
      <trkpt lat="31.109957990409534" lon="121.23730606416461">
        <ele>0.0</ele>
        <time>2025-07-05T12:35:19Z</time>
      </trkpt>
      <trkpt lat="31.109980973244582" lon="121.23729105872181">
        <ele>0.0</ele>
        <time>2025-07-05T12:35:20Z</time>
      </trkpt>
      <trkpt lat="31.110004957614525" lon="121.23728305482625">
        <ele>0.0</ele>
        <time>2025-07-05T12:35:21Z</time>
      </trkpt>
      <trkpt lat="31.1100319382309" lon="121.23726804903154">
        <ele>0.0</ele>
        <time>2025-07-05T12:35:22Z</time>
      </trkpt>
      <trkpt lat="31.110052924249313" lon="121.23726004538089">
        <ele>0.0</ele>
        <time>2025-07-05T12:35:23Z</time>
      </trkpt>
      <trkpt lat="31.110069912772047" lon="121.2372530423002">
        <ele>0.0</ele>
        <time>2025-07-05T12:35:24Z</time>
      </trkpt>
      <trkpt lat="31.110088897784895" lon="121.23723803716031">
        <ele>0.0</ele>
        <time>2025-07-05T12:35:25Z</time>
      </trkpt>
      <trkpt lat="31.110113881588813" lon="121.23723003316228">
        <ele>0.0</ele>
        <time>2025-07-05T12:35:26Z</time>
      </trkpt>
      <trkpt lat="31.110140862176998" lon="121.23721502733342">
        <ele>0.0</ele>
        <time>2025-07-05T12:35:27Z</time>
      </trkpt>
      <trkpt lat="31.1101698437687" lon="121.2372070229904">
        <ele>0.0</ele>
        <time>2025-07-05T12:35:28Z</time>
      </trkpt>
      <trkpt lat="31.110190829770396" lon="121.2371990193188">
        <ele>0.0</ele>
        <time>2025-07-05T12:35:29Z</time>
      </trkpt>
      <trkpt lat="31.110207815857116" lon="121.23718401431269">
        <ele>0.0</ele>
        <time>2025-07-05T12:35:30Z</time>
      </trkpt>
      <trkpt lat="31.110224804361344" lon="121.23717701120913">
        <ele>0.0</ele>
        <time>2025-07-05T12:35:31Z</time>
      </trkpt>
      <trkpt lat="31.11023979366348" lon="121.23716900803284">
        <ele>0.0</ele>
        <time>2025-07-05T12:35:32Z</time>
      </trkpt>
      <trkpt lat="31.110254780836716" lon="121.23715400317595">
        <ele>0.0</ele>
        <time>2025-07-05T12:35:33Z</time>
      </trkpt>
      <trkpt lat="31.11027976218264" lon="121.23713799722617">
        <ele>0.0</ele>
        <time>2025-07-05T12:35:34Z</time>
      </trkpt>
      <trkpt lat="31.11030674058498" lon="121.23711598964881">
        <ele>0.0</ele>
        <time>2025-07-05T12:35:35Z</time>
      </trkpt>
      <trkpt lat="31.110333720806008" lon="121.23709998350441">
        <ele>0.0</ele>
        <time>2025-07-05T12:35:36Z</time>
      </trkpt>
      <trkpt lat="31.110358704878127" lon="121.23709297970144">
        <ele>0.0</ele>
        <time>2025-07-05T12:35:37Z</time>
      </trkpt>
      <trkpt lat="31.110379688394477" lon="121.23707697404687">
        <ele>0.0</ele>
        <time>2025-07-05T12:35:38Z</time>
      </trkpt>
      <trkpt lat="31.110401671657502" lon="121.23706196854086">
        <ele>0.0</ele>
        <time>2025-07-05T12:35:39Z</time>
      </trkpt>
      <trkpt lat="31.11042265546373" lon="121.23704696310945">
        <ele>0.0</ele>
        <time>2025-07-05T12:35:40Z</time>
      </trkpt>
      <trkpt lat="31.11044563815906" lon="121.23703195749985">
        <ele>0.0</ele>
        <time>2025-07-05T12:35:41Z</time>
      </trkpt>
      <trkpt lat="31.110468623008778" lon="121.2370239535996">
        <ele>0.0</ele>
        <time>2025-07-05T12:35:42Z</time>
      </trkpt>
      <trkpt lat="31.110493604589106" lon="121.23700894780666">
        <ele>0.0</ele>
        <time>2025-07-05T12:35:43Z</time>
      </trkpt>
      <trkpt lat="31.110516587263984" lon="121.2369939421726">
        <ele>0.0</ele>
        <time>2025-07-05T12:35:44Z</time>
      </trkpt>
      <trkpt lat="31.11054156851761" lon="121.23697793611296">
        <ele>0.0</ele>
        <time>2025-07-05T12:35:45Z</time>
      </trkpt>
      <trkpt lat="31.1105665500731" lon="121.23696293029042">
        <ele>0.0</ele>
        <time>2025-07-05T12:35:46Z</time>
      </trkpt>
      <trkpt lat="31.110585534928184" lon="121.23694792496386">
        <ele>0.0</ele>
        <time>2025-07-05T12:35:47Z</time>
      </trkpt>
      <trkpt lat="31.11059852308268" lon="121.23693292013326">
        <ele>0.0</ele>
        <time>2025-07-05T12:35:48Z</time>
      </trkpt>
      <trkpt lat="31.110619509007186" lon="121.23692491636757">
        <ele>0.0</ele>
        <time>2025-07-05T12:35:49Z</time>
      </trkpt>
      <trkpt lat="31.110638496032042" lon="121.23691691276767">
        <ele>0.0</ele>
        <time>2025-07-05T12:35:50Z</time>
      </trkpt>
      <trkpt lat="31.11065748086205" lon="121.23690190741152">
        <ele>0.0</ele>
        <time>2025-07-05T12:35:51Z</time>
      </trkpt>
      <trkpt lat="31.110680463478907" lon="121.2368869017086">
        <ele>0.0</ele>
        <time>2025-07-05T12:35:52Z</time>
      </trkpt>
      <trkpt lat="31.11070144939058" lon="121.23687889792713">
        <ele>0.0</ele>
        <time>2025-07-05T12:35:53Z</time>
      </trkpt>
      <trkpt lat="31.110728429790257" lon="121.23686389187233">
        <ele>0.0</ele>
        <time>2025-07-05T12:35:54Z</time>
      </trkpt>
      <trkpt lat="31.110753411284293" lon="121.23684888597643">
        <ele>0.0</ele>
        <time>2025-07-05T12:35:55Z</time>
      </trkpt>
      <trkpt lat="31.110781390800796" lon="121.23683287956447">
        <ele>0.0</ele>
        <time>2025-07-05T12:35:56Z</time>
      </trkpt>
      <trkpt lat="31.110810370073512" lon="121.23681787331155">
        <ele>0.0</ele>
        <time>2025-07-05T12:35:57Z</time>
      </trkpt>
      <trkpt lat="31.110835354078215" lon="121.23681086942388">
        <ele>0.0</ele>
        <time>2025-07-05T12:35:58Z</time>
      </trkpt>
      <trkpt lat="31.110856337431148" lon="121.23679486357577">
        <ele>0.0</ele>
        <time>2025-07-05T12:35:59Z</time>
      </trkpt>
      <trkpt lat="31.110875322194943" lon="121.23677985814112">
        <ele>0.0</ele>
        <time>2025-07-05T12:36:00Z</time>
      </trkpt>
      <trkpt lat="31.110898304746062" lon="121.23676485235973">
        <ele>0.0</ele>
        <time>2025-07-05T12:36:01Z</time>
      </trkpt>
      <trkpt lat="31.110919288391255" lon="121.23674984673725">
        <ele>0.0</ele>
        <time>2025-07-05T12:36:02Z</time>
      </trkpt>
      <trkpt lat="31.11093827536683" lon="121.23674184307733">
        <ele>0.0</ele>
        <time>2025-07-05T12:36:03Z</time>
      </trkpt>
      <trkpt lat="31.11095925899958" lon="121.23672683744005">
        <ele>0.0</ele>
        <time>2025-07-05T12:36:04Z</time>
      </trkpt>
      <trkpt lat="31.11098224120153" lon="121.23671083136578">
        <ele>0.0</ele>
        <time>2025-07-05T12:36:05Z</time>
      </trkpt>
      <trkpt lat="31.11100322738477" lon="121.23670382778307">
        <ele>0.0</ele>
        <time>2025-07-05T12:36:06Z</time>
      </trkpt>
      <trkpt lat="31.111026212143276" lon="121.23669582377028">
        <ele>0.0</ele>
        <time>2025-07-05T12:36:07Z</time>
      </trkpt>
      <trkpt lat="31.111050194098137" lon="121.2366808178506">
        <ele>0.0</ele>
        <time>2025-07-05T12:36:08Z</time>
      </trkpt>
      <trkpt lat="31.111079173289827" lon="121.23666581149993">
        <ele>0.0</ele>
        <time>2025-07-05T12:36:09Z</time>
      </trkpt>
      <trkpt lat="31.11110815247356" lon="121.2366508051396">
        <ele>0.0</ele>
        <time>2025-07-05T12:36:10Z</time>
      </trkpt>
      <trkpt lat="31.11113613187699" lon="121.23663479859184">
        <ele>0.0</ele>
        <time>2025-07-05T12:36:11Z</time>
      </trkpt>
      <trkpt lat="31.111161115838215" lon="121.23662779464924">
        <ele>0.0</ele>
        <time>2025-07-05T12:36:12Z</time>
      </trkpt>
      <trkpt lat="31.11118410057597" lon="121.23661979061036">
        <ele>0.0</ele>
        <time>2025-07-05T12:36:13Z</time>
      </trkpt>
      <trkpt lat="31.111207085311616" lon="121.23661178656876">
        <ele>0.0</ele>
        <time>2025-07-05T12:36:14Z</time>
      </trkpt>
      <trkpt lat="31.11123007036965" lon="121.23660478278781">
        <ele>0.0</ele>
        <time>2025-07-05T12:36:15Z</time>
      </trkpt>
      <trkpt lat="31.111253055101386" lon="121.23659677874105">
        <ele>0.0</ele>
        <time>2025-07-05T12:36:16Z</time>
      </trkpt>
      <trkpt lat="31.111280037952454" lon="121.2365897746185">
        <ele>0.0</ele>
        <time>2025-07-05T12:36:17Z</time>
      </trkpt>
      <trkpt lat="31.11130402473091" lon="121.23658977259589">
        <ele>0.0</ele>
        <time>2025-07-05T12:36:18Z</time>
      </trkpt>
      <trkpt lat="31.11132501056084" lon="121.23658176871254">
        <ele>0.0</ele>
        <time>2025-07-05T12:36:19Z</time>
      </trkpt>
      <trkpt lat="31.111345998992487" lon="121.23658176694276">
        <ele>0.0</ele>
        <time>2025-07-05T12:36:20Z</time>
      </trkpt>
      <trkpt lat="31.111370982617085" lon="121.23657376271956">
        <ele>0.0</ele>
        <time>2025-07-05T12:36:21Z</time>
      </trkpt>
      <trkpt lat="31.111395968845887" lon="121.23657376061269">
        <ele>0.0</ele>
        <time>2025-07-05T12:36:22Z</time>
      </trkpt>
      <trkpt lat="31.11142095507503" lon="121.2365737585058">
        <ele>0.0</ele>
        <time>2025-07-05T12:36:23Z</time>
      </trkpt>
      <trkpt lat="31.111443942406137" lon="121.23657375656747">
        <ele>0.0</ele>
        <time>2025-07-05T12:36:24Z</time>
      </trkpt>
      <trkpt lat="31.11146293194075" lon="121.23657375496623">
        <ele>0.0</ele>
        <time>2025-07-05T12:36:25Z</time>
      </trkpt>
      <trkpt lat="31.111483920373967" lon="121.23657375319645">
        <ele>0.0</ele>
        <time>2025-07-05T12:36:26Z</time>
      </trkpt>
      <trkpt lat="31.111506907705866" lon="121.2365737512581">
        <ele>0.0</ele>
        <time>2025-07-05T12:36:27Z</time>
      </trkpt>
      <trkpt lat="31.111525897241126" lon="121.23657374965687">
        <ele>0.0</ele>
        <time>2025-07-05T12:36:28Z</time>
      </trkpt>
      <trkpt lat="31.11154488677659" lon="121.23657374805563">
        <ele>0.0</ele>
        <time>2025-07-05T12:36:29Z</time>
      </trkpt>
      <trkpt lat="31.111565877814602" lon="121.23658174840219">
        <ele>0.0</ele>
        <time>2025-07-05T12:36:30Z</time>
      </trkpt>
      <trkpt lat="31.111586866249" lon="121.2365817466324">
        <ele>0.0</ele>
        <time>2025-07-05T12:36:31Z</time>
      </trkpt>
      <trkpt lat="31.1116078572851" lon="121.23658974697618">
        <ele>0.0</ele>
        <time>2025-07-05T12:36:32Z</time>
      </trkpt>
      <trkpt lat="31.111626846821405" lon="121.23658974537493">
        <ele>0.0</ele>
        <time>2025-07-05T12:36:33Z</time>
      </trkpt>
      <trkpt lat="31.11164583863223" lon="121.23659674562083">
        <ele>0.0</ele>
        <time>2025-07-05T12:36:34Z</time>
      </trkpt>
      <trkpt lat="31.111668828563136" lon="121.23660474579093">
        <ele>0.0</ele>
        <time>2025-07-05T12:36:35Z</time>
      </trkpt>
      <trkpt lat="31.11168981699871" lon="121.23660474402114">
        <ele>0.0</ele>
        <time>2025-07-05T12:36:36Z</time>
      </trkpt>
      <trkpt lat="31.111712806603578" lon="121.23661174392542">
        <ele>0.0</ele>
        <time>2025-07-05T12:36:37Z</time>
      </trkpt>
      <trkpt lat="31.11173779801963" lon="121.23662774602239">
        <ele>0.0</ele>
        <time>2025-07-05T12:36:38Z</time>
      </trkpt>
      <trkpt lat="31.111759788169724" lon="121.23663474600406">
        <ele>0.0</ele>
        <time>2025-07-05T12:36:39Z</time>
      </trkpt>
      <trkpt lat="31.111780779191957" lon="121.2366427463297">
        <ele>0.0</ele>
        <time>2025-07-05T12:36:40Z</time>
      </trkpt>
      <trkpt lat="31.111805768009553" lon="121.23665074631546">
        <ele>0.0</ele>
        <time>2025-07-05T12:36:41Z</time>
      </trkpt>
      <trkpt lat="31.111830759081368" lon="121.23666574812495">
        <ele>0.0</ele>
        <time>2025-07-05T12:36:42Z</time>
      </trkpt>
      <trkpt lat="31.111853748672036" lon="121.23667274801093">
        <ele>0.0</ele>
        <time>2025-07-05T12:36:43Z</time>
      </trkpt>
      <trkpt lat="31.111878740053516" lon="121.23668875006608">
        <ele>0.0</ele>
        <time>2025-07-05T12:36:44Z</time>
      </trkpt>
      <trkpt lat="31.111899733307276" lon="121.23670375218823">
        <ele>0.0</ele>
        <time>2025-07-05T12:36:45Z</time>
      </trkpt>
      <trkpt lat="31.11192072431047" lon="121.23671175249021">
        <ele>0.0</ele>
        <time>2025-07-05T12:36:46Z</time>
      </trkpt>
      <trkpt lat="31.111943716450718" lon="121.23672675442903">
        <ele>0.0</ele>
        <time>2025-07-05T12:36:47Z</time>
      </trkpt>
      <trkpt lat="31.11196770803231" lon="121.23674175627394">
        <ele>0.0</ele>
        <time>2025-07-05T12:36:48Z</time>
      </trkpt>
      <trkpt lat="31.111990700156323" lon="121.2367567581935">
        <ele>0.0</ele>
        <time>2025-07-05T12:36:49Z</time>
      </trkpt>
      <trkpt lat="31.11201169369143" lon="121.23677276052815">
        <ele>0.0</ele>
        <time>2025-07-05T12:36:50Z</time>
      </trkpt>
      <trkpt lat="31.112027689652063" lon="121.2367877630177">
        <ele>0.0</ele>
        <time>2025-07-05T12:36:51Z</time>
      </trkpt>
      <trkpt lat="31.112046683952965" lon="121.23680276524478">
        <ele>0.0</ele>
        <time>2025-07-05T12:36:52Z</time>
      </trkpt>
      <trkpt lat="31.11206568077651" lon="121.2368257694949">
        <ele>0.0</ele>
        <time>2025-07-05T12:36:53Z</time>
      </trkpt>
      <trkpt lat="31.112080679782334" lon="121.23684877405945">
        <ele>0.0</ele>
        <time>2025-07-05T12:36:54Z</time>
      </trkpt>
      <trkpt lat="31.112091680970334" lon="121.23687177893844">
        <ele>0.0</ele>
        <time>2025-07-05T12:36:55Z</time>
      </trkpt>
      <trkpt lat="31.112103681588152" lon="121.23689478371045">
        <ele>0.0</ele>
        <time>2025-07-05T12:36:56Z</time>
      </trkpt>
      <trkpt lat="31.11211668132302" lon="121.23691678812554">
        <ele>0.0</ele>
        <time>2025-07-05T12:36:57Z</time>
      </trkpt>
      <trkpt lat="31.112126683003158" lon="121.23693979302173">
        <ele>0.0</ele>
        <time>2025-07-05T12:36:58Z</time>
      </trkpt>
      <trkpt lat="31.112131685237255" lon="121.2369557965793">
        <ele>0.0</ele>
        <time>2025-07-05T12:36:59Z</time>
      </trkpt>
      <trkpt lat="31.11213768908565" lon="121.23697880177414">
        <ele>0.0</ele>
        <time>2025-07-05T12:37:00Z</time>
      </trkpt>
      <trkpt lat="31.11213969480637" lon="121.237000807037">
        <ele>0.0</ele>
        <time>2025-07-05T12:37:01Z</time>
      </trkpt>
      <trkpt lat="31.112141700817787" lon="121.23702381252457">
        <ele>0.0</ele>
        <time>2025-07-05T12:37:02Z</time>
      </trkpt>
      <trkpt lat="31.11215070295638" lon="121.23704681739949">
        <ele>0.0</ele>
        <time>2025-07-05T12:37:03Z</time>
      </trkpt>
      <trkpt lat="31.112158705625642" lon="121.237069822336">
        <ele>0.0</ele>
        <time>2025-07-05T12:37:04Z</time>
      </trkpt>
      <trkpt lat="31.112171707971562" lon="121.23710082876678">
        <ele>0.0</ele>
        <time>2025-07-05T12:37:05Z</time>
      </trkpt>
      <trkpt lat="31.112183708087684" lon="121.23712283307174">
        <ele>0.0</ele>
        <time>2025-07-05T12:37:06Z</time>
      </trkpt>
      <trkpt lat="31.112202702506643" lon="121.23713883532383">
        <ele>0.0</ele>
        <time>2025-07-05T12:37:07Z</time>
      </trkpt>
      <trkpt lat="31.112225691978082" lon="121.23714583506784">
        <ele>0.0</ele>
        <time>2025-07-05T12:37:08Z</time>
      </trkpt>
      <trkpt lat="31.11224867931927" lon="121.23714583312947">
        <ele>0.0</ele>
        <time>2025-07-05T12:37:09Z</time>
      </trkpt>
      <trkpt lat="31.11226367106368" lon="121.23714583186532">
        <ele>0.0</ele>
        <time>2025-07-05T12:37:10Z</time>
      </trkpt>
      <trkpt lat="31.11227366556002" lon="121.23714583102254">
        <ele>0.0</ele>
        <time>2025-07-05T12:37:11Z</time>
      </trkpt>
      <trkpt lat="31.11227666177839" lon="121.23713882908733">
        <ele>0.0</ele>
        <time>2025-07-05T12:37:13Z</time>
      </trkpt>
      <trkpt lat="31.112271659653512" lon="121.23712282565538">
        <ele>0.0</ele>
        <time>2025-07-05T12:37:17Z</time>
      </trkpt>
      <trkpt lat="31.112269660754244" lon="121.23712282582393">
        <ele>0.0</ele>
        <time>2025-07-05T12:37:19Z</time>
      </trkpt>
      <trkpt lat="31.11226765727437" lon="121.23710782236999">
        <ele>0.0</ele>
        <time>2025-07-05T12:37:21Z</time>
      </trkpt>
      <trkpt lat="31.112261658436076" lon="121.23710082118185">
        <ele>0.0</ele>
        <time>2025-07-05T12:37:23Z</time>
      </trkpt>
      <trkpt lat="31.11225765818903" lon="121.23709281958061">
        <ele>0.0</ele>
        <time>2025-07-05T12:37:25Z</time>
      </trkpt>
      <trkpt lat="31.112255656838844" lon="121.23708481780808">
        <ele>0.0</ele>
        <time>2025-07-05T12:37:26Z</time>
      </trkpt>
      <trkpt lat="31.112257653591573" lon="121.23707781593883">
        <ele>0.0</ele>
        <time>2025-07-05T12:37:27Z</time>
      </trkpt>
      <trkpt lat="31.112257653591573" lon="121.23707781593883">
        <ele>0.0</ele>
        <time>2025-07-05T12:37:28Z</time>
      </trkpt>
      <trkpt lat="31.112257653591573" lon="121.23707781593883">
        <ele>0.0</ele>
        <time>2025-07-05T12:37:29Z</time>
      </trkpt>
      <trkpt lat="31.112257653591573" lon="121.23707781593883">
        <ele>0.0</ele>
        <time>2025-07-05T12:37:30Z</time>
      </trkpt>
      <trkpt lat="31.112335879760142" lon="121.23800801688297">
        <ele>0.0</ele>
        <time>2025-07-05T12:37:32Z</time>
      </trkpt>
      <trkpt lat="31.112327886336843" lon="121.23801601918098">
        <ele>0.0</ele>
        <time>2025-07-05T12:37:33Z</time>
      </trkpt>
      <trkpt lat="31.112369852875165" lon="121.23797800790382">
        <ele>0.0</ele>
        <time>2025-07-05T12:37:34Z</time>
      </trkpt>
      <trkpt lat="31.11234387943188" lon="121.23802301925113">
        <ele>0.0</ele>
        <time>2025-07-05T12:37:35Z</time>
      </trkpt>
      <trkpt lat="31.112333895219066" lon="121.23806102775787">
        <ele>0.0</ele>
        <time>2025-07-05T12:37:37Z</time>
      </trkpt>
      <trkpt lat="31.11232990173423" lon="121.23807703130332">
        <ele>0.0</ele>
        <time>2025-07-05T12:37:38Z</time>
      </trkpt>
      <trkpt lat="31.112308921353886" lon="121.23810703905909">
        <ele>0.0</ele>
        <time>2025-07-05T12:37:40Z</time>
      </trkpt>
      <trkpt lat="31.112305927023513" lon="121.23812204229034">
        <ele>0.0</ele>
        <time>2025-07-05T12:37:41Z</time>
      </trkpt>
      <trkpt lat="31.112306928612956" lon="121.23813004379063">
        <ele>0.0</ele>
        <time>2025-07-05T12:37:42Z</time>
      </trkpt>
      <trkpt lat="31.112308929649654" lon="121.23813804520385">
        <ele>0.0</ele>
        <time>2025-07-05T12:37:43Z</time>
      </trkpt>
      <trkpt lat="31.112306934751462" lon="121.23815304833084">
        <ele>0.0</ele>
        <time>2025-07-05T12:37:44Z</time>
      </trkpt>
      <trkpt lat="31.112303940395172" lon="121.23816805153241">
        <ele>0.0</ele>
        <time>2025-07-05T12:37:45Z</time>
      </trkpt>
      <trkpt lat="31.11229794980294" lon="121.23819105654069">
        <ele>0.0</ele>
        <time>2025-07-05T12:37:46Z</time>
      </trkpt>
      <trkpt lat="31.112289960291562" lon="121.2382140616947">
        <ele>0.0</ele>
        <time>2025-07-05T12:37:47Z</time>
      </trkpt>
      <trkpt lat="31.112278972411428" lon="121.23823706707879">
        <ele>0.0</ele>
        <time>2025-07-05T12:37:48Z</time>
      </trkpt>
      <trkpt lat="31.112268981860396" lon="121.23825207081603">
        <ele>0.0</ele>
        <time>2025-07-05T12:37:49Z</time>
      </trkpt>
      <trkpt lat="31.112257993947544" lon="121.23827507616247">
        <ele>0.0</ele>
        <time>2025-07-05T12:37:50Z</time>
      </trkpt>
      <trkpt lat="31.112233019713553" lon="121.23832108703984">
        <ele>0.0</ele>
        <time>2025-07-05T12:37:52Z</time>
      </trkpt>
      <trkpt lat="31.112221032291664" lon="121.2383440924022">
        <ele>0.0</ele>
        <time>2025-07-05T12:37:53Z</time>
      </trkpt>
      <trkpt lat="31.112210044041134" lon="121.2383660974698">
        <ele>0.0</ele>
        <time>2025-07-05T12:37:54Z</time>
      </trkpt>
      <trkpt lat="31.112189069501415" lon="121.23842010931436">
        <ele>0.0</ele>
        <time>2025-07-05T12:37:56Z</time>
      </trkpt>
      <trkpt lat="31.112179082681386" lon="121.23845011569995">
        <ele>0.0</ele>
        <time>2025-07-05T12:37:57Z</time>
      </trkpt>
      <trkpt lat="31.112162107541717" lon="121.23851112828343">
        <ele>0.0</ele>
        <time>2025-07-05T12:37:59Z</time>
      </trkpt>
      <trkpt lat="31.112153118304704" lon="121.23853413320468">
        <ele>0.0</ele>
        <time>2025-07-05T12:38:00Z</time>
      </trkpt>
      <trkpt lat="31.112137142422135" lon="121.23859514548309">
        <ele>0.0</ele>
        <time>2025-07-05T12:38:02Z</time>
      </trkpt>
      <trkpt lat="31.112128155103203" lon="121.23862615173469">
        <ele>0.0</ele>
        <time>2025-07-05T12:38:03Z</time>
      </trkpt>
      <trkpt lat="31.11211616915199" lon="121.23865615802248">
        <ele>0.0</ele>
        <time>2025-07-05T12:38:04Z</time>
      </trkpt>
      <trkpt lat="31.112105182862933" lon="121.23868716436111">
        <ele>0.0</ele>
        <time>2025-07-05T12:38:05Z</time>
      </trkpt>
      <trkpt lat="31.11209019677671" lon="121.23871016961353">
        <ele>0.0</ele>
        <time>2025-07-05T12:38:06Z</time>
      </trkpt>
      <trkpt lat="31.112074211221177" lon="121.23873317492739">
        <ele>0.0</ele>
        <time>2025-07-05T12:38:07Z</time>
      </trkpt>
      <trkpt lat="31.112065223498096" lon="121.23876318082394">
        <ele>0.0</ele>
        <time>2025-07-05T12:38:08Z</time>
      </trkpt>
      <trkpt lat="31.11205523653405" lon="121.23879418693528">
        <ele>0.0</ele>
        <time>2025-07-05T12:38:09Z</time>
      </trkpt>
      <trkpt lat="31.11205024460922" lon="121.2388161910705">
        <ele>0.0</ele>
        <time>2025-07-05T12:38:10Z</time>
      </trkpt>
      <trkpt lat="31.112044255381452" lon="121.23884719677386">
        <ele>0.0</ele>
        <time>2025-07-05T12:38:11Z</time>
      </trkpt>
      <trkpt lat="31.112038264202774" lon="121.2388702011091">
        <ele>0.0</ele>
        <time>2025-07-05T12:38:12Z</time>
      </trkpt>
      <trkpt lat="31.112036270802214" lon="121.23889320508441">
        <ele>0.0</ele>
        <time>2025-07-05T12:38:13Z</time>
      </trkpt>
      <trkpt lat="31.11204826777153" lon="121.2389082065435">
        <ele>0.0</ele>
        <time>2025-07-05T12:38:14Z</time>
      </trkpt>
      <trkpt lat="31.1120692562114" lon="121.23890820477374">
        <ele>0.0</ele>
        <time>2025-07-05T12:38:15Z</time>
      </trkpt>
      <trkpt lat="31.11209324109438" lon="121.2389002014348">
        <ele>0.0</ele>
        <time>2025-07-05T12:38:16Z</time>
      </trkpt>
      <trkpt lat="31.112114227865277" lon="121.238893198511">
        <ele>0.0</ele>
        <time>2025-07-05T12:38:17Z</time>
      </trkpt>
      <trkpt lat="31.112133217406786" lon="121.23889319690977">
        <ele>0.0</ele>
        <time>2025-07-05T12:38:18Z</time>
      </trkpt>
      <trkpt lat="31.11215120558867" lon="121.23888519407133">
        <ele>0.0</ele>
        <time>2025-07-05T12:38:19Z</time>
      </trkpt>
      <trkpt lat="31.112172194029718" lon="121.23888519230155">
        <ele>0.0</ele>
        <time>2025-07-05T12:38:20Z</time>
      </trkpt>
      <trkpt lat="31.112189188252383" lon="121.23890019334443">
        <ele>0.0</ele>
        <time>2025-07-05T12:38:21Z</time>
      </trkpt>
      <trkpt lat="31.11220418380532" lon="121.2389161947102">
        <ele>0.0</ele>
        <time>2025-07-05T12:38:22Z</time>
      </trkpt>
      <trkpt lat="31.11221718021235" lon="121.23893119607014">
        <ele>0.0</ele>
        <time>2025-07-05T12:38:23Z</time>
      </trkpt>
      <trkpt lat="31.112233174959844" lon="121.23894619716754">
        <ele>0.0</ele>
        <time>2025-07-05T12:38:24Z</time>
      </trkpt>
      <trkpt lat="31.112248170249376" lon="121.23896119833948">
        <ele>0.0</ele>
        <time>2025-07-05T12:38:25Z</time>
      </trkpt>
      <trkpt lat="31.112261166866794" lon="121.2389771998317">
        <ele>0.0</ele>
        <time>2025-07-05T12:38:26Z</time>
      </trkpt>
      <trkpt lat="31.11227316566816" lon="121.23900020252098">
        <ele>0.0</ele>
        <time>2025-07-05T12:38:27Z</time>
      </trkpt>
      <trkpt lat="31.11228016696773" lon="121.2390222054494">
        <ele>0.0</ele>
        <time>2025-07-05T12:38:28Z</time>
      </trkpt>
      <trkpt lat="31.11228616903238" lon="121.23904520859969">
        <ele>0.0</ele>
        <time>2025-07-05T12:38:29Z</time>
      </trkpt>
      <trkpt lat="31.112292171077133" lon="121.23906821172714">
        <ele>0.0</ele>
        <time>2025-07-05T12:38:30Z</time>
      </trkpt>
      <trkpt lat="31.11229817310198" lon="121.23909121483177">
        <ele>0.0</ele>
        <time>2025-07-05T12:38:31Z</time>
      </trkpt>
      <trkpt lat="31.11230317749853" lon="121.2391222192403">
        <ele>0.0</ele>
        <time>2025-07-05T12:38:32Z</time>
      </trkpt>
      <trkpt lat="31.112309179247465" lon="121.23914422213716">
        <ele>0.0</ele>
        <time>2025-07-05T12:38:33Z</time>
      </trkpt>
      <trkpt lat="31.112315181206522" lon="121.23916722516633">
        <ele>0.0</ele>
        <time>2025-07-05T12:38:34Z</time>
      </trkpt>
      <trkpt lat="31.11232018369601" lon="121.23919022825694">
        <ele>0.0</ele>
        <time>2025-07-05T12:38:35Z</time>
      </trkpt>
      <trkpt lat="31.11232618561524" lon="121.23921323124044">
        <ele>0.0</ele>
        <time>2025-07-05T12:38:36Z</time>
      </trkpt>
      <trkpt lat="31.11233218931905" lon="121.23924423540143">
        <ele>0.0</ele>
        <time>2025-07-05T12:38:37Z</time>
      </trkpt>
      <trkpt lat="31.112339190416634" lon="121.23926623809814">
        <ele>0.0</ele>
        <time>2025-07-05T12:38:38Z</time>
      </trkpt>
      <trkpt lat="31.112347191169412" lon="121.2392892408376">
        <ele>0.0</ele>
        <time>2025-07-05T12:38:39Z</time>
      </trkpt>
      <trkpt lat="31.11235519190229" lon="121.23931224355425">
        <ele>0.0</ele>
        <time>2025-07-05T12:38:40Z</time>
      </trkpt>
      <trkpt lat="31.112364193839593" lon="121.23934324732987">
        <ele>0.0</ele>
        <time>2025-07-05T12:38:41Z</time>
      </trkpt>
      <trkpt lat="31.112372194525737" lon="121.23936624999287">
        <ele>0.0</ele>
        <time>2025-07-05T12:38:42Z</time>
      </trkpt>
      <trkpt lat="31.11237919728098" lon="121.23939625372148">
        <ele>0.0</ele>
        <time>2025-07-05T12:38:43Z</time>
      </trkpt>
      <trkpt lat="31.112385199021848" lon="121.23941925650038">
        <ele>0.0</ele>
        <time>2025-07-05T12:38:44Z</time>
      </trkpt>
      <trkpt lat="31.1123892018434" lon="121.23944225942498">
        <ele>0.0</ele>
        <time>2025-07-05T12:38:45Z</time>
      </trkpt>
      <trkpt lat="31.112391207264256" lon="121.23947226347647">
        <ele>0.0</ele>
        <time>2025-07-05T12:38:46Z</time>
      </trkpt>
      <trkpt lat="31.112395210039864" lon="121.23949526634841">
        <ele>0.0</ele>
        <time>2025-07-05T12:38:47Z</time>
      </trkpt>
      <trkpt lat="31.112400212245234" lon="121.23951826911322">
        <ele>0.0</ele>
        <time>2025-07-05T12:38:48Z</time>
      </trkpt>
      <trkpt lat="31.11240821449231" lon="121.23954927269727">
        <ele>0.0</ele>
        <time>2025-07-05T12:38:49Z</time>
      </trkpt>
      <trkpt lat="31.112414216100596" lon="121.23957227532415">
        <ele>0.0</ele>
        <time>2025-07-05T12:38:50Z</time>
      </trkpt>
      <trkpt lat="31.112419219723566" lon="121.23960227895431">
        <ele>0.0</ele>
        <time>2025-07-05T12:38:51Z</time>
      </trkpt>
      <trkpt lat="31.112427220185356" lon="121.23962528135995">
        <ele>0.0</ele>
        <time>2025-07-05T12:38:52Z</time>
      </trkpt>
      <trkpt lat="31.112437220997005" lon="121.23965528450003">
        <ele>0.0</ele>
        <time>2025-07-05T12:38:53Z</time>
      </trkpt>
      <trkpt lat="31.112446222533798" lon="121.23968628781628">
        <ele>0.0</ele>
        <time>2025-07-05T12:38:54Z</time>
      </trkpt>
      <trkpt lat="31.11245822072177" lon="121.23970928980131">
        <ele>0.0</ele>
        <time>2025-07-05T12:38:55Z</time>
      </trkpt>
      <trkpt lat="31.11246921944012" lon="121.23973229184776">
        <ele>0.0</ele>
        <time>2025-07-05T12:38:56Z</time>
      </trkpt>
      <trkpt lat="31.112480219580657" lon="121.23976229476483">
        <ele>0.0</ele>
        <time>2025-07-05T12:38:57Z</time>
      </trkpt>
      <trkpt lat="31.112490218803398" lon="121.23978529684285">
        <ele>0.0</ele>
        <time>2025-07-05T12:38:58Z</time>
      </trkpt>
      <trkpt lat="31.11249622183915" lon="121.23981630023772">
        <ele>0.0</ele>
        <time>2025-07-05T12:38:59Z</time>
      </trkpt>
      <trkpt lat="31.11250122518621" lon="121.23984630355149">
        <ele>0.0</ele>
        <time>2025-07-05T12:39:00Z</time>
      </trkpt>
      <trkpt lat="31.112507226537115" lon="121.23986930588308">
        <ele>0.0</ele>
        <time>2025-07-05T12:39:01Z</time>
      </trkpt>
      <trkpt lat="31.112511230575134" lon="121.2399003093339">
        <ele>0.0</ele>
        <time>2025-07-05T12:39:02Z</time>
      </trkpt>
      <trkpt lat="31.112515232779845" lon="121.2399223116598">
        <ele>0.0</ele>
        <time>2025-07-05T12:39:03Z</time>
      </trkpt>
      <trkpt lat="31.112517237856338" lon="121.23995331520813">
        <ele>0.0</ele>
        <time>2025-07-05T12:39:04Z</time>
      </trkpt>
      <trkpt lat="31.112520240765107" lon="121.23997631768613">
        <ele>0.0</ele>
        <time>2025-07-05T12:39:05Z</time>
      </trkpt>
      <trkpt lat="31.112522244204143" lon="121.23999932022552">
        <ele>0.0</ele>
        <time>2025-07-05T12:39:06Z</time>
      </trkpt>
      <trkpt lat="31.112526247894305" lon="121.24002932338612">
        <ele>0.0</ele>
        <time>2025-07-05T12:39:07Z</time>
      </trkpt>
      <trkpt lat="31.11252825128733" lon="121.2400523258728">
        <ele>0.0</ele>
        <time>2025-07-05T12:39:08Z</time>
      </trkpt>
      <trkpt lat="31.11253225511126" lon="121.24008332907826">
        <ele>0.0</ele>
        <time>2025-07-05T12:39:09Z</time>
      </trkpt>
      <trkpt lat="31.112536257164045" lon="121.24010533123003">
        <ele>0.0</ele>
        <time>2025-07-05T12:39:10Z</time>
      </trkpt>
      <trkpt lat="31.112539261476183" lon="121.24013633444868">
        <ele>0.0</ele>
        <time>2025-07-05T12:39:11Z</time>
      </trkpt>
      <trkpt lat="31.11254126611165" lon="121.24016633760003">
        <ele>0.0</ele>
        <time>2025-07-05T12:39:12Z</time>
      </trkpt>
      <trkpt lat="31.11254526828528" lon="121.24018933978184">
        <ele>0.0</ele>
        <time>2025-07-05T12:39:13Z</time>
      </trkpt>
      <trkpt lat="31.112547271539384" lon="121.24021234210929">
        <ele>0.0</ele>
        <time>2025-07-05T12:39:14Z</time>
      </trkpt>
      <trkpt lat="31.112551275176067" lon="121.24024334510014">
        <ele>0.0</ele>
        <time>2025-07-05T12:39:15Z</time>
      </trkpt>
      <trkpt lat="31.112555277282844" lon="121.2402663472053">
        <ele>0.0</ele>
        <time>2025-07-05T12:39:16Z</time>
      </trkpt>
      <trkpt lat="31.112557281771036" lon="121.2402963501879">
        <ele>0.0</ele>
        <time>2025-07-05T12:39:17Z</time>
      </trkpt>
      <trkpt lat="31.112560284381992" lon="121.24031935232458">
        <ele>0.0</ele>
        <time>2025-07-05T12:39:18Z</time>
      </trkpt>
      <trkpt lat="31.112564287893417" lon="121.24035035517188">
        <ele>0.0</ele>
        <time>2025-07-05T12:39:19Z</time>
      </trkpt>
      <trkpt lat="31.11256629082484" lon="121.24037235723799">
        <ele>0.0</ele>
        <time>2025-07-05T12:39:20Z</time>
      </trkpt>
      <trkpt lat="31.112570294274214" lon="121.24040336001418">
        <ele>0.0</ele>
        <time>2025-07-05T12:39:21Z</time>
      </trkpt>
      <trkpt lat="31.112572297342425" lon="121.2404263621286">
        <ele>0.0</ele>
        <time>2025-07-05T12:39:22Z</time>
      </trkpt>
      <trkpt lat="31.112576300548906" lon="121.24045636473487">
        <ele>0.0</ele>
        <time>2025-07-05T12:39:23Z</time>
      </trkpt>
      <trkpt lat="31.112578303571063" lon="121.24047936679652">
        <ele>0.0</ele>
        <time>2025-07-05T12:39:24Z</time>
      </trkpt>
      <trkpt lat="31.11257830909593" lon="121.24051036976621">
        <ele>0.0</ele>
        <time>2025-07-05T12:39:25Z</time>
      </trkpt>
      <trkpt lat="31.11257931262136" lon="121.24053337185836">
        <ele>0.0</ele>
        <time>2025-07-05T12:39:26Z</time>
      </trkpt>
      <trkpt lat="31.112583315706555" lon="121.24056337432565">
        <ele>0.0</ele>
        <time>2025-07-05T12:39:27Z</time>
      </trkpt>
      <trkpt lat="31.112587317535333" lon="121.24058637611218">
        <ele>0.0</ele>
        <time>2025-07-05T12:39:28Z</time>
      </trkpt>
      <trkpt lat="31.112591319344123" lon="121.2406093778758">
        <ele>0.0</ele>
        <time>2025-07-05T12:39:29Z</time>
      </trkpt>
      <trkpt lat="31.11259532113293" lon="121.24063237961651">
        <ele>0.0</ele>
        <time>2025-07-05T12:39:30Z</time>
      </trkpt>
      <trkpt lat="31.112600323555725" lon="121.24066238187092">
        <ele>0.0</ele>
        <time>2025-07-05T12:39:31Z</time>
      </trkpt>
      <trkpt lat="31.11260432529847" lon="121.24068538355884">
        <ele>0.0</ele>
        <time>2025-07-05T12:39:32Z</time>
      </trkpt>
      <trkpt lat="31.11260832838124" lon="121.24071638591487">
        <ele>0.0</ele>
        <time>2025-07-05T12:39:33Z</time>
      </trkpt>
      <trkpt lat="31.112610331177418" lon="121.24073938771754">
        <ele>0.0</ele>
        <time>2025-07-05T12:39:34Z</time>
      </trkpt>
      <trkpt lat="31.112616332928727" lon="121.24076938974862">
        <ele>0.0</ele>
        <time>2025-07-05T12:39:35Z</time>
      </trkpt>
      <trkpt lat="31.11261933512865" lon="121.24079239141422">
        <ele>0.0</ele>
        <time>2025-07-05T12:39:36Z</time>
      </trkpt>
      <trkpt lat="31.1126233367584" lon="121.2408153929726">
        <ele>0.0</ele>
        <time>2025-07-05T12:39:37Z</time>
      </trkpt>
      <trkpt lat="31.112627339523893" lon="121.24084539507345">
        <ele>0.0</ele>
        <time>2025-07-05T12:39:38Z</time>
      </trkpt>
      <trkpt lat="31.11263134110757" lon="121.24086839657905">
        <ele>0.0</ele>
        <time>2025-07-05T12:39:39Z</time>
      </trkpt>
      <trkpt lat="31.112635342671247" lon="121.2408913980617">
        <ele>0.0</ele>
        <time>2025-07-05T12:39:40Z</time>
      </trkpt>
      <trkpt lat="31.11264034496246" lon="121.2409224000568">
        <ele>0.0</ele>
        <time>2025-07-05T12:39:41Z</time>
      </trkpt>
      <trkpt lat="31.112644346317982" lon="121.24094440140935">
        <ele>0.0</ele>
        <time>2025-07-05T12:39:42Z</time>
      </trkpt>
      <trkpt lat="31.112648347815586" lon="121.24096740281627">
        <ele>0.0</ele>
        <time>2025-07-05T12:39:43Z</time>
      </trkpt>
      <trkpt lat="31.112650351668208" lon="121.24099840496207">
        <ele>0.0</ele>
        <time>2025-07-05T12:39:44Z</time>
      </trkpt>
      <trkpt lat="31.11265235421917" lon="121.24102140648372">
        <ele>0.0</ele>
        <time>2025-07-05T12:39:45Z</time>
      </trkpt>
      <trkpt lat="31.112656356750996" lon="121.24105140831678">
        <ele>0.0</ele>
        <time>2025-07-05T12:39:46Z</time>
      </trkpt>
      <trkpt lat="31.112657359806008" lon="121.24107440986987">
        <ele>0.0</ele>
        <time>2025-07-05T12:39:47Z</time>
      </trkpt>
      <trkpt lat="31.11266336009023" lon="121.24109741097865">
        <ele>0.0</ele>
        <time>2025-07-05T12:39:48Z</time>
      </trkpt>
      <trkpt lat="31.112669361589823" lon="121.24112841261268">
        <ele>0.0</ele>
        <time>2025-07-05T12:39:49Z</time>
      </trkpt>
      <trkpt lat="31.11267536167368" lon="121.24115041360025">
        <ele>0.0</ele>
        <time>2025-07-05T12:39:50Z</time>
      </trkpt>
      <trkpt lat="31.112680362441974" lon="121.24117341471754">
        <ele>0.0</ele>
        <time>2025-07-05T12:39:51Z</time>
      </trkpt>
      <trkpt lat="31.11268436495277" lon="121.241204416418">
        <ele>0.0</ele>
        <time>2025-07-05T12:39:52Z</time>
      </trkpt>
      <trkpt lat="31.11269036512396" lon="121.24122741739717">
        <ele>0.0</ele>
        <time>2025-07-05T12:39:53Z</time>
      </trkpt>
      <trkpt lat="31.11269436637542" lon="121.24125041852194">
        <ele>0.0</ele>
        <time>2025-07-05T12:39:54Z</time>
      </trkpt>
      <trkpt lat="31.112697369197562" lon="121.24128042014145">
        <ele>0.0</ele>
        <time>2025-07-05T12:39:55Z</time>
      </trkpt>
      <trkpt lat="31.112699371503176" lon="121.24130342138193">
        <ele>0.0</ele>
        <time>2025-07-05T12:39:56Z</time>
      </trkpt>
      <trkpt lat="31.112697377015824" lon="121.24133342335388">
        <ele>0.0</ele>
        <time>2025-07-05T12:39:57Z</time>
      </trkpt>
      <trkpt lat="31.11269738037558" lon="121.24135642471005">
        <ele>0.0</ele>
        <time>2025-07-05T12:39:58Z</time>
      </trkpt>
      <trkpt lat="31.112703381571464" lon="121.24138742599597">
        <ele>0.0</ele>
        <time>2025-07-05T12:39:59Z</time>
      </trkpt>
      <trkpt lat="31.112709381583425" lon="121.24141042679263">
        <ele>0.0</ele>
        <time>2025-07-05T12:40:00Z</time>
      </trkpt>
      <trkpt lat="31.112713382675636" lon="121.2414334277349">
        <ele>0.0</ele>
        <time>2025-07-05T12:40:01Z</time>
      </trkpt>
      <trkpt lat="31.1127173847399" lon="121.24146342903205">
        <ele>0.0</ele>
        <time>2025-07-05T12:40:02Z</time>
      </trkpt>
      <trkpt lat="31.112726383035376" lon="121.24148642950007">
        <ele>0.0</ele>
        <time>2025-07-05T12:40:03Z</time>
      </trkpt>
      <trkpt lat="31.112739377008417" lon="121.2414944288257">
        <ele>0.0</ele>
        <time>2025-07-05T12:40:04Z</time>
      </trkpt>
      <trkpt lat="31.112753370288885" lon="121.24150142801214">
        <ele>0.0</ele>
        <time>2025-07-05T12:40:05Z</time>
      </trkpt>
      <trkpt lat="31.11277235983699" lon="121.24150142641089">
        <ele>0.0</ele>
        <time>2025-07-05T12:40:06Z</time>
      </trkpt>
      <trkpt lat="31.112791349385287" lon="121.24150142480963">
        <ele>0.0</ele>
        <time>2025-07-05T12:40:07Z</time>
      </trkpt>
      <trkpt lat="31.112806342254093" lon="121.2415094239615">
        <ele>0.0</ele>
        <time>2025-07-05T12:40:08Z</time>
      </trkpt>
      <trkpt lat="31.112820336646568" lon="121.2415244235542">
        <ele>0.0</ele>
        <time>2025-07-05T12:40:09Z</time>
      </trkpt>
      <trkpt lat="31.112827335989568" lon="121.2415474241299">
        <ele>0.0</ele>
        <time>2025-07-05T12:40:10Z</time>
      </trkpt>
      <trkpt lat="31.112831338061866" lon="121.24157842532756">
        <ele>0.0</ele>
        <time>2025-07-05T12:40:11Z</time>
      </trkpt>
      <trkpt lat="31.11283333901604" lon="121.24159342588668">
        <ele>0.0</ele>
        <time>2025-07-05T12:40:12Z</time>
      </trkpt>
      <trkpt lat="31.1128353410493" lon="121.24161642681493">
        <ele>0.0</ele>
        <time>2025-07-05T12:40:13Z</time>
      </trkpt>
      <trkpt lat="31.112837343062534" lon="121.24163942772022">
        <ele>0.0</ele>
        <time>2025-07-05T12:40:14Z</time>
      </trkpt>
      <trkpt lat="31.11283334822202" lon="121.24166142906302">
        <ele>0.0</ele>
        <time>2025-07-05T12:40:15Z</time>
      </trkpt>
      <trkpt lat="31.112831352396306" lon="121.2416844302605">
        <ele>0.0</ele>
        <time>2025-07-05T12:40:16Z</time>
      </trkpt>
      <trkpt lat="31.112831355450435" lon="121.2417074312665">
        <ele>0.0</ele>
        <time>2025-07-05T12:40:17Z</time>
      </trkpt>
      <trkpt lat="31.112833357384407" lon="121.24173043208098">
        <ele>0.0</ele>
        <time>2025-07-05T12:40:18Z</time>
      </trkpt>
      <trkpt lat="31.11283535929835" lon="121.24175343287251">
        <ele>0.0</ele>
        <time>2025-07-05T12:40:19Z</time>
      </trkpt>
      <trkpt lat="31.112837362099512" lon="121.24178343392177">
        <ele>0.0</ele>
        <time>2025-07-05T12:40:20Z</time>
      </trkpt>
      <trkpt lat="31.112840363417234" lon="121.24180643457612">
        <ele>0.0</ele>
        <time>2025-07-05T12:40:21Z</time>
      </trkpt>
      <trkpt lat="31.112844364164868" lon="121.24182943512325">
        <ele>0.0</ele>
        <time>2025-07-05T12:40:22Z</time>
      </trkpt>
      <trkpt lat="31.112850362903416" lon="121.24184543521918">
        <ele>0.0</ele>
        <time>2025-07-05T12:40:23Z</time>
      </trkpt>
      <trkpt lat="31.112858361290627" lon="121.241867435354">
        <ele>0.0</ele>
        <time>2025-07-05T12:40:24Z</time>
      </trkpt>
      <trkpt lat="31.11286536033503" lon="121.24189043558741">
        <ele>0.0</ele>
        <time>2025-07-05T12:40:25Z</time>
      </trkpt>
      <trkpt lat="31.11286936100954" lon="121.24191343605068">
        <ele>0.0</ele>
        <time>2025-07-05T12:40:26Z</time>
      </trkpt>
      <trkpt lat="31.112871361773454" lon="121.24192843639175">
        <ele>0.0</ele>
        <time>2025-07-05T12:40:27Z</time>
      </trkpt>
      <trkpt lat="31.11287536241487" lon="121.2419514368171">
        <ele>0.0</ele>
        <time>2025-07-05T12:40:28Z</time>
      </trkpt>
      <trkpt lat="31.11287936401296" lon="121.24198243747131">
        <ele>0.0</ele>
        <time>2025-07-05T12:40:29Z</time>
      </trkpt>
      <trkpt lat="31.11288236515738" lon="121.24200543792703">
        <ele>0.0</ele>
        <time>2025-07-05T12:40:30Z</time>
      </trkpt>
      <trkpt lat="31.11288836463166" lon="121.24202843810694">
        <ele>0.0</ele>
        <time>2025-07-05T12:40:31Z</time>
      </trkpt>
      <trkpt lat="31.112894363966582" lon="121.24205043823558">
        <ele>0.0</ele>
        <time>2025-07-05T12:40:32Z</time>
      </trkpt>
      <trkpt lat="31.112900363401693" lon="121.24207343837057">
        <ele>0.0</ele>
        <time>2025-07-05T12:40:33Z</time>
      </trkpt>
      <trkpt lat="31.112905363366796" lon="121.24209643856688">
        <ele>0.0</ele>
        <time>2025-07-05T12:40:34Z</time>
      </trkpt>
      <trkpt lat="31.11291336166182" lon="121.24211943848738">
        <ele>0.0</ele>
        <time>2025-07-05T12:40:35Z</time>
      </trkpt>
      <trkpt lat="31.11291736213689" lon="121.24214243872203">
        <ele>0.0</ele>
        <time>2025-07-05T12:40:36Z</time>
      </trkpt>
      <trkpt lat="31.112921363510736" lon="121.24217343911921">
        <ele>0.0</ele>
        <time>2025-07-05T12:40:37Z</time>
      </trkpt>
      <trkpt lat="31.112922365474947" lon="121.24219543953073">
        <ele>0.0</ele>
        <time>2025-07-05T12:40:38Z</time>
      </trkpt>
      <trkpt lat="31.112926365883798" lon="121.2422184396895">
        <ele>0.0</ele>
        <time>2025-07-05T12:40:39Z</time>
      </trkpt>
      <trkpt lat="31.112934364072583" lon="121.24224143948817">
        <ele>0.0</ele>
        <time>2025-07-05T12:40:40Z</time>
      </trkpt>
      <trkpt lat="31.112938364441366" lon="121.24226443960099">
        <ele>0.0</ele>
        <time>2025-07-05T12:40:41Z</time>
      </trkpt>
      <trkpt lat="31.112940366771937" lon="121.24229544000252">
        <ele>0.0</ele>
        <time>2025-07-05T12:40:42Z</time>
      </trkpt>
      <trkpt lat="31.112940370057174" lon="121.24232544051448">
        <ele>0.0</ele>
        <time>2025-07-05T12:40:43Z</time>
      </trkpt>
      <trkpt lat="31.112940372552753" lon="121.2423484408805">
        <ele>0.0</ele>
        <time>2025-07-05T12:40:44Z</time>
      </trkpt>
      <trkpt lat="31.112940375777725" lon="121.24237844132341">
        <ele>0.0</ele>
        <time>2025-07-05T12:40:45Z</time>
      </trkpt>
      <trkpt lat="31.112943376577096" lon="121.24240144138366">
        <ele>0.0</ele>
        <time>2025-07-05T12:40:46Z</time>
      </trkpt>
      <trkpt lat="31.112951374606425" lon="121.24242444099959">
        <ele>0.0</ele>
        <time>2025-07-05T12:40:47Z</time>
      </trkpt>
      <trkpt lat="31.11296137151575" lon="121.24244744042394">
        <ele>0.0</ele>
        <time>2025-07-05T12:40:48Z</time>
      </trkpt>
      <trkpt lat="31.11296837005504" lon="121.24247044007818">
        <ele>0.0</ele>
        <time>2025-07-05T12:40:49Z</time>
      </trkpt>
      <trkpt lat="31.112970372143586" lon="121.24250144020236">
        <ele>0.0</ele>
        <time>2025-07-05T12:40:50Z</time>
      </trkpt>
      <trkpt lat="31.112972373284332" lon="121.24252344021623">
        <ele>0.0</ele>
        <time>2025-07-05T12:40:51Z</time>
      </trkpt>
      <trkpt lat="31.112970377510543" lon="121.24255444060618">
        <ele>0.0</ele>
        <time>2025-07-05T12:40:52Z</time>
      </trkpt>
      <trkpt lat="31.112970380501242" lon="121.24258444078067">
        <ele>0.0</ele>
        <time>2025-07-05T12:40:53Z</time>
      </trkpt>
      <trkpt lat="31.112968384655755" lon="121.24261544108847">
        <ele>0.0</ele>
        <time>2025-07-05T12:40:54Z</time>
      </trkpt>
      <trkpt lat="31.112974383598562" lon="121.24263844065914">
        <ele>0.0</ele>
        <time>2025-07-05T12:40:55Z</time>
      </trkpt>
      <trkpt lat="31.11298038319382" lon="121.2426684402185">
        <ele>0.0</ele>
        <time>2025-07-05T12:40:56Z</time>
      </trkpt>
      <trkpt lat="31.11298138484034" lon="121.24269144015759">
        <ele>0.0</ele>
        <time>2025-07-05T12:40:57Z</time>
      </trkpt>
      <trkpt lat="31.112985384816866" lon="121.24271443982086">
        <ele>0.0</ele>
        <time>2025-07-05T12:40:58Z</time>
      </trkpt>
      <trkpt lat="31.1129873858733" lon="121.24273743962972">
        <ele>0.0</ele>
        <time>2025-07-05T12:40:59Z</time>
      </trkpt>
      <trkpt lat="31.11298738800963" lon="121.24276043958415">
        <ele>0.0</ele>
        <time>2025-07-05T12:41:00Z</time>
      </trkpt>
      <trkpt lat="31.11298938902594" lon="121.24278343934702">
        <ele>0.0</ele>
        <time>2025-07-05T12:41:01Z</time>
      </trkpt>
      <trkpt lat="31.112993388922245" lon="121.24280643891838">
        <ele>0.0</ele>
        <time>2025-07-05T12:41:02Z</time>
      </trkpt>
      <trkpt lat="31.11299938832644" lon="121.24283643825878">
        <ele>0.0</ele>
        <time>2025-07-05T12:41:03Z</time>
      </trkpt>
      <trkpt lat="31.113000389826446" lon="121.24285943802998">
        <ele>0.0</ele>
        <time>2025-07-05T12:41:04Z</time>
      </trkpt>
      <trkpt lat="31.11299939240633" lon="121.24288243794678">
        <ele>0.0</ele>
        <time>2025-07-05T12:41:05Z</time>
      </trkpt>
      <trkpt lat="31.112999394416182" lon="121.24290543775629">
        <ele>0.0</ele>
        <time>2025-07-05T12:41:06Z</time>
      </trkpt>
      <trkpt lat="31.113000395855998" lon="121.24292843745854">
        <ele>0.0</ele>
        <time>2025-07-05T12:41:07Z</time>
      </trkpt>
      <trkpt lat="31.113004395625843" lon="121.24295143688498">
        <ele>0.0</ele>
        <time>2025-07-05T12:41:08Z</time>
      </trkpt>
      <trkpt lat="31.113006396391214" lon="121.24297343646874">
        <ele>0.0</ele>
        <time>2025-07-05T12:41:09Z</time>
      </trkpt>
      <trkpt lat="31.113012395021883" lon="121.24299643568163">
        <ele>0.0</ele>
        <time>2025-07-05T12:41:10Z</time>
      </trkpt>
      <trkpt lat="31.11301839363251" lon="121.24301943487154">
        <ele>0.0</ele>
        <time>2025-07-05T12:41:11Z</time>
      </trkpt>
      <trkpt lat="31.113021394525767" lon="121.24305043417203">
        <ele>0.0</ele>
        <time>2025-07-05T12:41:12Z</time>
      </trkpt>
      <trkpt lat="31.113025394189222" lon="121.24307343347652">
        <ele>0.0</ele>
        <time>2025-07-05T12:41:13Z</time>
      </trkpt>
      <trkpt lat="31.113027394852807" lon="121.24309543294365">
        <ele>0.0</ele>
        <time>2025-07-05T12:41:14Z</time>
      </trkpt>
      <trkpt lat="31.113031395106752" lon="121.24312643205745">
        <ele>0.0</ele>
        <time>2025-07-05T12:41:15Z</time>
      </trkpt>
      <trkpt lat="31.11303339580382" lon="121.24314943145453">
        <ele>0.0</ele>
        <time>2025-07-05T12:41:16Z</time>
      </trkpt>
      <trkpt lat="31.113037395380925" lon="121.24317243066005">
        <ele>0.0</ele>
        <time>2025-07-05T12:41:17Z</time>
      </trkpt>
      <trkpt lat="31.113039396568574" lon="121.24320242986039">
        <ele>0.0</ele>
        <time>2025-07-05T12:41:18Z</time>
      </trkpt>
      <trkpt lat="31.113040397749284" lon="121.24322542926576">
        <ele>0.0</ele>
        <time>2025-07-05T12:41:19Z</time>
      </trkpt>
      <trkpt lat="31.113042398950263" lon="121.24325642837296">
        <ele>0.0</ele>
        <time>2025-07-05T12:41:20Z</time>
      </trkpt>
      <trkpt lat="31.11304439953391" lon="121.24327942764008">
        <ele>0.0</ele>
        <time>2025-07-05T12:41:21Z</time>
      </trkpt>
      <trkpt lat="31.11304640002558" lon="121.24330142691021">
        <ele>0.0</ele>
        <time>2025-07-05T12:41:22Z</time>
      </trkpt>
      <trkpt lat="31.113048401137174" lon="121.243332425915">
        <ele>0.0</ele>
        <time>2025-07-05T12:41:23Z</time>
      </trkpt>
      <trkpt lat="31.11305240055462" lon="121.24335542493758">
        <ele>0.0</ele>
        <time>2025-07-05T12:41:24Z</time>
      </trkpt>
      <trkpt lat="31.1130564004341" lon="121.2433854237307">
        <ele>0.0</ele>
        <time>2025-07-05T12:41:25Z</time>
      </trkpt>
      <trkpt lat="31.1130584014469" lon="121.24341642262229">
        <ele>0.0</ele>
        <time>2025-07-05T12:41:26Z</time>
      </trkpt>
      <trkpt lat="31.113059402440868" lon="121.2434394218137">
        <ele>0.0</ele>
        <time>2025-07-05T12:41:27Z</time>
      </trkpt>
      <trkpt lat="31.113061402864826" lon="121.24346242089784">
        <ele>0.0</ele>
        <time>2025-07-05T12:41:28Z</time>
      </trkpt>
      <trkpt lat="31.113061404822265" lon="121.24349241988854">
        <ele>0.0</ele>
        <time>2025-07-05T12:41:29Z</time>
      </trkpt>
      <trkpt lat="31.113065404100094" lon="121.24351541875112">
        <ele>0.0</ele>
        <time>2025-07-05T12:41:30Z</time>
      </trkpt>
      <trkpt lat="31.113067404959974" lon="121.24354641746751">
        <ele>0.0</ele>
        <time>2025-07-05T12:41:31Z</time>
      </trkpt>
      <trkpt lat="31.113071404128906" lon="121.2435684163137">
        <ele>0.0</ele>
        <time>2025-07-05T12:41:32Z</time>
      </trkpt>
      <trkpt lat="31.113073404926443" lon="121.24359941495865">
        <ele>0.0</ele>
        <time>2025-07-05T12:41:33Z</time>
      </trkpt>
      <trkpt lat="31.1130774041109" lon="121.24362241371423">
        <ele>0.0</ele>
        <time>2025-07-05T12:41:34Z</time>
      </trkpt>
      <trkpt lat="31.113079404786323" lon="121.24365241232768">
        <ele>0.0</ele>
        <time>2025-07-05T12:41:35Z</time>
      </trkpt>
      <trkpt lat="31.113079406124236" lon="121.24367541136738">
        <ele>0.0</ele>
        <time>2025-07-05T12:41:36Z</time>
      </trkpt>
      <trkpt lat="31.11308040734582" lon="121.24370640995237">
        <ele>0.0</ele>
        <time>2025-07-05T12:41:37Z</time>
      </trkpt>
      <trkpt lat="31.113084406436887" lon="121.24372940860094">
        <ele>0.0</ele>
        <time>2025-07-05T12:41:38Z</time>
      </trkpt>
      <trkpt lat="31.113088405507884" lon="121.24375240722652">
        <ele>0.0</ele>
        <time>2025-07-05T12:41:39Z</time>
      </trkpt>
      <trkpt lat="31.11309240493545" lon="121.2437824055018">
        <ele>0.0</ele>
        <time>2025-07-05T12:41:40Z</time>
      </trkpt>
      <trkpt lat="31.11309240615988" lon="121.24380540441149">
        <ele>0.0</ele>
        <time>2025-07-05T12:41:41Z</time>
      </trkpt>
      <trkpt lat="31.11309040882663" lon="121.24383540312331">
        <ele>0.0</ele>
        <time>2025-07-05T12:41:42Z</time>
      </trkpt>
      <trkpt lat="31.113088411104627" lon="121.24385840214853">
        <ele>0.0</ele>
        <time>2025-07-05T12:41:43Z</time>
      </trkpt>
      <trkpt lat="31.113088412660808" lon="121.24388940057113">
        <ele>0.0</ele>
        <time>2025-07-05T12:41:44Z</time>
      </trkpt>
      <trkpt lat="31.11309640939245" lon="121.24391239869955">
        <ele>0.0</ele>
        <time>2025-07-05T12:41:45Z</time>
      </trkpt>
      <trkpt lat="31.113101407753796" lon="121.2439353970578">
        <ele>0.0</ele>
        <time>2025-07-05T12:41:46Z</time>
      </trkpt>
      <trkpt lat="31.11310540659797" lon="121.24395739553187">
        <ele>0.0</ele>
        <time>2025-07-05T12:41:47Z</time>
      </trkpt>
      <trkpt lat="31.113105408037647" lon="121.24398839382097">
        <ele>0.0</ele>
        <time>2025-07-05T12:41:48Z</time>
      </trkpt>
      <trkpt lat="31.113105409440845" lon="121.24401939206831">
        <ele>0.0</ele>
        <time>2025-07-05T12:41:49Z</time>
      </trkpt>
      <trkpt lat="31.113107409664217" lon="121.24404939016381">
        <ele>0.0</ele>
        <time>2025-07-05T12:41:50Z</time>
      </trkpt>
      <trkpt lat="31.113109409895795" lon="121.24408038816034">
        <ele>0.0</ele>
        <time>2025-07-05T12:41:51Z</time>
      </trkpt>
      <trkpt lat="31.113113408949875" lon="121.24411038600769">
        <ele>0.0</ele>
        <time>2025-07-05T12:41:52Z</time>
      </trkpt>
      <trkpt lat="31.11311940658847" lon="121.2441333840836">
        <ele>0.0</ele>
        <time>2025-07-05T12:41:53Z</time>
      </trkpt>
      <trkpt lat="31.113122406132113" lon="121.24416338194608">
        <ele>0.0</ele>
        <time>2025-07-05T12:41:54Z</time>
      </trkpt>
      <trkpt lat="31.11312840372446" lon="121.24418637996897">
        <ele>0.0</ele>
        <time>2025-07-05T12:41:55Z</time>
      </trkpt>
      <trkpt lat="31.113132402954207" lon="121.24422437715036">
        <ele>0.0</ele>
        <time>2025-07-05T12:41:56Z</time>
      </trkpt>
      <trkpt lat="31.113134402692907" lon="121.24424737544935">
        <ele>0.0</ele>
        <time>2025-07-05T12:41:57Z</time>
      </trkpt>
      <trkpt lat="31.11313840159169" lon="121.24427837301033">
        <ele>0.0</ele>
        <time>2025-07-05T12:41:58Z</time>
      </trkpt>
      <trkpt lat="31.113141400733348" lon="121.24430137117102">
        <ele>0.0</ele>
        <time>2025-07-05T12:41:59Z</time>
      </trkpt>
      <trkpt lat="31.113147398205243" lon="121.24432436905583">
        <ele>0.0</ele>
        <time>2025-07-05T12:42:00Z</time>
      </trkpt>
      <trkpt lat="31.113149397856635" lon="121.24434736725478">
        <ele>0.0</ele>
        <time>2025-07-05T12:42:01Z</time>
      </trkpt>
      <trkpt lat="31.113149398806236" lon="121.24437736509086">
        <ele>0.0</ele>
        <time>2025-07-05T12:42:02Z</time>
      </trkpt>
      <trkpt lat="31.113151398411343" lon="121.24440036323676">
        <ele>0.0</ele>
        <time>2025-07-05T12:42:03Z</time>
      </trkpt>
      <trkpt lat="31.113153398200797" lon="121.2444303608351">
        <ele>0.0</ele>
        <time>2025-07-05T12:42:04Z</time>
      </trkpt>
      <trkpt lat="31.113157396884212" lon="121.24446135814931">
        <ele>0.0</ele>
        <time>2025-07-05T12:42:05Z</time>
      </trkpt>
      <trkpt lat="31.1131603960543" lon="121.24449135558378">
        <ele>0.0</ele>
        <time>2025-07-05T12:42:06Z</time>
      </trkpt>
      <trkpt lat="31.113162395559858" lon="121.24451435361563">
        <ele>0.0</ele>
        <time>2025-07-05T12:42:07Z</time>
      </trkpt>
      <trkpt lat="31.113160397640137" lon="121.24455335068014">
        <ele>0.0</ele>
        <time>2025-07-05T12:42:08Z</time>
      </trkpt>
      <trkpt lat="31.113162397067995" lon="121.24457534873137">
        <ele>0.0</ele>
        <time>2025-07-05T12:42:09Z</time>
      </trkpt>
      <trkpt lat="31.11316439668051" lon="121.2446063460186">
        <ele>0.0</ele>
        <time>2025-07-05T12:42:10Z</time>
      </trkpt>
      <trkpt lat="31.113166396235304" lon="121.24463634334812">
        <ele>0.0</ele>
        <time>2025-07-05T12:42:11Z</time>
      </trkpt>
      <trkpt lat="31.113166396713986" lon="121.24465934140345">
        <ele>0.0</ele>
        <time>2025-07-05T12:42:12Z</time>
      </trkpt>
      <trkpt lat="31.113164398427145" lon="121.24469033891452">
        <ele>0.0</ele>
        <time>2025-07-05T12:42:13Z</time>
      </trkpt>
      <trkpt lat="31.113319316396375" lon="121.24549124268766">
        <ele>0.0</ele>
        <time>2025-07-05T12:42:14Z</time>
      </trkpt>
      <trkpt lat="31.113326312194022" lon="121.24552123844063">
        <ele>0.0</ele>
        <time>2025-07-05T12:42:16Z</time>
      </trkpt>
      <trkpt lat="31.113328310583416" lon="121.24556023345936">
        <ele>0.0</ele>
        <time>2025-07-05T12:42:18Z</time>
      </trkpt>
      <trkpt lat="31.11333030938599" lon="121.24556723241996">
        <ele>0.0</ele>
        <time>2025-07-05T12:42:19Z</time>
      </trkpt>
      <trkpt lat="31.113332308070493" lon="121.24558223037816">
        <ele>0.0</ele>
        <time>2025-07-05T12:42:20Z</time>
      </trkpt>
      <trkpt lat="31.113334306731183" lon="121.24559822820068">
        <ele>0.0</ele>
        <time>2025-07-05T12:42:21Z</time>
      </trkpt>
      <trkpt lat="31.113338304298452" lon="121.24561322597009">
        <ele>0.0</ele>
        <time>2025-07-05T12:42:22Z</time>
      </trkpt>
      <trkpt lat="31.113340302956754" lon="121.24562822389827">
        <ele>0.0</ele>
        <time>2025-07-05T12:42:23Z</time>
      </trkpt>
      <trkpt lat="31.113342301606515" lon="121.24564322181665">
        <ele>0.0</ele>
        <time>2025-07-05T12:42:24Z</time>
      </trkpt>
      <trkpt lat="31.113345299556205" lon="121.24566621861146">
        <ele>0.0</ele>
        <time>2025-07-05T12:42:25Z</time>
      </trkpt>
      <trkpt lat="31.11335129583646" lon="121.2456892151304">
        <ele>0.0</ele>
        <time>2025-07-05T12:42:26Z</time>
      </trkpt>
      <trkpt lat="31.113359290838943" lon="121.24572021040943">
        <ele>0.0</ele>
        <time>2025-07-05T12:42:27Z</time>
      </trkpt>
      <trkpt lat="31.11336628637581" lon="121.24575020586347">
        <ele>0.0</ele>
        <time>2025-07-05T12:42:28Z</time>
      </trkpt>
      <trkpt lat="31.11337228258276" lon="121.24577320229837">
        <ele>0.0</ele>
        <time>2025-07-05T12:42:29Z</time>
      </trkpt>
      <trkpt lat="31.113378278044358" lon="121.24582719451921">
        <ele>0.0</ele>
        <time>2025-07-05T12:42:31Z</time>
      </trkpt>
      <trkpt lat="31.113382275108666" lon="121.24585719008647">
        <ele>0.0</ele>
        <time>2025-07-05T12:42:32Z</time>
      </trkpt>
      <trkpt lat="31.11338727177196" lon="121.24588018649855">
        <ele>0.0</ele>
        <time>2025-07-05T12:42:33Z</time>
      </trkpt>
      <trkpt lat="31.11340126241884" lon="121.245941176809">
        <ele>0.0</ele>
        <time>2025-07-05T12:42:35Z</time>
      </trkpt>
      <trkpt lat="31.1134062590088" lon="121.24596417313704">
        <ele>0.0</ele>
        <time>2025-07-05T12:42:36Z</time>
      </trkpt>
      <trkpt lat="31.113418250560706" lon="121.24602516339313">
        <ele>0.0</ele>
        <time>2025-07-05T12:42:38Z</time>
      </trkpt>
      <trkpt lat="31.113422247627078" lon="121.24604815972138">
        <ele>0.0</ele>
        <time>2025-07-05T12:42:39Z</time>
      </trkpt>
      <trkpt lat="31.113427243889934" lon="121.2460781549159">
        <ele>0.0</ele>
        <time>2025-07-05T12:42:40Z</time>
      </trkpt>
      <trkpt lat="31.113435237910043" lon="121.24612414744334">
        <ele>0.0</ele>
        <time>2025-07-05T12:42:42Z</time>
      </trkpt>
      <trkpt lat="31.113441233500186" lon="121.24615514230425">
        <ele>0.0</ele>
        <time>2025-07-05T12:42:43Z</time>
      </trkpt>
      <trkpt lat="31.11344622994062" lon="121.24617713856925">
        <ele>0.0</ele>
        <time>2025-07-05T12:42:44Z</time>
      </trkpt>
      <trkpt lat="31.113450226567856" lon="121.24620813352726">
        <ele>0.0</ele>
        <time>2025-07-05T12:42:45Z</time>
      </trkpt>
      <trkpt lat="31.113456222374996" lon="121.24623112950384">
        <ele>0.0</ele>
        <time>2025-07-05T12:42:46Z</time>
      </trkpt>
      <trkpt lat="31.113462217879718" lon="121.24626112437521">
        <ele>0.0</ele>
        <time>2025-07-05T12:42:47Z</time>
      </trkpt>
      <trkpt lat="31.113465215289757" lon="121.2462841205516">
        <ele>0.0</ele>
        <time>2025-07-05T12:42:48Z</time>
      </trkpt>
      <trkpt lat="31.113467212890495" lon="121.24631511553389">
        <ele>0.0</ele>
        <time>2025-07-05T12:42:49Z</time>
      </trkpt>
      <trkpt lat="31.11347120939898" lon="121.24634511046422">
        <ele>0.0</ele>
        <time>2025-07-05T12:42:50Z</time>
      </trkpt>
      <trkpt lat="31.11347720508652" lon="121.2463681063037">
        <ele>0.0</ele>
        <time>2025-07-05T12:42:51Z</time>
      </trkpt>
      <trkpt lat="31.11348320038954" lon="121.24639910083556">
        <ele>0.0</ele>
        <time>2025-07-05T12:42:52Z</time>
      </trkpt>
      <trkpt lat="31.113485198228776" lon="121.24642209695818">
        <ele>0.0</ele>
        <time>2025-07-05T12:42:53Z</time>
      </trkpt>
      <trkpt lat="31.113488195165107" lon="121.24645209183315">
        <ele>0.0</ele>
        <time>2025-07-05T12:42:54Z</time>
      </trkpt>
      <trkpt lat="31.113492191858647" lon="121.24647508773415">
        <ele>0.0</ele>
        <time>2025-07-05T12:42:55Z</time>
      </trkpt>
      <trkpt lat="31.113494189234558" lon="121.24650608245888">
        <ele>0.0</ele>
        <time>2025-07-05T12:42:56Z</time>
      </trkpt>
      <trkpt lat="31.113498185931576" lon="121.24652807847224">
        <ele>0.0</ele>
        <time>2025-07-05T12:42:57Z</time>
      </trkpt>
      <trkpt lat="31.113500183245097" lon="121.24655907312548">
        <ele>0.0</ele>
        <time>2025-07-05T12:42:58Z</time>
      </trkpt>
      <trkpt lat="31.11350417984521" lon="121.24658206891944">
        <ele>0.0</ele>
        <time>2025-07-05T12:42:59Z</time>
      </trkpt>
      <trkpt lat="31.11350717659929" lon="121.24661206358563">
        <ele>0.0</ele>
        <time>2025-07-05T12:43:00Z</time>
      </trkpt>
      <trkpt lat="31.113511173153128" lon="121.24663505932656">
        <ele>0.0</ele>
        <time>2025-07-05T12:43:01Z</time>
      </trkpt>
      <trkpt lat="31.113515169241325" lon="121.24666605366694">
        <ele>0.0</ele>
        <time>2025-07-05T12:43:02Z</time>
      </trkpt>
      <trkpt lat="31.113521164648642" lon="121.24668904918528">
        <ele>0.0</ele>
        <time>2025-07-05T12:43:03Z</time>
      </trkpt>
      <trkpt lat="31.11352616058558" lon="121.24671204476489">
        <ele>0.0</ele>
        <time>2025-07-05T12:43:04Z</time>
      </trkpt>
      <trkpt lat="31.113530156641914" lon="121.24674203917716">
        <ele>0.0</ele>
        <time>2025-07-05T12:43:05Z</time>
      </trkpt>
      <trkpt lat="31.113534153082266" lon="121.24676503478806">
        <ele>0.0</ele>
        <time>2025-07-05T12:43:06Z</time>
      </trkpt>
      <trkpt lat="31.113540147978895" lon="121.24679502896257">
        <ele>0.0</ele>
        <time>2025-07-05T12:43:07Z</time>
      </trkpt>
      <trkpt lat="31.113542145472334" lon="121.246818024689">
        <ele>0.0</ele>
        <time>2025-07-05T12:43:08Z</time>
      </trkpt>
      <trkpt lat="31.113546141345186" lon="121.24684901878267">
        <ele>0.0</ele>
        <time>2025-07-05T12:43:09Z</time>
      </trkpt>
      <trkpt lat="31.1135491382418" lon="121.2468720143708">
        <ele>0.0</ele>
        <time>2025-07-05T12:43:10Z</time>
      </trkpt>
      <trkpt lat="31.113557132885116" lon="121.2468870109717">
        <ele>0.0</ele>
        <time>2025-07-05T12:43:11Z</time>
      </trkpt>
      <trkpt lat="31.11355913029823" lon="121.24691000660613">
        <ele>0.0</ele>
        <time>2025-07-05T12:43:12Z</time>
      </trkpt>
      <trkpt lat="31.11356112821794" lon="121.24692500368796">
        <ele>0.0</ele>
        <time>2025-07-05T12:43:13Z</time>
      </trkpt>
      <trkpt lat="31.113565124498546" lon="121.24694799911579">
        <ele>0.0</ele>
        <time>2025-07-05T12:43:14Z</time>
      </trkpt>
      <trkpt lat="31.113570119193714" lon="121.24698599164697">
        <ele>0.0</ele>
        <time>2025-07-05T12:43:15Z</time>
      </trkpt>
      <trkpt lat="31.11357211652039" lon="121.24700898718235">
        <ele>0.0</ele>
        <time>2025-07-05T12:43:16Z</time>
      </trkpt>
      <trkpt lat="31.1135761121685" lon="121.2470399810185">
        <ele>0.0</ele>
        <time>2025-07-05T12:43:17Z</time>
      </trkpt>
      <trkpt lat="31.113580108419622" lon="121.24706197652092">
        <ele>0.0</ele>
        <time>2025-07-05T12:43:18Z</time>
      </trkpt>
      <trkpt lat="31.11358010620399" lon="121.24709297062276">
        <ele>0.0</ele>
        <time>2025-07-05T12:43:19Z</time>
      </trkpt>
      <trkpt lat="31.113582103437246" lon="121.24711596605113">
        <ele>0.0</ele>
        <time>2025-07-05T12:43:20Z</time>
      </trkpt>
      <trkpt lat="31.113586099033537" lon="121.2471459599363">
        <ele>0.0</ele>
        <time>2025-07-05T12:43:21Z</time>
      </trkpt>
      <trkpt lat="31.11358909567087" lon="121.24716895522738">
        <ele>0.0</ele>
        <time>2025-07-05T12:43:22Z</time>
      </trkpt>
      <trkpt lat="31.113593091738483" lon="121.24719195041116">
        <ele>0.0</ele>
        <time>2025-07-05T12:43:23Z</time>
      </trkpt>
      <trkpt lat="31.11359908607198" lon="121.24722294383204">
        <ele>0.0</ele>
        <time>2025-07-05T12:43:24Z</time>
      </trkpt>
      <trkpt lat="31.11360807934425" lon="121.24724593854037">
        <ele>0.0</ele>
        <time>2025-07-05T12:43:25Z</time>
      </trkpt>
      <trkpt lat="31.113616073224847" lon="121.24726793350855">
        <ele>0.0</ele>
        <time>2025-07-05T12:43:26Z</time>
      </trkpt>
      <trkpt lat="31.113620068568245" lon="121.24729892699558">
        <ele>0.0</ele>
        <time>2025-07-05T12:43:27Z</time>
      </trkpt>
      <trkpt lat="31.113622065621684" lon="121.24732192221794">
        <ele>0.0</ele>
        <time>2025-07-05T12:43:28Z</time>
      </trkpt>
      <trkpt lat="31.113622063181992" lon="121.24735191617154">
        <ele>0.0</ele>
        <time>2025-07-05T12:43:29Z</time>
      </trkpt>
      <trkpt lat="31.1136260590899" lon="121.24737491117232">
        <ele>0.0</ele>
        <time>2025-07-05T12:43:30Z</time>
      </trkpt>
      <trkpt lat="31.113629055527365" lon="121.24739790623438">
        <ele>0.0</ele>
        <time>2025-07-05T12:43:31Z</time>
      </trkpt>
      <trkpt lat="31.11363504961857" lon="121.24742889937762">
        <ele>0.0</ele>
        <time>2025-07-05T12:43:32Z</time>
      </trkpt>
      <trkpt lat="31.113641044360037" lon="121.24745189413282">
        <ele>0.0</ele>
        <time>2025-07-05T12:43:33Z</time>
      </trkpt>
      <trkpt lat="31.113647039167994" lon="121.24747388907255">
        <ele>0.0</ele>
        <time>2025-07-05T12:43:34Z</time>
      </trkpt>
      <trkpt lat="31.113650034818686" lon="121.24750488236621">
        <ele>0.0</ele>
        <time>2025-07-05T12:43:35Z</time>
      </trkpt>
      <trkpt lat="31.113656029493857" lon="121.24752787704543">
        <ele>0.0</ele>
        <time>2025-07-05T12:43:36Z</time>
      </trkpt>
      <trkpt lat="31.113664022422704" lon="121.24755787005606">
        <ele>0.0</ele>
        <time>2025-07-05T12:43:37Z</time>
      </trkpt>
      <trkpt lat="31.113668018150875" lon="121.24758086485085">
        <ele>0.0</ele>
        <time>2025-07-05T12:43:38Z</time>
      </trkpt>
      <trkpt lat="31.11367101440858" lon="121.24760385970694">
        <ele>0.0</ele>
        <time>2025-07-05T12:43:39Z</time>
      </trkpt>
      <trkpt lat="31.11367900715835" lon="121.24763485240398">
        <ele>0.0</ele>
        <time>2025-07-05T12:43:40Z</time>
      </trkpt>
      <trkpt lat="31.11368700062095" lon="121.24765784678463">
        <ele>0.0</ele>
        <time>2025-07-05T12:43:41Z</time>
      </trkpt>
      <trkpt lat="31.11369199580665" lon="121.24767984161164">
        <ele>0.0</ele>
        <time>2025-07-05T12:43:42Z</time>
      </trkpt>
      <trkpt lat="31.113693991764652" lon="121.24771083471202">
        <ele>0.0</ele>
        <time>2025-07-05T12:43:43Z</time>
      </trkpt>
      <trkpt lat="31.113693988785375" lon="121.2477418279392">
        <ele>0.0</ele>
        <time>2025-07-05T12:43:44Z</time>
      </trkpt>
      <trkpt lat="31.113691987748116" lon="121.24776382327593">
        <ele>0.0</ele>
        <time>2025-07-05T12:43:45Z</time>
      </trkpt>
      <trkpt lat="31.11369598250812" lon="121.24779481609455">
        <ele>0.0</ele>
        <time>2025-07-05T12:43:46Z</time>
      </trkpt>
      <trkpt lat="31.113701976930326" lon="121.24781781048384">
        <ele>0.0</ele>
        <time>2025-07-05T12:43:47Z</time>
      </trkpt>
      <trkpt lat="31.113707970628393" lon="121.2478478032849">
        <ele>0.0</ele>
        <time>2025-07-05T12:43:48Z</time>
      </trkpt>
      <trkpt lat="31.113712964740046" lon="121.24787879590606">
        <ele>0.0</ele>
        <time>2025-07-05T12:43:49Z</time>
      </trkpt>
      <trkpt lat="31.113714961287325" lon="121.24790179054855">
        <ele>0.0</ele>
        <time>2025-07-05T12:43:50Z</time>
      </trkpt>
      <trkpt lat="31.11372095488982" lon="121.24793178324009">
        <ele>0.0</ele>
        <time>2025-07-05T12:43:51Z</time>
      </trkpt>
      <trkpt lat="31.113724949452287" lon="121.24796277583239">
        <ele>0.0</ele>
        <time>2025-07-05T12:43:52Z</time>
      </trkpt>
      <trkpt lat="31.11373094372798" lon="121.24798577005376">
        <ele>0.0</ele>
        <time>2025-07-05T12:43:53Z</time>
      </trkpt>
      <trkpt lat="31.113733939632336" lon="121.24800876450503">
        <ele>0.0</ele>
        <time>2025-07-05T12:43:54Z</time>
      </trkpt>
      <trkpt lat="31.113737934212253" lon="121.24803875722567">
        <ele>0.0</ele>
        <time>2025-07-05T12:43:55Z</time>
      </trkpt>
      <trkpt lat="31.113739929748053" lon="121.24806974984241">
        <ele>0.0</ele>
        <time>2025-07-05T12:43:56Z</time>
      </trkpt>
      <trkpt lat="31.113743925139556" lon="121.24809174435983">
        <ele>0.0</ele>
        <time>2025-07-05T12:43:57Z</time>
      </trkpt>
      <trkpt lat="31.11374991841478" lon="121.248122736568">
        <ele>0.0</ele>
        <time>2025-07-05T12:43:58Z</time>
      </trkpt>
      <trkpt lat="31.113752914199633" lon="121.24814573088237">
        <ele>0.0</ele>
        <time>2025-07-05T12:43:59Z</time>
      </trkpt>
      <trkpt lat="31.11375690862368" lon="121.24817572342445">
        <ele>0.0</ele>
        <time>2025-07-05T12:44:00Z</time>
      </trkpt>
      <trkpt lat="31.11376090381275" lon="121.24819871760155">
        <ele>0.0</ele>
        <time>2025-07-05T12:44:01Z</time>
      </trkpt>
      <trkpt lat="31.113766896962208" lon="121.24822970966564">
        <ele>0.0</ele>
        <time>2025-07-05T12:44:02Z</time>
      </trkpt>
      <trkpt lat="31.113770891290706" lon="121.24825970209824">
        <ele>0.0</ele>
        <time>2025-07-05T12:44:03Z</time>
      </trkpt>
      <trkpt lat="31.11377788475788" lon="121.24828269593854">
        <ele>0.0</ele>
        <time>2025-07-05T12:44:04Z</time>
      </trkpt>
      <trkpt lat="31.113781879853654" lon="121.24830569000875">
        <ele>0.0</ele>
        <time>2025-07-05T12:44:05Z</time>
      </trkpt>
      <trkpt lat="31.113785874929373" lon="121.24832868405596">
        <ele>0.0</ele>
        <time>2025-07-05T12:44:06Z</time>
      </trkpt>
      <trkpt lat="31.11378986902515" lon="121.24835967611357">
        <ele>0.0</ele>
        <time>2025-07-05T12:44:07Z</time>
      </trkpt>
      <trkpt lat="31.11379686252616" lon="121.24838167010094">
        <ele>0.0</ele>
        <time>2025-07-05T12:44:08Z</time>
      </trkpt>
      <trkpt lat="31.113800856559656" lon="121.2484126620872">
        <ele>0.0</ele>
        <time>2025-07-05T12:44:09Z</time>
      </trkpt>
      <trkpt lat="31.11380485154209" lon="121.24843565602752">
        <ele>0.0</ele>
        <time>2025-07-05T12:44:10Z</time>
      </trkpt>
      <trkpt lat="31.113806846735358" lon="121.2484656483603">
        <ele>0.0</ele>
        <time>2025-07-05T12:44:11Z</time>
      </trkpt>
      <trkpt lat="31.11380884277064" lon="121.24848864241626">
        <ele>0.0</ele>
        <time>2025-07-05T12:44:12Z</time>
      </trkpt>
      <trkpt lat="31.11381283667838" lon="121.24851963425847">
        <ele>0.0</ele>
        <time>2025-07-05T12:44:13Z</time>
      </trkpt>
      <trkpt lat="31.11381583122658" lon="121.2485496263975">
        <ele>0.0</ele>
        <time>2025-07-05T12:44:14Z</time>
      </trkpt>
      <trkpt lat="31.113819826089568" lon="121.24857262020099">
        <ele>0.0</ele>
        <time>2025-07-05T12:44:15Z</time>
      </trkpt>
      <trkpt lat="31.113819822096694" lon="121.24860361226729">
        <ele>0.0</ele>
        <time>2025-07-05T12:44:16Z</time>
      </trkpt>
      <trkpt lat="31.113819819110695" lon="121.24862660635404">
        <ele>0.0</ele>
        <time>2025-07-05T12:44:17Z</time>
      </trkpt>
      <trkpt lat="31.11382581188863" lon="121.2486565981008">
        <ele>0.0</ele>
        <time>2025-07-05T12:44:18Z</time>
      </trkpt>
      <trkpt lat="31.113829806658337" lon="121.24867959179743">
        <ele>0.0</ele>
        <time>2025-07-05T12:44:19Z</time>
      </trkpt>
      <trkpt lat="31.1138318015741" lon="121.24870958381233">
        <ele>0.0</ele>
        <time>2025-07-05T12:44:20Z</time>
      </trkpt>
      <trkpt lat="31.11383579629761" lon="121.24873257745604">
        <ele>0.0</ele>
        <time>2025-07-05T12:44:21Z</time>
      </trkpt>
      <trkpt lat="31.113835792116703" lon="121.248763569307">
        <ele>0.0</ele>
        <time>2025-07-05T12:44:22Z</time>
      </trkpt>
      <trkpt lat="31.113842785144602" lon="121.2487865626439">
        <ele>0.0</ele>
        <time>2025-07-05T12:44:23Z</time>
      </trkpt>
      <trkpt lat="31.11384877774066" lon="121.24881655418227">
        <ele>0.0</ele>
        <time>2025-07-05T12:44:24Z</time>
      </trkpt>
      <trkpt lat="31.113854771271907" lon="121.24883954755055">
        <ele>0.0</ele>
        <time>2025-07-05T12:44:25Z</time>
      </trkpt>
      <trkpt lat="31.113855766415767" lon="121.24887053917321">
        <ele>0.0</ele>
        <time>2025-07-05T12:44:26Z</time>
      </trkpt>
      <trkpt lat="31.11385776209798" lon="121.24889353282477">
        <ele>0.0</ele>
        <time>2025-07-05T12:44:27Z</time>
      </trkpt>
      <trkpt lat="31.113861755671426" lon="121.2489235243924">
        <ele>0.0</ele>
        <time>2025-07-05T12:44:28Z</time>
      </trkpt>
      <trkpt lat="31.113865750208443" lon="121.24894651782245">
        <ele>0.0</ele>
        <time>2025-07-05T12:44:29Z</time>
      </trkpt>
      <trkpt lat="31.113869744725424" lon="121.24896951122955">
        <ele>0.0</ele>
        <time>2025-07-05T12:44:30Z</time>
      </trkpt>
      <trkpt lat="31.113871739311488" lon="121.24899950286681">
        <ele>0.0</ele>
        <time>2025-07-05T12:44:31Z</time>
      </trkpt>
      <trkpt lat="31.11387673323279" lon="121.2490224961367">
        <ele>0.0</ele>
        <time>2025-07-05T12:44:32Z</time>
      </trkpt>
      <trkpt lat="31.113882725414214" lon="121.24905348709167">
        <ele>0.0</ele>
        <time>2025-07-05T12:44:33Z</time>
      </trkpt>
      <trkpt lat="31.11389071764003" lon="121.24907648005478">
        <ele>0.0</ele>
        <time>2025-07-05T12:44:34Z</time>
      </trkpt>
      <trkpt lat="31.113896710944797" lon="121.24909947316353">
        <ele>0.0</ele>
        <time>2025-07-05T12:44:35Z</time>
      </trkpt>
      <trkpt lat="31.113901703734673" lon="121.24912946437865">
        <ele>0.0</ele>
        <time>2025-07-05T12:44:36Z</time>
      </trkpt>
      <trkpt lat="31.113905698092246" lon="121.24915245760309">
        <ele>0.0</ele>
        <time>2025-07-05T12:44:37Z</time>
      </trkpt>
      <trkpt lat="31.113913689022127" lon="121.24918344821461">
        <ele>0.0</ele>
        <time>2025-07-05T12:44:38Z</time>
      </trkpt>
      <trkpt lat="31.113920681836486" lon="121.249205441415">
        <ele>0.0</ele>
        <time>2025-07-05T12:44:39Z</time>
      </trkpt>
      <trkpt lat="31.11392467490206" lon="121.24923643229242">
        <ele>0.0</ele>
        <time>2025-07-05T12:44:40Z</time>
      </trkpt>
      <trkpt lat="31.11392866916645" lon="121.24925942541009">
        <ele>0.0</ele>
        <time>2025-07-05T12:44:41Z</time>
      </trkpt>
      <trkpt lat="31.113934661225105" lon="121.24928941633267">
        <ele>0.0</ele>
        <time>2025-07-05T12:44:42Z</time>
      </trkpt>
      <trkpt lat="31.11394165379497" lon="121.24931240914458">
        <ele>0.0</ele>
        <time>2025-07-05T12:44:43Z</time>
      </trkpt>
      <trkpt lat="31.113951643438213" lon="121.2493433993723">
        <ele>0.0</ele>
        <time>2025-07-05T12:44:44Z</time>
      </trkpt>
      <trkpt lat="31.11395563760945" lon="121.24936639238321">
        <ele>0.0</ele>
        <time>2025-07-05T12:44:45Z</time>
      </trkpt>
      <trkpt lat="31.113959630645507" lon="121.24939638333515">
        <ele>0.0</ele>
        <time>2025-07-05T12:44:46Z</time>
      </trkpt>
      <trkpt lat="31.11396062513524" lon="121.24942737420862">
        <ele>0.0</ele>
        <time>2025-07-05T12:44:47Z</time>
      </trkpt>
      <trkpt lat="31.113960621431108" lon="121.24945036747293">
        <ele>0.0</ele>
        <time>2025-07-05T12:44:48Z</time>
      </trkpt>
      <trkpt lat="31.113964614371742" lon="121.24948035831558">
        <ele>0.0</ele>
        <time>2025-07-05T12:44:49Z</time>
      </trkpt>
      <trkpt lat="31.113970607324788" lon="121.24950335102123">
        <ele>0.0</ele>
        <time>2025-07-05T12:44:50Z</time>
      </trkpt>
      <trkpt lat="31.113978597842834" lon="121.24953434116077">
        <ele>0.0</ele>
        <time>2025-07-05T12:44:51Z</time>
      </trkpt>
      <trkpt lat="31.113987589266113" lon="121.24955633385764">
        <ele>0.0</ele>
        <time>2025-07-05T12:44:52Z</time>
      </trkpt>
      <trkpt lat="31.114008575075324" lon="121.2495723273146">
        <ele>0.0</ele>
        <time>2025-07-05T12:44:53Z</time>
      </trkpt>
      <trkpt lat="31.114020563482143" lon="121.24960231732413">
        <ele>0.0</ele>
        <time>2025-07-05T12:44:54Z</time>
      </trkpt>
      <trkpt lat="31.114020558279506" lon="121.24963330800499">
        <ele>0.0</ele>
        <time>2025-07-05T12:44:55Z</time>
      </trkpt>
      <trkpt lat="31.11402255329715" lon="121.24965630089525">
        <ele>0.0</ele>
        <time>2025-07-05T12:44:56Z</time>
      </trkpt>
      <trkpt lat="31.11401855039924" lon="121.24968629214432">
        <ele>0.0</ele>
        <time>2025-07-05T12:44:57Z</time>
      </trkpt>
      <trkpt lat="31.114012548394538" lon="121.24971728321808">
        <ele>0.0</ele>
        <time>2025-07-05T12:44:58Z</time>
      </trkpt>
      <trkpt lat="31.114008546635553" lon="121.2497402765304">
        <ele>0.0</ele>
        <time>2025-07-05T12:44:59Z</time>
      </trkpt>
      <trkpt lat="31.114006542543436" lon="121.24977026750165">
        <ele>0.0</ele>
        <time>2025-07-05T12:45:00Z</time>
      </trkpt>
      <trkpt lat="31.114004539639478" lon="121.24979326059251">
        <ele>0.0</ele>
        <time>2025-07-05T12:45:01Z</time>
      </trkpt>
      <trkpt lat="31.11400453561665" lon="121.24981625349187">
        <ele>0.0</ele>
        <time>2025-07-05T12:45:02Z</time>
      </trkpt>
      <trkpt lat="31.114004531573805" lon="121.24983924636828">
        <ele>0.0</ele>
        <time>2025-07-05T12:45:03Z</time>
      </trkpt>
      <trkpt lat="31.11400452892638" lon="121.24985424171012">
        <ele>0.0</ele>
        <time>2025-07-05T12:45:04Z</time>
      </trkpt>
      <trkpt lat="31.114004524850458" lon="121.24987723454868">
        <ele>0.0</ele>
        <time>2025-07-05T12:45:05Z</time>
      </trkpt>
      <trkpt lat="31.114006519655664" lon="121.2499002271957">
        <ele>0.0</ele>
        <time>2025-07-05T12:45:06Z</time>
      </trkpt>
      <trkpt lat="31.11400851444086" lon="121.24992321981979">
        <ele>0.0</ele>
        <time>2025-07-05T12:45:07Z</time>
      </trkpt>
      <trkpt lat="31.114014507008363" lon="121.24994621208376">
        <ele>0.0</ele>
        <time>2025-07-05T12:45:08Z</time>
      </trkpt>
      <trkpt lat="31.11401650320137" lon="121.24996120718745">
        <ele>0.0</ele>
        <time>2025-07-05T12:45:09Z</time>
      </trkpt>
      <trkpt lat="31.114016500484695" lon="121.24997620244997">
        <ele>0.0</ele>
        <time>2025-07-05T12:45:10Z</time>
      </trkpt>
      <trkpt lat="31.114020494104924" lon="121.24999919482974">
        <ele>0.0</ele>
        <time>2025-07-05T12:45:11Z</time>
      </trkpt>
      <trkpt lat="31.11402248880398" lon="121.25002218735517">
        <ele>0.0</ele>
        <time>2025-07-05T12:45:12Z</time>
      </trkpt>
      <trkpt lat="31.11402248458185" lon="121.25004518002629">
        <ele>0.0</ele>
        <time>2025-07-05T12:45:13Z</time>
      </trkpt>
      <trkpt lat="31.114025478691463" lon="121.25006817242159">
        <ele>0.0</ele>
        <time>2025-07-05T12:45:14Z</time>
      </trkpt>
      <trkpt lat="31.11402747481524" lon="121.25008316744598">
        <ele>0.0</ele>
        <time>2025-07-05T12:45:15Z</time>
      </trkpt>
      <trkpt lat="31.11402747054003" lon="121.25010616005633">
        <ele>0.0</ele>
        <time>2025-07-05T12:45:16Z</time>
      </trkpt>
      <trkpt lat="31.114027466244814" lon="121.25012915264375">
        <ele>0.0</ele>
        <time>2025-07-05T12:45:17Z</time>
      </trkpt>
      <trkpt lat="31.11403146123516" lon="121.2501441474599">
        <ele>0.0</ele>
        <time>2025-07-05T12:45:18Z</time>
      </trkpt>
      <trkpt lat="31.114031456906883" lon="121.25016714000947">
        <ele>0.0</ele>
        <time>2025-07-05T12:45:19Z</time>
      </trkpt>
      <trkpt lat="31.114035450360966" lon="121.25019013219891">
        <ele>0.0</ele>
        <time>2025-07-05T12:45:20Z</time>
      </trkpt>
      <trkpt lat="31.114039442461593" lon="121.25022012207944">
        <ele>0.0</ele>
        <time>2025-07-05T12:45:21Z</time>
      </trkpt>
      <trkpt lat="31.114043435869586" lon="121.25024311421609">
        <ele>0.0</ele>
        <time>2025-07-05T12:45:22Z</time>
      </trkpt>
      <trkpt lat="31.114046429806983" lon="121.25026610641413">
        <ele>0.0</ele>
        <time>2025-07-05T12:45:23Z</time>
      </trkpt>
      <trkpt lat="31.114052422076185" lon="121.25028909833635">
        <ele>0.0</ele>
        <time>2025-07-05T12:45:24Z</time>
      </trkpt>
      <trkpt lat="31.114062412127826" lon="121.25031208989847">
        <ele>0.0</ele>
        <time>2025-07-05T12:45:25Z</time>
      </trkpt>
      <trkpt lat="31.114067404906464" lon="121.25033508185918">
        <ele>0.0</ele>
        <time>2025-07-05T12:45:26Z</time>
      </trkpt>
      <trkpt lat="31.114069399313273" lon="121.2503580740499">
        <ele>0.0</ele>
        <time>2025-07-05T12:45:27Z</time>
      </trkpt>
      <trkpt lat="31.11407139232216" lon="121.25038806388078">
        <ele>0.0</ele>
        <time>2025-07-05T12:45:28Z</time>
      </trkpt>
      <trkpt lat="31.114071387781657" lon="121.25041105618733">
        <ele>0.0</ele>
        <time>2025-07-05T12:45:29Z</time>
      </trkpt>
      <trkpt lat="31.114069384319926" lon="121.25043404863958">
        <ele>0.0</ele>
        <time>2025-07-05T12:45:30Z</time>
      </trkpt>
      <trkpt lat="31.114071378640652" lon="121.25045704073172">
        <ele>0.0</ele>
        <time>2025-07-05T12:45:31Z</time>
      </trkpt>
      <trkpt lat="31.114075370438485" lon="121.2504870302654">
        <ele>0.0</ele>
        <time>2025-07-05T12:45:32Z</time>
      </trkpt>
      <trkpt lat="31.114079363614366" lon="121.25051002213617">
        <ele>0.0</ele>
        <time>2025-07-05T12:45:33Z</time>
      </trkpt>
      <trkpt lat="31.114085355671502" lon="121.25053301381543">
        <ele>0.0</ele>
        <time>2025-07-05T12:45:34Z</time>
      </trkpt>
      <trkpt lat="31.114086350455548" lon="121.25055600589333">
        <ele>0.0</ele>
        <time>2025-07-05T12:45:35Z</time>
      </trkpt>
      <trkpt lat="31.114090343571466" lon="121.2505789976954">
        <ele>0.0</ele>
        <time>2025-07-05T12:45:36Z</time>
      </trkpt>
      <trkpt lat="31.114092336329755" lon="121.25060898723929">
        <ele>0.0</ele>
        <time>2025-07-05T12:45:37Z</time>
      </trkpt>
      <trkpt lat="31.114098328300873" lon="121.25063197882">
        <ele>0.0</ele>
        <time>2025-07-05T12:45:38Z</time>
      </trkpt>
      <trkpt lat="31.114102321350757" lon="121.25065497054642">
        <ele>0.0</ele>
        <time>2025-07-05T12:45:39Z</time>
      </trkpt>
      <trkpt lat="31.11410931273256" lon="121.25067796199706">
        <ele>0.0</ele>
        <time>2025-07-05T12:45:40Z</time>
      </trkpt>
      <trkpt lat="31.114113305742492" lon="121.2507009536777">
        <ele>0.0</ele>
        <time>2025-07-05T12:45:41Z</time>
      </trkpt>
      <trkpt lat="31.114121294856364" lon="121.25073194220853">
        <ele>0.0</ele>
        <time>2025-07-05T12:45:42Z</time>
      </trkpt>
      <trkpt lat="31.114125288030223" lon="121.2507539341853">
        <ele>0.0</ele>
        <time>2025-07-05T12:45:43Z</time>
      </trkpt>
      <trkpt lat="31.11413227763143" lon="121.25078492272934">
        <ele>0.0</ele>
        <time>2025-07-05T12:45:44Z</time>
      </trkpt>
      <trkpt lat="31.11413627054843" lon="121.25080791430352">
        <ele>0.0</ele>
        <time>2025-07-05T12:45:45Z</time>
      </trkpt>
      <trkpt lat="31.11414026194849" lon="121.25083790338157">
        <ele>0.0</ele>
        <time>2025-07-05T12:45:46Z</time>
      </trkpt>
      <trkpt lat="31.114144254819458" lon="121.25086089490301">
        <ele>0.0</ele>
        <time>2025-07-05T12:45:47Z</time>
      </trkpt>
      <trkpt lat="31.11414724649281" lon="121.25089188364079">
        <ele>0.0</ele>
        <time>2025-07-05T12:45:48Z</time>
      </trkpt>
      <trkpt lat="31.114151239316882" lon="121.25091487510852">
        <ele>0.0</ele>
        <time>2025-07-05T12:45:49Z</time>
      </trkpt>
      <trkpt lat="31.1141572310223" lon="121.25093786638477">
        <ele>0.0</ele>
        <time>2025-07-05T12:45:50Z</time>
      </trkpt>
      <trkpt lat="31.114159223373775" lon="121.25096785546276">
        <ele>0.0</ele>
        <time>2025-07-05T12:45:51Z</time>
      </trkpt>
      <trkpt lat="31.114165215033182" lon="121.25099084668628">
        <ele>0.0</ele>
        <time>2025-07-05T12:45:52Z</time>
      </trkpt>
      <trkpt lat="31.114165209968643" lon="121.25101383839278">
        <ele>0.0</ele>
        <time>2025-07-05T12:45:53Z</time>
      </trkpt>
      <trkpt lat="31.114168201684695" lon="121.25104382728786">
        <ele>0.0</ele>
        <time>2025-07-05T12:45:54Z</time>
      </trkpt>
      <trkpt lat="31.11416719712346" lon="121.25106681902595">
        <ele>0.0</ele>
        <time>2025-07-05T12:45:55Z</time>
      </trkpt>
      <trkpt lat="31.114170188555697" lon="121.25109780748761">
        <ele>0.0</ele>
        <time>2025-07-05T12:45:56Z</time>
      </trkpt>
      <trkpt lat="31.114170183398237" lon="121.2511207990877">
        <ele>0.0</ele>
        <time>2025-07-05T12:45:57Z</time>
      </trkpt>
      <trkpt lat="31.114172175542432" lon="121.25115078792832">
        <ele>0.0</ele>
        <time>2025-07-05T12:45:58Z</time>
      </trkpt>
      <trkpt lat="31.114172170338954" lon="121.25117377947574">
        <ele>0.0</ele>
        <time>2025-07-05T12:45:59Z</time>
      </trkpt>
      <trkpt lat="31.114176162918184" lon="121.25119677066304">
        <ele>0.0</ele>
        <time>2025-07-05T12:46:00Z</time>
      </trkpt>
      <trkpt lat="31.114178154747634" lon="121.25122775903482">
        <ele>0.0</ele>
        <time>2025-07-05T12:46:01Z</time>
      </trkpt>
      <trkpt lat="31.114184146410906" lon="121.25124975037116">
        <ele>0.0</ele>
        <time>2025-07-05T12:46:02Z</time>
      </trkpt>
      <trkpt lat="31.114186140022834" lon="121.25127274165155">
        <ele>0.0</ele>
        <time>2025-07-05T12:46:03Z</time>
      </trkpt>
      <trkpt lat="31.11419113011541" lon="121.25130372966858">
        <ele>0.0</ele>
        <time>2025-07-05T12:46:04Z</time>
      </trkpt>
      <trkpt lat="31.114193123680476" lon="121.2513267208953">
        <ele>0.0</ele>
        <time>2025-07-05T12:46:05Z</time>
      </trkpt>
      <trkpt lat="31.11419911502831" lon="121.25134971176193">
        <ele>0.0</ele>
        <time>2025-07-05T12:46:06Z</time>
      </trkpt>
      <trkpt lat="31.11420310745483" lon="121.25137270277433">
        <ele>0.0</ele>
        <time>2025-07-05T12:46:07Z</time>
      </trkpt>
      <trkpt lat="31.114207100096433" lon="121.25139469414144">
        <ele>0.0</ele>
        <time>2025-07-05T12:46:08Z</time>
      </trkpt>
      <trkpt lat="31.1142090916943" lon="121.251425682248">
        <ele>0.0</ele>
        <time>2025-07-05T12:46:09Z</time>
      </trkpt>
      <trkpt lat="31.11421108515351" lon="121.2514486733535">
        <ele>0.0</ele>
        <time>2025-07-05T12:46:10Z</time>
      </trkpt>
      <trkpt lat="31.114214078043464" lon="121.25147166435184">
        <ele>0.0</ele>
        <time>2025-07-05T12:46:11Z</time>
      </trkpt>
      <trkpt lat="31.11422006926555" lon="121.25149465507441">
        <ele>0.0</ele>
        <time>2025-07-05T12:46:12Z</time>
      </trkpt>
      <trkpt lat="31.11422206098642" lon="121.25152464343027">
        <ele>0.0</ele>
        <time>2025-07-05T12:46:13Z</time>
      </trkpt>
      <trkpt lat="31.114226051333677" lon="121.25155563119415">
        <ele>0.0</ele>
        <time>2025-07-05T12:46:14Z</time>
      </trkpt>
      <trkpt lat="31.114226045778736" lon="121.25157862233914">
        <ele>0.0</ele>
        <time>2025-07-05T12:46:15Z</time>
      </trkpt>
      <trkpt lat="31.11422603850318" lon="121.2516086107548">
        <ele>0.0</ele>
        <time>2025-07-05T12:46:16Z</time>
      </trkpt>
      <trkpt lat="31.114228031803663" lon="121.25163160167854">
        <ele>0.0</ele>
        <time>2025-07-05T12:46:17Z</time>
      </trkpt>
      <trkpt lat="31.114232023985604" lon="121.25165459241082">
        <ele>0.0</ele>
        <time>2025-07-05T12:46:18Z</time>
      </trkpt>
      <trkpt lat="31.114233016074778" lon="121.25168458064373">
        <ele>0.0</ele>
        <time>2025-07-05T12:46:19Z</time>
      </trkpt>
      <trkpt lat="31.114237008210768" lon="121.25170757132338">
        <ele>0.0</ele>
        <time>2025-07-05T12:46:20Z</time>
      </trkpt>
      <trkpt lat="31.11423900142541" lon="121.25173056214882">
        <ele>0.0</ele>
        <time>2025-07-05T12:46:21Z</time>
      </trkpt>
      <trkpt lat="31.114244990433328" lon="121.2517615494684">
        <ele>0.0</ele>
        <time>2025-07-05T12:46:22Z</time>
      </trkpt>
      <trkpt lat="31.11424898250258" lon="121.25178454007161">
        <ele>0.0</ele>
        <time>2025-07-05T12:46:23Z</time>
      </trkpt>
      <trkpt lat="31.114252972796876" lon="121.25181452788325">
        <ele>0.0</ele>
        <time>2025-07-05T12:46:24Z</time>
      </trkpt>
      <trkpt lat="31.114255965369487" lon="121.25183751851817">
        <ele>0.0</ele>
        <time>2025-07-05T12:46:25Z</time>
      </trkpt>
      <trkpt lat="31.114261956274312" lon="121.25186050887733">
        <ele>0.0</ele>
        <time>2025-07-05T12:46:26Z</time>
      </trkpt>
      <trkpt lat="31.11426394935635" lon="121.2518834995509">
        <ele>0.0</ele>
        <time>2025-07-05T12:46:27Z</time>
      </trkpt>
      <trkpt lat="31.114269938440184" lon="121.25191348706578">
        <ele>0.0</ele>
        <time>2025-07-05T12:46:28Z</time>
      </trkpt>
      <trkpt lat="31.11427393037774" lon="121.25193647751814">
        <ele>0.0</ele>
        <time>2025-07-05T12:46:29Z</time>
      </trkpt>
      <trkpt lat="31.114278921746095" lon="121.25195946786336">
        <ele>0.0</ele>
        <time>2025-07-05T12:46:30Z</time>
      </trkpt>
      <trkpt lat="31.114284912545266" lon="121.25198245810145">
        <ele>0.0</ele>
        <time>2025-07-05T12:46:31Z</time>
      </trkpt>
      <trkpt lat="31.114290903324523" lon="121.25200544831672">
        <ele>0.0</ele>
        <time>2025-07-05T12:46:32Z</time>
      </trkpt>
      <trkpt lat="31.11429489336908" lon="121.25203543584233">
        <ele>0.0</ele>
        <time>2025-07-05T12:46:33Z</time>
      </trkpt>
      <trkpt lat="31.114297885750236" lon="121.25205842625797">
        <ele>0.0</ele>
        <time>2025-07-05T12:46:34Z</time>
      </trkpt>
      <trkpt lat="31.11430387646369" lon="121.25208141639786">
        <ele>0.0</ele>
        <time>2025-07-05T12:46:35Z</time>
      </trkpt>
      <trkpt lat="31.114309865061824" lon="121.25211240324799">
        <ele>0.0</ele>
        <time>2025-07-05T12:46:36Z</time>
      </trkpt>
      <trkpt lat="31.114315855728538" lon="121.25213539333431">
        <ele>0.0</ele>
        <time>2025-07-05T12:46:37Z</time>
      </trkpt>
      <trkpt lat="31.114324844727605" lon="121.2521583831449">
        <ele>0.0</ele>
        <time>2025-07-05T12:46:38Z</time>
      </trkpt>
      <trkpt lat="31.11433083561918" lon="121.2521803735971">
        <ele>0.0</ele>
        <time>2025-07-05T12:46:39Z</time>
      </trkpt>
      <trkpt lat="31.11433682410183" lon="121.25221136031492">
        <ele>0.0</ele>
        <time>2025-07-05T12:46:40Z</time>
      </trkpt>
      <trkpt lat="31.11433681797833" lon="121.25223435080895">
        <ele>0.0</ele>
        <time>2025-07-05T12:46:41Z</time>
      </trkpt>
      <trkpt lat="31.11433680996123" lon="121.25226433837558">
        <ele>0.0</ele>
        <time>2025-07-05T12:46:42Z</time>
      </trkpt>
      <trkpt lat="31.114337803242595" lon="121.25228732873276">
        <ele>0.0</ele>
        <time>2025-07-05T12:46:43Z</time>
      </trkpt>
      <trkpt lat="31.11433979595481" lon="121.25231031898282">
        <ele>0.0</ele>
        <time>2025-07-05T12:46:44Z</time>
      </trkpt>
      <trkpt lat="31.114347783187295" lon="121.25234130535831">
        <ele>0.0</ele>
        <time>2025-07-05T12:46:45Z</time>
      </trkpt>
      <trkpt lat="31.114351774754297" lon="121.25236429538622">
        <ele>0.0</ele>
        <time>2025-07-05T12:46:46Z</time>
      </trkpt>
      <trkpt lat="31.114357765475354" lon="121.25238628564308">
        <ele>0.0</ele>
        <time>2025-07-05T12:46:47Z</time>
      </trkpt>
      <trkpt lat="31.114364755355748" lon="121.25240927537345">
        <ele>0.0</ele>
        <time>2025-07-05T12:46:48Z</time>
      </trkpt>
      <trkpt lat="31.114370745765484" lon="121.25243226516535">
        <ele>0.0</ele>
        <time>2025-07-05T12:46:49Z</time>
      </trkpt>
      <trkpt lat="31.114378735056896" lon="121.25245525476582">
        <ele>0.0</ele>
        <time>2025-07-05T12:46:50Z</time>
      </trkpt>
      <trkpt lat="31.11438372597608" lon="121.25247824459645">
        <ele>0.0</ele>
        <time>2025-07-05T12:46:51Z</time>
      </trkpt>
      <trkpt lat="31.114387719637154" lon="121.25249323788965">
        <ele>0.0</ele>
        <time>2025-07-05T12:46:52Z</time>
      </trkpt>
      <trkpt lat="31.11439370997427" lon="121.25251622759832">
        <ele>0.0</ele>
        <time>2025-07-05T12:46:53Z</time>
      </trkpt>
      <trkpt lat="31.11439770138992" lon="121.25253921745283">
        <ele>0.0</ele>
        <time>2025-07-05T12:46:54Z</time>
      </trkpt>
      <trkpt lat="31.114400693334883" lon="121.25256220736887">
        <ele>0.0</ele>
        <time>2025-07-05T12:46:55Z</time>
      </trkpt>
      <trkpt lat="31.11440668361234" lon="121.25258519700918">
        <ele>0.0</ele>
        <time>2025-07-05T12:46:56Z</time>
      </trkpt>
      <trkpt lat="31.11441067496832" lon="121.25260818679534">
        <ele>0.0</ele>
        <time>2025-07-05T12:46:57Z</time>
      </trkpt>
      <trkpt lat="31.114414666304413" lon="121.25263117655872">
        <ele>0.0</ele>
        <time>2025-07-05T12:46:58Z</time>
      </trkpt>
      <trkpt lat="31.114420656522228" lon="121.2526541661307">
        <ele>0.0</ele>
        <time>2025-07-05T12:46:59Z</time>
      </trkpt>
      <trkpt lat="31.114425647552682" lon="121.25267615619707">
        <ele>0.0</ele>
        <time>2025-07-05T12:47:00Z</time>
      </trkpt>
      <trkpt lat="31.11443163545706" lon="121.25270714225248">
        <ele>0.0</ele>
        <time>2025-07-05T12:47:01Z</time>
      </trkpt>
      <trkpt lat="31.11443562670757" lon="121.25273013191783">
        <ele>0.0</ele>
        <time>2025-07-05T12:47:02Z</time>
      </trkpt>
      <trkpt lat="31.114439617938203" lon="121.2527531215604">
        <ele>0.0</ele>
        <time>2025-07-05T12:47:03Z</time>
      </trkpt>
      <trkpt lat="31.114444606589405" lon="121.25278310803483">
        <ele>0.0</ele>
        <time>2025-07-05T12:47:04Z</time>
      </trkpt>
      <trkpt lat="31.11445059667587" lon="121.2528060974563">
        <ele>0.0</ele>
        <time>2025-07-05T12:47:05Z</time>
      </trkpt>
      <trkpt lat="31.114454585527174" lon="121.25283708350689">
        <ele>0.0</ele>
        <time>2025-07-05T12:47:06Z</time>
      </trkpt>
      <trkpt lat="31.114462574468632" lon="121.25286007270628">
        <ele>0.0</ele>
        <time>2025-07-05T12:47:07Z</time>
      </trkpt>
      <trkpt lat="31.11446556409758" lon="121.25289005921121">
        <ele>0.0</ele>
        <time>2025-07-05T12:47:08Z</time>
      </trkpt>
      <trkpt lat="31.114471554091615" lon="121.25291304852678">
        <ele>0.0</ele>
        <time>2025-07-05T12:47:09Z</time>
      </trkpt>
      <trkpt lat="31.11447354626245" lon="121.25293603815689">
        <ele>0.0</ele>
        <time>2025-07-05T12:47:10Z</time>
      </trkpt>
      <trkpt lat="31.11447753525657" lon="121.2529660244794">
        <ele>0.0</ele>
        <time>2025-07-05T12:47:11Z</time>
      </trkpt>
      <trkpt lat="31.114479525019853" lon="121.25299701048522">
        <ele>0.0</ele>
        <time>2025-07-05T12:47:12Z</time>
      </trkpt>
      <trkpt lat="31.114483516019785" lon="121.25301999986357">
        <ele>0.0</ele>
        <time>2025-07-05T12:47:13Z</time>
      </trkpt>
      <trkpt lat="31.11448450656673" lon="121.25304998633067">
        <ele>0.0</ele>
        <time>2025-07-05T12:47:14Z</time>
      </trkpt>
      <trkpt lat="31.114490496422558" lon="121.25307297548795">
        <ele>0.0</ele>
        <time>2025-07-05T12:47:15Z</time>
      </trkpt>
      <trkpt lat="31.11449448735685" lon="121.25309596479113">
        <ele>0.0</ele>
        <time>2025-07-05T12:47:16Z</time>
      </trkpt>
      <trkpt lat="31.114498475870466" lon="121.253126950455">
        <ele>0.0</ele>
        <time>2025-07-05T12:47:17Z</time>
      </trkpt>
      <trkpt lat="31.114498468954736" lon="121.25314994004206">
        <ele>0.0</ele>
        <time>2025-07-05T12:47:18Z</time>
      </trkpt>
      <trkpt lat="31.114500458806056" lon="121.25317992625715">
        <ele>0.0</ele>
        <time>2025-07-05T12:47:19Z</time>
      </trkpt>
      <trkpt lat="31.1145054490988" lon="121.25320291537021">
        <ele>0.0</ele>
        <time>2025-07-05T12:47:20Z</time>
      </trkpt>
      <trkpt lat="31.11451143638959" lon="121.25323390072285">
        <ele>0.0</ele>
        <time>2025-07-05T12:47:21Z</time>
      </trkpt>
      <trkpt lat="31.114515425048026" lon="121.25326388666099">
        <ele>0.0</ele>
        <time>2025-07-05T12:47:22Z</time>
      </trkpt>
      <trkpt lat="31.11452541252258" lon="121.25328687526941">
        <ele>0.0</ele>
        <time>2025-07-05T12:47:23Z</time>
      </trkpt>
      <trkpt lat="31.11452840167049" lon="121.25331686122352">
        <ele>0.0</ele>
        <time>2025-07-05T12:47:24Z</time>
      </trkpt>
      <trkpt lat="31.114532392394157" lon="121.25333985028549">
        <ele>0.0</ele>
        <time>2025-07-05T12:47:25Z</time>
      </trkpt>
      <trkpt lat="31.11453038391868" lon="121.2533708361302">
        <ele>0.0</ele>
        <time>2025-07-05T12:47:26Z</time>
      </trkpt>
      <trkpt lat="31.11453437242289" lon="121.25340082189173">
        <ele>0.0</ele>
        <time>2025-07-05T12:47:27Z</time>
      </trkpt>
      <trkpt lat="31.11453636417233" lon="121.25342381103934">
        <ele>0.0</ele>
        <time>2025-07-05T12:47:28Z</time>
      </trkpt>
      <trkpt lat="31.11454634900958" lon="121.25345479576035">
        <ele>0.0</ele>
        <time>2025-07-05T12:47:29Z</time>
      </trkpt>
      <trkpt lat="31.114548338517523" lon="121.25348478158227">
        <ele>0.0</ele>
        <time>2025-07-05T12:47:30Z</time>
      </trkpt>
      <trkpt lat="31.11455332854712" lon="121.25350777039394">
        <ele>0.0</ele>
        <time>2025-07-05T12:47:31Z</time>
      </trkpt>
      <trkpt lat="31.114557316581493" lon="121.25353875550904">
        <ele>0.0</ele>
        <time>2025-07-05T12:47:32Z</time>
      </trkpt>
      <trkpt lat="31.114561304896682" lon="121.25356874105412">
        <ele>0.0</ele>
        <time>2025-07-05T12:47:33Z</time>
      </trkpt>
      <trkpt lat="31.11456329395838" lon="121.25359972625668">
        <ele>0.0</ele>
        <time>2025-07-05T12:47:34Z</time>
      </trkpt>
      <trkpt lat="31.114567284437932" lon="121.2536227150391">
        <ele>0.0</ele>
        <time>2025-07-05T12:47:35Z</time>
      </trkpt>
      <trkpt lat="31.114569273756867" lon="121.25365270064465">
        <ele>0.0</ele>
        <time>2025-07-05T12:47:36Z</time>
      </trkpt>
      <trkpt lat="31.114549277369566" lon="121.25367569139847">
        <ele>0.0</ele>
        <time>2025-07-05T12:47:37Z</time>
      </trkpt>
      <trkpt lat="31.114565253784757" lon="121.253721668116">
        <ele>0.0</ele>
        <time>2025-07-05T12:47:38Z</time>
      </trkpt>
      <trkpt lat="31.1145782317681" lon="121.25376764499569">
        <ele>0.0</ele>
        <time>2025-07-05T12:47:39Z</time>
      </trkpt>
      <trkpt lat="31.114538263768225" lon="121.2537366632209">
        <ele>0.0</ele>
        <time>2025-07-05T12:47:40Z</time>
      </trkpt>
      <trkpt lat="31.11452727948601" lon="121.2537066784824">
        <ele>0.0</ele>
        <time>2025-07-05T12:47:41Z</time>
      </trkpt>
      <trkpt lat="31.114521294990332" lon="121.25366869708921">
        <ele>0.0</ele>
        <time>2025-07-05T12:47:42Z</time>
      </trkpt>
      <trkpt lat="31.114517307107175" lon="121.2536377121471">
        <ele>0.0</ele>
        <time>2025-07-05T12:47:43Z</time>
      </trkpt>
      <trkpt lat="31.11451331918799" lon="121.25360672716376">
        <ele>0.0</ele>
        <time>2025-07-05T12:47:44Z</time>
      </trkpt>
      <trkpt lat="31.114513331254997" lon="121.25356874510155">
        <ele>0.0</ele>
        <time>2025-07-05T12:47:45Z</time>
      </trkpt>
      <trkpt lat="31.11450934293991" lon="121.25353875955645">
        <ele>0.0</ele>
        <time>2025-07-05T12:47:46Z</time>
      </trkpt>
      <trkpt lat="31.1145063543565" lon="121.25350777435702">
        <ele>0.0</ele>
        <time>2025-07-05T12:47:47Z</time>
      </trkpt>
      <trkpt lat="31.114496367072793" lon="121.25348478596695">
        <ele>0.0</ele>
        <time>2025-07-05T12:47:48Z</time>
      </trkpt>
      <trkpt lat="31.11448337640675" lon="121.25347779033544">
        <ele>0.0</ele>
        <time>2025-07-05T12:47:49Z</time>
      </trkpt>
      <trkpt lat="31.11446538879796" lon="121.25346979559042">
        <ele>0.0</ele>
        <time>2025-07-05T12:47:50Z</time>
      </trkpt>
      <trkpt lat="31.114448398133952" lon="121.25346979702385">
        <ele>0.0</ele>
        <time>2025-07-05T12:47:51Z</time>
      </trkpt>
      <trkpt lat="31.114427407160658" lon="121.25347779505738">
        <ele>0.0</ele>
        <time>2025-07-05T12:47:52Z</time>
      </trkpt>
      <trkpt lat="31.114408415400508" lon="121.25348479338714">
        <ele>0.0</ele>
        <time>2025-07-05T12:47:53Z</time>
      </trkpt>
      <trkpt lat="31.11438942081163" lon="121.25350078750175">
        <ele>0.0</ele>
        <time>2025-07-05T12:47:54Z</time>
      </trkpt>
      <trkpt lat="31.11436843014429" lon="121.25350778599325">
        <ele>0.0</ele>
        <time>2025-07-05T12:47:55Z</time>
      </trkpt>
      <trkpt lat="31.114347436640504" lon="121.2535237802607">
        <ele>0.0</ele>
        <time>2025-07-05T12:47:56Z</time>
      </trkpt>
      <trkpt lat="31.114326445967613" lon="121.25353077874529">
        <ele>0.0</ele>
        <time>2025-07-05T12:47:57Z</time>
      </trkpt>
      <trkpt lat="31.114305454977433" lon="121.25353877675785">
        <ele>0.0</ele>
        <time>2025-07-05T12:47:58Z</time>
      </trkpt>
      <trkpt lat="31.114282465399633" lon="121.25354577540658">
        <ele>0.0</ele>
        <time>2025-07-05T12:47:59Z</time>
      </trkpt>
      <trkpt lat="31.11425647968091" lon="121.2535457775989">
        <ele>0.0</ele>
        <time>2025-07-05T12:48:00Z</time>
      </trkpt>
      <trkpt lat="31.114227495610468" lon="121.25354578004418">
        <ele>0.0</ele>
        <time>2025-07-05T12:48:01Z</time>
      </trkpt>
      <trkpt lat="31.114202506814202" lon="121.25355377838886">
        <ele>0.0</ele>
        <time>2025-07-05T12:48:02Z</time>
      </trkpt>
      <trkpt lat="31.114177518015882" lon="121.25356177673082">
        <ele>0.0</ele>
        <time>2025-07-05T12:48:03Z</time>
      </trkpt>
      <trkpt lat="31.114154528433673" lon="121.25356877537263">
        <ele>0.0</ele>
        <time>2025-07-05T12:48:04Z</time>
      </trkpt>
      <trkpt lat="31.114130541618078" lon="121.25356877739631">
        <ele>0.0</ele>
        <time>2025-07-05T12:48:05Z</time>
      </trkpt>
      <trkpt lat="31.114105552816255" lon="121.2535767757331">
        <ele>0.0</ele>
        <time>2025-07-05T12:48:06Z</time>
      </trkpt>
      <trkpt lat="31.11408056655069" lon="121.25357677784109">
        <ele>0.0</ele>
        <time>2025-07-05T12:48:07Z</time>
      </trkpt>
      <trkpt lat="31.11405757664836" lon="121.2535847760065">
        <ele>0.0</ele>
        <time>2025-07-05T12:48:08Z</time>
      </trkpt>
      <trkpt lat="31.114032590383463" lon="121.2535847781145">
        <ele>0.0</ele>
        <time>2025-07-05T12:48:09Z</time>
      </trkpt>
      <trkpt lat="31.11400960079706" lon="121.25359177674939">
        <ele>0.0</ele>
        <time>2025-07-05T12:48:10Z</time>
      </trkpt>
      <trkpt lat="31.113988607565325" lon="121.25360677143205">
        <ele>0.0</ele>
        <time>2025-07-05T12:48:11Z</time>
      </trkpt>
      <trkpt lat="31.11396961290766" lon="121.25362276546288">
        <ele>0.0</ele>
        <time>2025-07-05T12:48:12Z</time>
      </trkpt>
      <trkpt lat="31.113952617461127" lon="121.25363775978828">
        <ele>0.0</ele>
        <time>2025-07-05T12:48:13Z</time>
      </trkpt>
      <trkpt lat="31.113935619445204" lon="121.25366075030401">
        <ele>0.0</ele>
        <time>2025-07-05T12:48:14Z</time>
      </trkpt>
      <trkpt lat="31.11392062287867" lon="121.25367574443632">
        <ele>0.0</ele>
        <time>2025-07-05T12:48:15Z</time>
      </trkpt>
      <trkpt lat="31.113908622082878" lon="121.25369873449294">
        <ele>0.0</ele>
        <time>2025-07-05T12:48:16Z</time>
      </trkpt>
      <trkpt lat="31.113901618519904" lon="121.25372172410526">
        <ele>0.0</ele>
        <time>2025-07-05T12:48:17Z</time>
      </trkpt>
      <trkpt lat="31.113897611023685" lon="121.25375171008942">
        <ele>0.0</ele>
        <time>2025-07-05T12:48:18Z</time>
      </trkpt>
      <trkpt lat="31.113893605766595" lon="121.25377469939647">
        <ele>0.0</ele>
        <time>2025-07-05T12:48:19Z</time>
      </trkpt>
      <trkpt lat="31.11389159939071" lon="121.2537976885122">
        <ele>0.0</ele>
        <time>2025-07-05T12:48:20Z</time>
      </trkpt>
      <trkpt lat="31.1138895956041" lon="121.25381268146018">
        <ele>0.0</ele>
        <time>2025-07-05T12:48:21Z</time>
      </trkpt>
      <trkpt lat="31.11388559029445" lon="121.25383567070705">
        <ele>0.0</ele>
        <time>2025-07-05T12:48:22Z</time>
      </trkpt>
      <trkpt lat="31.113883583866002" lon="121.25385865976261">
        <ele>0.0</ele>
        <time>2025-07-05T12:48:23Z</time>
      </trkpt>
      <trkpt lat="31.11388257686824" lon="121.25388164871114">
        <ele>0.0</ele>
        <time>2025-07-05T12:48:24Z</time>
      </trkpt>
      <trkpt lat="31.113880573034425" lon="121.25389664160508">
        <ele>0.0</ele>
        <time>2025-07-05T12:48:25Z</time>
      </trkpt>
    </trkseg>
  </trk>
</gpx>